delivery_id,order_id,driver_id,vehicle_id,hub_id,dispatch_time,delivery_completed_at,delivery_status,route_distance_km,manual_route_override_count,proof_of_completion_missing,customer_rating_post_delivery,fuel_or_charge_cost,delivery_duration_minutes,promised_window_hours,promised_window_minutes,is_delayed,is_failed,customer_id,service_type,order_created_at,pickup_zone,dropoff_zone,priority_level,order_value,booking_channel,special_handling_flag,age,home_zone,customer_type,signup_date,loyalty_score,app_engagement_score,preferred_channel,account_status,base_zone,employment_type,years_experience,training_score,driver_rating,shift_preference,active_flag,vehicle_type,assigned_zone,commission_date,battery_health_pct,odometer_km,maintenance_status,telematics_version,high_risk_vehicle,hub_name,zone,hub_type,capacity_score
DL00001,O00938,D004,V056,H05,2024-06-18 10:57:00,2024-06-19 09:05:59.904311,failed,17.26,1,0,3.07,12.05,1328.9984051833335,6,360,1,1,C0567,business,2024-06-18 09:48:00,central,central,medium,151.14,web,0,74,east,consumer,2024-02-18 04:31:00,79.7,64.9,app,active,airport,parttime,13,88.9,4.75,morning,1,ev,central,2024-06-09 16:18:00,78.4,29849,active,v2.2,0,Central Core,central,control,88
DL00003,O00639,D006,V049,H02,2025-06-02 20:39:00,2025-06-02 21:45:32.366770,ontime,7.92,0,0,4.98,8.51,66.53944616666666,2,120,0,0,C0480,medical,2025-06-02 19:12:00,central,north,medium,141.93,web,0,26,north,enterprise,2025-03-02 00:55:00,67.6,49.6,app,dormant,central,fulltime,8,78.8,4.38,flexible,1,diesel,east,2025-12-09 16:47:00,55.9,15278,active,v2.2,1,South Link,south,dispatch,78
DL00004,O00313,D116,V055,H02,2024-03-08 23:31:00,2024-03-09 23:30:08.103702,delayed,16.42,0,0,4.18,13.62,1439.1350616999998,24,1440,0,0,C0616,medical,2024-03-08 20:58:00,south,north,low,11.11,app,0,49,riverside,consumer,2024-11-30 06:56:00,65.9,78.2,phone,active,central,fulltime,4,58.2,4.19,morning,1,hybrid,east,2025-06-05 13:40:00,83.3,85635,active,v2.1,0,South Link,south,dispatch,78
DL00005,O00844,D108,V034,H01,2025-09-21 11:43:00,2025-09-21 15:45:34.131056,ontime,14.52,1,0,4.18,9.22,242.56885093333332,6,360,0,0,C0276,medical,2025-09-21 09:29:00,riverside,riverside,high,76.02,app,0,47,south,consumer,2024-11-15 02:59:00,66.9,76.6,app,active,south,fulltime,10,70.6,4.33,morning,1,ev,riverside,2025-05-24 09:58:00,94.2,210683,inrepair,v2.0,1,North Exchange,north,dispatch,82
DL00006,O00029,D037,V098,H03,2024-09-11 12:40:00,2024-09-12 17:11:52.384869,delayed,13.84,0,0,1.57,9.58,1711.87308115,24,1440,1,0,C0366,medical,2024-09-11 12:22:00,east,ctr,medium,190.94,web,0,70,south,consumer,2025-12-22 20:19:00,59.6,51.2,phone,dormant,north,parttime,7,63.9,4.67,morning,1,diesel,west,2025-12-29 15:01:00,69.7,73011,active,v2.1,1,East Dock,east,warehouse,74
DL00007,O00097,D151,V037,H07,2024-01-09 13:41:00,2024-01-10 23:39:11.072850,delayed,32.72,0,0,4.64,17.7,2038.1845475,24,1440,1,0,C0303,parcel,2024-01-09 11:58:00,airport,airport,medium,72.64,app,1,66,north,consumer,2025-10-12 04:15:00,76.7,70.4,web,active,east,fulltime,2,71.3,4.69,flexible,1,cargovan,south,2025-06-13 23:43:00,56.6,52146,inrepair,v1.9,1,Riverside Hub,riverside,warehouse,66
DL00008,O00207,D082,V066,H03,2024-08-22 21:34:00,2024-08-22 23:22:21.531162,ontime,7.16,1,0,3.76,11.66,108.3588527,6,360,0,0,C0023,business,2024-08-22 19:33:00,ctr,riverside,medium,80.33,app,0,52,south,consumer,2025-06-28 13:49:00,73.1,45.2,web,active,west,parttime,14,74.1,4.63,evening,1,hybrid,north,2024-04-10 18:00:00,77.7,98535,scheduled,v2.2,0,East Dock,east,warehouse,74
DL00009,O00297,D088,V029,H05,2024-04-12 21:33:00,2024-04-13 01:18:52.673288,ontime,40.23,1,0,3.7,15.78,225.87788813333333,6,360,0,0,C0560,passenger,2024-04-12 20:51:00,airport,riverside,low,151.53,web,0,29,north,sme,2025-06-12 08:19:00,59.0,56.2,web,active,riverside,contract,4,84.3,4.17,morning,1,ev,north,2024-12-04 10:53:00,,130270,active,v2.0,0,Central Core,central,control,88
DL00010,O00836,D058,V057,H08,2025-09-22 19:09:00,2025-09-23 01:15:29.151459,failed,9.85,1,0,3.2,9.31,366.48585765,6,360,1,1,C0186,passenger,2025-09-22 16:20:00,south,north,low,45.9,app,1,56,east,consumer,2024-03-15 08:01:00,57.5,57.8,phone,dormant,airport,fulltime,9,82.7,4.27,flexible,1,ev,riverside,2025-06-07 06:32:00,76.0,160770,inrepair,v2.0,1,Midtown Relay,central,charging,63
DL00012,O01207,D051,V017,H05,2024-12-26 19:41:00,2024-12-27 09:26:05.387672,failed,16.96,3,0,4.04,16.98,825.0897945333332,6,360,1,1,C0197,business,2024-12-26 18:58:00,central,riverside,medium,321.68,app,0,29,riverside,consumer,2024-11-08 16:48:00,58.4,62.0,app,active,west,fulltime,3,75.4,3.58,evening,1,hybrid,riverside,2024-04-23 12:54:00,82.4,169703,inrepair,v2.2,1,Central Core,central,control,88
DL00013,O01031,D105,V085,H04,2025-01-26 08:29:00,2025-01-26 10:33:30.834127,ontime,6.01,2,0,3.96,11.52,124.51390211666667,6,360,0,0,C0578,business,2025-01-26 05:55:00,east,central,medium,80.04,web,0,63,ctr,sme,2024-06-01 14:06:00,74.1,46.0,app,active,riverside,contract,2,82.0,3.71,morning,1,cargovan,south,2025-09-30 12:01:00,87.3,145652,active,v2.1,0,West Gate,west,dispatch,69
DL00014,O00725,D102,V008,H05,2024-05-07 12:40:00,2024-05-07 20:50:43.795700,ontime,16.46,0,0,3.67,11.74,490.7299283333333,12,720,0,0,C0153,passenger,2024-05-07 09:57:00,east,west,medium,61.87,app,0,49,ctr,sme,2024-09-10 22:33:00,38.4,51.1,app,active,east,parttime,10,67.6,4.62,morning,1,ev,riverside,2025-06-14 03:47:00,90.5,49711,active,v2.0,0,Central Core,central,control,88
DL00015,O00394,D067,V056,H04,2024-08-16 22:47:00,2024-08-17 08:15:56.080634,ontime,26.58,3,0,4.47,21.64,568.9346772333333,12,720,0,0,C0479,retail,2024-08-16 19:48:00,airport,west,medium,71.08,app,1,48,north,enterprise,2025-08-03 11:26:00,59.1,53.9,app,active,west,fulltime,11,77.0,4.84,morning,1,ev,central,2024-06-09 16:18:00,78.4,29849,active,v2.2,0,West Gate,west,dispatch,69
DL00016,O01220,D010,V091,H08,2025-06-12 01:47:00,2025-06-12 04:51:00.780258,ontime,18.25,1,0,5.0,12.61,184.0130043,6,360,0,0,C0006,passenger,2025-06-11 23:22:00,west,airport,high,76.75,phone,0,41,west,consumer,2024-03-29 13:26:00,39.9,43.3,web,active,west,fulltime,8,70.0,3.95,evening,1,hybrid,east,2025-08-24 05:20:00,58.5,172956,active,v1.9,1,Midtown Relay,central,charging,63
DL00017,O01249,D002,V008,H05,2024-08-25 18:26:00,2024-08-26 03:05:42.086626,delayed,20.79,0,0,1.0,15.62,519.7014437666667,1,60,1,0,C0572,medical,2024-08-25 16:52:00,central,riverside,high,188.73,web,0,66,north,enterprise,2024-12-31 17:14:00,47.4,45.6,app,active,central,fulltime,4,42.4,3.94,evening,1,ev,riverside,2025-06-14 03:47:00,90.5,49711,active,v2.0,0,Central Core,central,control,88
DL00019,O01167,D026,V004,H06,2024-06-25 23:58:00,2024-06-26 07:52:41.272083,ontime,16.35,4,0,4.97,13.97,474.68786805,6,360,1,0,C0336,parcel,2024-06-25 23:47:00,central,east,low,103.78,app,0,33,airport,consumer,2025-12-04 16:33:00,59.6,38.3,phone,dormant,north,parttime,4,84.9,3.15,night,0,hybrid,riverside,2024-06-07 13:21:00,,36310,active,v2.2,0,Airport Hub,airport,dispatch,71
DL00020,O00054,D157,V065,H01,2025-03-29 12:59:00,2025-03-29 14:40:37.791408,ontime,24.31,0,0,4.15,12.61,101.6298568,4,240,0,0,C0478,medical,2025-03-29 10:44:00,north,north,low,54.41,web,0,43,north,consumer,2024-02-22 09:47:00,43.6,52.4,app,active,south,fulltime,13,74.1,4.42,evening,1,ev,west,2024-01-05 09:25:00,84.3,217057,active,v2.1,0,North Exchange,north,dispatch,82
DL00021,O00250,D117,V081,H08,2025-04-24 14:20:00,2025-04-25 11:20:52.916514,ontime,9.77,4,0,4.07,6.43,1260.8819419,24,1440,0,0,C0300,passenger,2025-04-24 11:49:00,central,north,medium,9.42,app,0,37,central,consumer,2025-03-14 08:54:00,65.2,36.6,app,active,north,fulltime,1,71.1,3.93,flexible,1,ev,west,2024-12-28 08:10:00,86.6,165481,active,v2.2,0,Midtown Relay,central,charging,63
DL00022,O01027,D088,V011,H07,2025-08-24 00:21:00,2025-08-24 04:25:39.715444,failed,15.81,0,0,3.5,15.62,244.66192406666667,4,240,1,1,C0492,parcel,2025-08-23 21:51:00,east,central,medium,97.55,app,0,22,west,consumer,2024-06-24 04:22:00,60.0,65.6,phone,active,riverside,contract,4,84.3,4.17,morning,1,diesel,riverside,2025-12-21 04:26:00,74.1,43518,inrepair,v2.1,1,Riverside Hub,riverside,warehouse,66
DL00023,O00768,D046,V021,H08,2025-06-12 01:16:00,2025-06-12 02:37:11.392658,ontime,4.29,1,0,5.0,2.5,81.18987763333332,4,240,0,0,C0606,retail,2025-06-12 00:28:00,central,west,medium,69.17,app,0,68,south,consumer,2024-05-06 10:57:00,64.3,56.9,app,active,south,fulltime,5,82.2,4.06,morning,1,diesel,central,2025-06-22 17:38:00,83.0,71294,active,v2.2,0,Midtown Relay,central,charging,63
DL00024,O01054,D045,V029,H02,2025-08-19 14:33:00,2025-08-19 18:11:44.601237,ontime,8.58,0,0,4.78,14.62,218.74335395,4,240,0,0,C0216,retail,2025-08-19 14:21:00,south,airport,medium,260.15,web,0,50,riverside,consumer,2024-02-26 02:42:00,51.9,85.2,app,active,north,fulltime,2,59.6,4.12,flexible,1,ev,north,2024-12-04 10:53:00,,130270,active,v2.0,0,South Link,south,dispatch,78
DL00025,O00288,D130,V098,H04,2025-09-08 19:57:00,2025-09-08 22:37:15.665186,ontime,7.41,0,0,5.0,7.2,160.26108643333333,4,240,0,0,C0542,medical,2025-09-08 18:21:00,south,central,low,56.47,app,0,73,central,consumer,2025-08-29 08:39:00,40.7,62.9,phone,active,west,fulltime,8,71.2,3.64,evening,1,diesel,west,2025-12-29 15:01:00,69.7,73011,active,v2.1,1,West Gate,west,dispatch,69
DL00026,O00906,D092,V055,H04,2025-02-04 11:16:00,2025-02-06 01:48:45.831712,failed,14.27,2,0,2.23,10.04,2312.763861866667,24,1440,1,1,C0480,passenger,2025-02-04 09:04:00,west,riverside,high,133.71,app,0,26,north,enterprise,2025-03-02 00:55:00,67.6,49.6,app,dormant,east,fulltime,15,88.2,4.24,evening,1,hybrid,east,2025-06-05 13:40:00,83.3,85635,active,v2.1,0,West Gate,west,dispatch,69
DL00027,O00827,D057,V054,H02,2024-01-01 03:20:00,2024-01-02 00:13:30.937528,ontime,13.27,0,0,4.15,9.05,1253.5156254666665,24,1440,0,0,C0152,medical,2024-01-01 01:29:00,east,south,medium,19.26,web,0,61,west,consumer,2025-06-30 15:32:00,66.2,63.3,app,dormant,west,fulltime,6,75.0,4.25,morning,1,hybrid,north,2024-10-28 22:21:00,76.7,90558,scheduled,v2.2,0,South Link,south,dispatch,78
DL00028,O00087,D165,V022,H08,2024-11-12 15:52:00,2024-11-13 04:15:00.393100,delayed,15.53,2,0,2.7,13.05,743.0065516666667,4,240,1,0,C0476,business,2024-11-12 14:07:00,south,north,critical,56.73,phone,0,59,north,consumer,2024-10-04 13:18:00,66.0,69.6,app,active,north,parttime,10,82.2,3.89,night,1,hybrid,south,2025-01-28 20:20:00,89.6,44499,scheduled,v2.1,0,Midtown Relay,central,charging,63
DL00030,O00780,D034,V068,H03,2024-06-16 18:57:00,2024-06-16 19:22:12.494298,ontime,7.71,1,0,4.1,16.42,25.2082383,1,60,0,0,C0490,parcel,2024-06-16 18:40:00,west,north,medium,80.48,web,0,78,central,consumer,2025-08-09 19:59:00,44.0,48.3,web,active,west,fulltime,11,71.3,4.27,morning,1,hybrid,riverside,2024-06-28 15:49:00,97.5,73769,inrepair,v2.0,1,East Dock,east,warehouse,74
DL00032,O00010,D045,V010,H08,2025-01-29 02:58:00,2025-01-29 05:57:46.344204,ontime,15.58,1,0,4.23,13.75,179.7724034,6,360,0,0,C0171,retail,2025-01-29 00:42:00,south,north,low,34.55,phone,0,47,south,consumer,2024-01-20 10:35:00,82.4,81.9,phone,active,north,fulltime,2,59.6,4.12,flexible,1,cargovan,north,2025-10-07 22:40:00,50.7,129032,inrepair,v2.1,1,Midtown Relay,central,charging,63
DL00033,O00885,D041,V075,H06,2024-11-17 14:01:00,2024-11-19 06:51:25.201294,failed,11.72,0,1,4.13,18.12,2450.4200215666665,24,1440,1,1,C0338,medical,2024-11-17 13:40:00,riverside,central,critical,125.38,app,0,35,central,consumer,2024-10-04 07:24:00,58.0,89.2,app,dormant,east,parttime,3,88.2,3.67,morning,1,diesel,west,2024-04-12 02:10:00,85.5,32441,inrepair,v2.1,1,Airport Hub,airport,dispatch,71
DL00034,O01081,D157,V110,H04,2025-06-18 12:01:00,2025-06-19 05:14:57.054608,delayed,14.68,0,0,4.4,9.44,1033.9509101333333,2,120,1,0,C0581,medical,2025-06-18 11:20:00,west,airport,critical,10.07,app,1,78,north,consumer,2024-09-27 00:03:00,48.1,68.4,app,dormant,south,fulltime,13,74.1,4.42,evening,1,ev,east,2025-03-22 01:17:00,85.1,63717,active,v2.1,0,West Gate,west,dispatch,69
DL00035,O00275,D015,V038,H07,2025-05-21 21:35:00,2025-05-22 01:56:14.948650,ontime,22.05,0,0,4.96,14.78,261.24914416666667,6,360,0,0,C0473,business,2025-05-21 19:25:00,south,east,medium,142.68,app,0,72,airport,consumer,2025-07-17 04:40:00,39.8,78.2,web,active,east,fulltime,11,85.1,4.34,morning,1,cargovan,central,2025-03-16 12:29:00,81.6,68032,active,v2.1,0,Riverside Hub,riverside,warehouse,66
DL00036,O00652,D158,V106,H06,2024-11-08 22:14:00,2024-11-09 04:09:12.967657,ontime,15.77,1,0,4.35,13.68,355.2161276166667,4,240,1,0,C0331,retail,2024-11-08 21:45:00,south,west,medium,35.54,app,0,58,riverside,consumer,2025-02-26 12:26:00,52.0,34.8,app,active,central,fulltime,5,81.4,4.45,morning,1,cargovan,north,2024-05-06 13:52:00,74.9,93084,active,v2.1,0,Airport Hub,airport,dispatch,71
DL00037,O00185,D010,V113,H05,2025-05-15 02:24:00,2025-05-16 02:10:07.723523,ontime,23.49,1,0,4.21,11.21,1426.1287253833332,24,1440,0,0,C0482,retail,2025-05-15 01:52:00,east,central,low,62.26,web,0,73,riverside,enterprise,2025-02-04 23:25:00,74.8,54.1,web,active,west,fulltime,8,70.0,3.95,evening,1,hybrid,central,2024-05-12 02:12:00,58.9,52725,inrepair,v1.9,1,Central Core,central,control,88
DL00038,O00727,D096,V002,H02,2025-10-26 15:31:00,2025-10-26 16:43:11.478296,failed,8.82,2,0,3.43,13.21,72.19130493333334,2,120,0,1,C0499,business,2025-10-26 12:56:00,south,south,medium,85.0,app,0,40,ctr,consumer,2025-10-13 12:05:00,55.9,74.5,app,active,ctr,fulltime,4,56.4,4.03,morning,1,ev,airport,2024-04-21 16:14:00,67.9,159368,inrepair,v2.2,1,South Link,south,dispatch,78
DL00039,O00542,D090,V034,H08,2025-07-26 15:58:00,2025-07-27 04:22:45.664955,failed,17.13,1,0,2.51,16.3,744.7610825833333,4,240,1,1,C0504,passenger,2025-07-26 14:06:00,central,east,low,76.58,app,1,66,riverside,consumer,2025-04-29 05:36:00,51.7,85.1,app,active,north,fulltime,8,58.0,3.78,morning,1,ev,riverside,2025-05-24 09:58:00,94.2,210683,inrepair,v2.0,1,Midtown Relay,central,charging,63
DL00040,O00919,D027,V036,H04,2025-02-01 08:38:00,2025-02-02 04:04:35.282288,failed,9.53,1,0,1.68,11.11,1166.5880381333334,4,240,1,1,C0619,retail,2025-02-01 07:06:00,riverside,north,low,229.93,app,0,48,north,consumer,2025-10-07 22:42:00,47.2,56.1,app,active,airport,parttime,12,74.3,3.7,night,1,diesel,north,2025-09-26 13:33:00,90.4,215767,inrepair,v2.1,1,West Gate,west,dispatch,69
DL00041,O00750,D100,V057,H08,2024-02-01 08:58:00,2024-02-01 19:53:37.396269,failed,15.88,3,1,2.94,13.19,655.6232711499999,6,360,1,1,C0368,retail,2024-02-01 07:49:00,north,south,low,62.8,phone,1,23,north,consumer,2025-05-25 21:41:00,49.5,92.7,phone,active,central,fulltime,4,62.0,4.31,flexible,1,ev,riverside,2025-06-07 06:32:00,76.0,160770,inrepair,v2.0,1,Midtown Relay,central,charging,63
DL00042,O00009,D146,V020,H01,2024-10-04 01:05:00,2024-10-04 10:49:54.333414,ontime,12.02,0,0,4.45,11.41,584.9055569,12,720,0,0,C0141,retail,2024-10-03 23:49:00,north,east,critical,78.93,app,0,37,west,consumer,2024-05-03 17:03:00,29.6,32.1,partner api,dormant,airport,contract,1,,4.36,morning,1,hybrid,riverside,2024-10-26 11:25:00,82.3,187051,scheduled,v2.1,0,North Exchange,north,dispatch,82
DL00043,O00453,D110,V039,H07,2024-12-04 15:46:00,2024-12-04 20:31:28.589644,ontime,11.94,0,0,4.24,11.81,285.47649406666665,6,360,0,0,C0224,retail,2024-12-04 12:49:00,south,west,medium,27.48,phone,0,63,north,sme,2024-02-05 09:13:00,50.9,35.5,web,active,riverside,contract,7,40.6,4.1,morning,1,ev,east,2025-01-01 01:38:00,69.5,37024,inrepair,v1.9,1,Riverside Hub,riverside,warehouse,66
DL00044,O00147,D049,V020,H01,2024-07-12 09:47:00,2024-07-12 12:20:42.900637,ontime,4.63,0,0,4.34,12.87,153.7150106166667,6,360,0,0,C0096,retail,2024-07-12 07:43:00,north,west,critical,32.27,app,0,73,west,consumer,2024-07-18 07:52:00,31.8,58.2,unknown,active,central,contract,14,41.4,4.0,morning,1,hybrid,riverside,2024-10-26 11:25:00,82.3,187051,scheduled,v2.1,0,North Exchange,north,dispatch,82
DL00045,O00924,D157,V051,H08,2025-11-07 00:32:00,2025-11-07 21:03:01.572726,ontime,10.61,1,0,5.0,14.13,1231.0262121,24,1440,0,0,C0139,retail,2025-11-06 21:37:00,west,ctr,low,44.93,api,1,60,central,sme,2024-06-02 05:09:00,51.7,71.5,app,active,south,fulltime,13,74.1,4.42,evening,1,ev,north,2024-11-21 11:04:00,87.8,141107,active,v2.0,0,Midtown Relay,central,charging,63
DL00046,O00101,D088,V046,H05,2025-10-30 07:35:00,2025-10-31 06:59:41.392827,ontime,5.53,2,0,3.09,11.27,1404.6898804500001,24,1440,0,0,C0633,parcel,2025-10-30 07:05:00,west,west,low,42.02,app,0,44,central,consumer,2025-12-14 02:47:00,57.6,56.5,partner api,active,riverside,contract,4,84.3,4.17,morning,1,ev,north,2024-07-11 13:31:00,95.8,101425,active,v1.9,0,Central Core,central,control,88
DL00048,O00358,D045,V093,H05,2024-03-20 13:40:00,2024-03-20 18:11:50.892104,delayed,7.37,0,0,3.33,14.67,271.8482017333333,4,240,1,0,C0273,passenger,2024-03-20 11:13:00,riverside,central,low,94.51,app,0,61,south,consumer,2025-06-12 09:29:00,23.8,56.7,app,active,north,fulltime,2,59.6,4.12,flexible,1,cargovan,central,2025-03-04 19:16:00,69.2,119136,scheduled,v2.0,1,Central Core,central,control,88
DL00049,O01076,D091,V018,H02,2024-09-29 01:23:00,2024-09-29 07:46:30.295652,ontime,12.55,0,0,3.52,6.93,383.50492753333333,6,360,1,0,C0035,business,2024-09-28 22:50:00,south,airport,critical,46.37,app,0,22,east,consumer,2025-07-25 18:50:00,46.7,85.5,app,active,riverside,fulltime,12,68.0,4.46,night,1,diesel,riverside,2025-04-08 22:29:00,86.8,98363,scheduled,v2.1,0,South Link,south,dispatch,78
DL00051,O00785,D150,V055,H07,2025-12-31 17:27:00,2025-12-31 18:05:52.415764,ontime,8.02,0,0,4.31,14.59,38.873596066666664,4,240,0,0,C0378,passenger,2025-12-31 14:49:00,east,central,high,98.07,phone,0,38,riverside,consumer,2024-07-17 07:29:00,26.2,77.3,app,active,east,fulltime,12,88.1,4.08,night,1,hybrid,east,2025-06-05 13:40:00,83.3,85635,active,v2.1,0,Riverside Hub,riverside,warehouse,66
DL00052,O00554,D168,V020,H08,2025-05-06 10:37:00,2025-05-06 20:57:25.303009,delayed,26.380000000000003,1,1,2.52,24.54,620.4217168166667,2,120,1,0,C0117,medical,2025-05-06 09:09:00,airport,riverside,high,129.89,app,0,32,north,consumer,2024-03-27 23:10:00,31.3,77.2,app,active,north,fulltime,12,93.6,3.84,morning,1,hybrid,riverside,2024-10-26 11:25:00,82.3,187051,scheduled,v2.1,0,Midtown Relay,central,charging,63
DL00053,O00302,D018,V099,H01,2025-07-10 18:38:00,2025-07-11 17:06:29.590655,ontime,14.14,0,0,3.63,10.32,1348.4931775833334,24,1440,0,0,C0558,retail,2025-07-10 16:13:00,riverside,central,high,228.25,web,0,23,south,consumer,2024-06-29 19:47:00,64.3,38.5,phone,active,west,parttime,14,73.8,4.57,flexible,1,hybrid,south,2024-09-06 02:11:00,65.8,92896,active,v2.0,1,North Exchange,north,dispatch,82
DL00054,O01044,D117,V079,H01,2025-02-14 07:41:00,2025-02-14 20:37:54.180405,delayed,29.8,1,0,4.7,22.28,776.90300675,12,720,1,0,C0190,retail,2025-02-14 04:57:00,airport,riverside,low,70.39,app,1,39,airport,consumer,2024-05-04 14:00:00,61.6,84.8,app,active,north,fulltime,1,71.1,3.93,flexible,1,ev,airport,2025-12-01 18:20:00,100.0,117995,active,v2.2,0,North Exchange,north,dispatch,82
DL00055,O00819,D069,V018,H04,2025-04-28 21:37:00,2025-04-29 04:45:04.624638,delayed,35.07,5,1,2.78,22.2,428.07707730000004,4,240,1,0,C0098,retail,2025-04-28 19:09:00,airport,west,low,93.02,app,0,54,central,consumer,2024-08-20 06:33:00,56.5,70.7,app,dormant,north,parttime,2,61.5,5.0,evening,0,diesel,riverside,2025-04-08 22:29:00,86.8,98363,scheduled,v2.1,0,West Gate,west,dispatch,69
DL00056,O00698,D137,V081,H08,2024-10-22 21:45:00,2024-10-22 22:00:19.303026,ontime,13.46,2,0,4.01,6.52,15.3217171,2,120,0,0,C0550,medical,2024-10-22 20:07:00,south,central,high,179.24,app,0,39,north,consumer,2025-01-03 14:35:00,89.4,52.4,app,active,north,contract,10,65.6,4.4,flexible,1,ev,west,2024-12-28 08:10:00,86.6,165481,active,v2.2,0,Midtown Relay,central,charging,63
DL00057,O00921,D141,V077,H04,2024-12-09 10:53:00,2024-12-09 20:18:39.821307,failed,10.91,0,0,1.22,6.59,565.66368845,4,240,1,1,C0448,retail,2024-12-09 08:39:00,east,central,medium,198.22,app,0,42,south,consumer,2024-09-08 16:33:00,69.3,62.1,app,active,north,parttime,14,71.4,3.44,flexible,1,ev,south,2025-04-23 19:27:00,67.6,116877,scheduled,v2.1,1,West Gate,west,dispatch,69
DL00058,O01062,D125,V082,H02,2024-10-26 18:46:00,2024-10-26 22:22:57.920354,ontime,15.33,0,0,5.0,7.95,216.96533923333334,4,240,0,0,C0559,medical,2024-10-26 17:41:00,east,central,medium,128.73,app,1,72,north,consumer,2024-02-19 09:52:00,72.0,64.4,partner api,active,north,parttime,15,90.5,4.07,morning,1,ev,ctr,2024-02-03 08:40:00,81.2,81518,active,v2.1,0,South Link,south,dispatch,78
DL00059,O00521,D027,V088,H05,2025-11-26 14:07:00,2025-11-26 18:49:47.422787,delayed,36.28,3,0,3.11,17.45,282.7903797833333,1,60,1,0,C0109,parcel,2025-11-26 12:07:00,airport,south,high,76.48,web,0,78,north,consumer,2025-10-30 11:51:00,52.7,25.4,app,dormant,airport,parttime,12,74.3,3.7,night,1,diesel,north,2024-02-14 14:03:00,80.3,50427,inrepair,v2.1,1,Central Core,central,control,88
DL00062,O00567,D061,V007,H02,2024-02-24 16:31:00,2024-02-25 15:31:54.277282,ontime,1.2,0,0,5.0,7.32,1380.9046213666666,24,1440,0,0,C0144,retail,2024-02-24 15:50:00,south,riverside,low,33.6,phone,0,54,south,consumer,2024-04-18 17:03:00,58.4,66.6,phone,active,riverside,contract,8,85.9,4.38,evening,1,diesel,airport,2025-09-17 08:52:00,68.6,78468,active,v2.2,1,South Link,south,dispatch,78
DL00063,O00931,D154,V094,H03,2024-03-07 11:20:00,2024-03-07 15:02:37.855092,ontime,15.95,0,0,5.0,14.6,222.6309182,4,240,0,0,C0213,parcel,2024-03-07 09:00:00,north,north,high,70.8,app,0,53,east,consumer,2024-02-25 04:00:00,94.2,53.3,app,active,airport,fulltime,4,67.0,4.35,evening,1,cargovan,central,2025-05-22 02:15:00,65.9,159262,scheduled,v1.9,1,East Dock,east,warehouse,74
DL00064,O01236,D075,V004,H03,2025-05-30 00:35:00,2025-05-30 23:36:22.924966,delayed,10.36,0,0,2.34,7.13,1381.3820827666668,12,720,1,0,C0543,business,2025-05-29 22:57:00,south,airport,low,156.71,app,0,20,riverside,consumer,2025-06-02 07:20:00,47.0,54.7,app,dormant,airport,fulltime,13,99.0,3.62,evening,1,hybrid,riverside,2024-06-07 13:21:00,,36310,active,v2.2,0,East Dock,east,warehouse,74
DL00066,O00568,D118,V083,H01,2025-12-19 20:41:00,2025-12-20 00:15:32.806881,ontime,22.39,0,0,4.03,18.25,214.54678135,6,360,0,0,C0412,passenger,2025-12-19 18:13:00,central,riverside,medium,119.95,phone,0,70,airport,consumer,2025-09-12 10:23:00,70.3,29.9,app,active,north,fulltime,1,80.6,4.88,night,1,cargovan,north,2024-04-11 18:04:00,79.3,42073,active,v2.2,0,North Exchange,north,dispatch,82
DL00067,O00842,D152,V023,H01,2025-07-04 04:43:00,2025-07-04 14:29:14.573095,ontime,12.34,1,0,4.61,11.04,586.2428849166666,12,720,0,0,C0588,retail,2025-07-04 02:45:00,central,east,low,153.82,web,0,47,riverside,sme,2025-06-28 00:25:00,34.8,62.6,web,active,north,parttime,5,,4.06,flexible,1,hybrid,east,2024-01-07 23:54:00,70.7,188387,active,v2.1,0,North Exchange,north,dispatch,82
DL00068,O00828,D104,V046,H08,2024-02-19 15:15:00,2024-02-21 03:47:37.311854,failed,19.75,1,0,3.73,16.14,2192.6218642333333,24,1440,1,1,C0025,passenger,2024-02-19 12:15:00,west,west,low,61.71,app,0,23,riverside,consumer,2025-04-09 11:19:00,55.5,52.8,app,active,west,fulltime,15,87.7,3.45,morning,1,ev,north,2024-07-11 13:31:00,95.8,101425,active,v1.9,0,Midtown Relay,central,charging,63
DL00069,O01039,D010,V074,H07,2025-05-01 11:46:00,2025-05-01 19:43:03.174703,failed,16.76,1,0,4.17,10.73,477.0529117166667,6,360,1,1,C0171,passenger,2025-05-01 10:43:00,west,riverside,low,84.17,app,1,47,south,consumer,2024-01-20 10:35:00,82.4,81.9,phone,active,west,fulltime,8,70.0,3.95,evening,1,cargovan,east,2025-06-05 03:01:00,62.4,18034,active,v2.1,1,Riverside Hub,riverside,warehouse,66
DL00070,O00370,D018,V036,H07,2024-11-21 18:37:00,2024-11-21 21:57:39.434015,ontime,16.35,0,0,4.64,18.11,200.65723358333335,4,240,0,0,C0021,parcel,2024-11-21 17:26:00,south,south,high,74.04,phone,0,30,central,sme,2025-07-31 01:39:00,63.6,40.8,phone,active,west,parttime,14,73.8,4.57,flexible,1,diesel,north,2025-09-26 13:33:00,90.4,215767,inrepair,v2.1,1,Riverside Hub,riverside,warehouse,66
DL00071,O00796,D093,V080,H02,2025-01-28 06:57:00,2025-01-28 22:41:11.982767,delayed,20.37,1,0,3.57,18.14,944.1997127833333,6,360,1,0,C0385,business,2025-01-28 05:51:00,ctr,north,high,209.05,api,0,25,east,consumer,2024-08-06 00:38:00,66.2,44.4,app,dormant,south,parttime,12,75.2,4.43,flexible,1,ev,east,2024-05-27 22:15:00,100.0,68844,active,v1.9,0,South Link,south,dispatch,78
DL00072,O00402,D110,V027,H05,2025-11-20 06:20:00,2025-11-20 19:21:38.642714,delayed,28.51,0,0,3.28,15.11,781.6440452333334,4,240,1,0,C0104,retail,2025-11-20 05:09:00,west,east,medium,121.87,app,1,39,east,consumer,2024-12-23 11:05:00,66.2,28.6,app,active,riverside,contract,7,40.6,4.1,morning,1,diesel,south,2025-08-12 12:37:00,78.6,51052,inrepair,v2.2,1,Central Core,central,control,88
DL00073,O00421,D141,V092,H08,2025-07-23 07:06:00,2025-07-24 05:47:40.524208,ontime,19.34,3,0,4.68,17.54,1361.6754034666667,24,1440,0,0,C0599,parcel,2025-07-23 06:00:00,riverside,east,medium,37.25,app,0,40,north,consumer,2025-05-04 22:34:00,81.4,44.4,app,active,north,parttime,14,71.4,3.44,flexible,1,hybrid,east,2024-01-07 14:19:00,80.5,36143,inrepair,v2.1,1,Midtown Relay,central,charging,63
DL00074,O01195,D030,V092,H04,2025-01-04 08:41:00,2025-01-05 00:01:18.848212,failed,17.61,1,0,4.42,14.79,920.3141368666667,2,120,1,1,C0529,retail,2025-01-04 07:04:00,airport,central,medium,94.26,phone,0,41,riverside,sme,2025-06-07 02:03:00,43.2,51.5,app,active,central,fulltime,7,74.0,4.56,night,1,hybrid,east,2024-01-07 14:19:00,80.5,36143,inrepair,v2.1,1,West Gate,west,dispatch,69
DL00075,O01239,D169,V047,H02,2024-08-06 04:24:00,2024-08-06 05:22:04.347228,ontime,13.25,3,0,3.24,11.94,58.0724538,2,120,0,0,C0392,retail,2024-08-06 04:09:00,south,west,medium,57.51,web,0,29,central,consumer,2024-07-08 20:59:00,77.2,48.2,web,active,east,contract,5,77.6,3.81,flexible,1,ev,ctr,2025-02-15 14:49:00,93.7,134347,scheduled,v2.2,0,South Link,south,dispatch,78
DL00076,O00815,D120,V004,H01,2024-02-25 17:02:00,2024-02-26 17:44:41.639612,ontime,27.51,3,0,5.0,15.16,1482.6939935333332,24,1440,1,0,C0347,parcel,2024-02-25 15:10:00,airport,airport,high,216.89,app,1,18,riverside,enterprise,2024-06-07 04:33:00,54.9,40.4,web,dormant,north,parttime,3,76.9,3.72,morning,1,hybrid,riverside,2024-06-07 13:21:00,,36310,active,v2.2,0,North Exchange,north,dispatch,82
DL00077,O01040,D094,V067,H04,2025-12-27 22:16:00,2025-12-28 11:51:46.015071,delayed,32.97,3,0,2.81,18.07,815.76691785,4,240,1,0,C0290,passenger,2025-12-27 20:56:00,airport,central,medium,59.93,web,1,30,north,consumer,2025-11-28 14:25:00,49.6,58.2,phone,dormant,ctr,parttime,6,60.8,4.48,night,0,hybrid,ctr,2025-11-15 00:12:00,57.3,176145,active,v2.0,1,West Gate,west,dispatch,69
DL00078,O00173,D144,V088,H02,2025-02-18 08:26:00,2025-02-19 03:34:49.179226,failed,10.92,1,0,2.87,9.05,1148.8196537666665,2,120,1,1,C0371,passenger,2025-02-18 07:03:00,ctr,central,critical,249.32,app,1,57,east,consumer,2025-01-14 07:31:00,28.5,74.9,app,active,west,fulltime,6,85.0,3.83,morning,1,diesel,north,2024-02-14 14:03:00,80.3,50427,inrepair,v2.1,1,South Link,south,dispatch,78
DL00079,O00920,D009,V102,H08,2024-08-01 12:06:00,2024-08-01 23:56:00.561663,ontime,7.18,0,0,4.91,12.79,710.00936105,12,720,0,0,C0242,passenger,2024-08-01 11:42:00,riverside,east,low,74.71,app,0,21,east,consumer,2025-12-18 16:08:00,83.8,48.9,web,active,airport,fulltime,15,63.4,3.8,night,1,ev,west,2024-10-24 12:35:00,77.0,198326,active,v2.0,0,Midtown Relay,central,charging,63
DL00080,O01137,D030,V022,H04,2025-10-14 08:21:00,2025-10-14 08:32:00.000000,ontime,16.29,0,0,4.42,14.17,11.0,2,120,0,0,C0213,passenger,2025-10-14 08:08:00,south,central,medium,101.93,app,1,53,east,consumer,2024-02-25 04:00:00,94.2,53.3,app,active,central,fulltime,7,74.0,4.56,night,1,hybrid,south,2025-01-28 20:20:00,89.6,44499,scheduled,v2.1,0,West Gate,west,dispatch,69
DL00081,O00716,D166,V056,H04,2024-10-22 06:38:00,2024-10-22 19:18:42.594052,delayed,9.77,1,1,3.58,12.68,760.7099008666667,6,360,1,0,C0072,passenger,2024-10-22 04:13:00,east,north,medium,5.92,app,0,61,north,sme,2024-04-22 10:38:00,48.2,88.9,app,active,west,parttime,7,74.6,4.07,night,1,ev,central,2024-06-09 16:18:00,78.4,29849,active,v2.2,0,West Gate,west,dispatch,69
DL00082,O00669,D008,V048,H03,2025-07-15 15:38:00,2025-07-16 00:44:17.490179,ontime,3.98,1,0,4.76,5.86,546.2915029833333,12,720,0,0,C0529,parcel,2025-07-15 13:41:00,north,east,critical,80.79,app,0,41,riverside,sme,2025-06-07 02:03:00,43.2,51.5,app,active,south,fulltime,9,84.1,3.88,morning,1,diesel,central,2025-10-01 18:21:00,76.1,87659,active,v2.1,0,East Dock,east,warehouse,74
DL00083,O00451,D053,V043,H05,2025-02-15 18:28:00,2025-02-16 13:33:28.440507,delayed,2.13,0,0,1.44,11.27,1145.4740084500002,12,720,1,0,C0012,retail,2025-02-15 17:02:00,east,riverside,critical,97.23,phone,0,60,airport,consumer,2025-02-10 01:14:00,46.3,74.4,app,active,west,fulltime,5,83.3,3.8,morning,1,ev,south,2025-02-23 11:32:00,76.4,149922,scheduled,v2.0,0,Central Core,central,control,88
DL00084,O00784,D063,V117,H05,2025-03-07 03:24:00,2025-03-08 07:43:35.335286,failed,6.83,0,0,3.63,9.07,1699.5889214333333,12,720,1,1,C0308,passenger,2025-03-07 00:51:00,east,south,low,21.26,phone,1,50,riverside,consumer,2025-07-21 17:13:00,74.1,87.0,web,active,north,parttime,12,85.7,4.03,morning,1,hybrid,south,2025-01-11 11:13:00,65.5,163683,scheduled,v2.2,1,Central Core,central,control,88
DL00086,O01013,D159,V063,H02,2025-08-22 17:32:00,2025-08-22 19:39:11.266878,ontime,17.4,0,0,3.75,12.23,127.18778130000001,4,240,0,0,C0185,passenger,2025-08-22 14:50:00,ctr,north,low,76.79,web,0,40,south,consumer,2025-12-05 05:27:00,77.5,76.4,phone,suspended,airport,fulltime,11,68.6,4.18,morning,1,ev,central,2024-01-11 00:19:00,73.6,159860,active,v2.1,0,South Link,south,dispatch,78
DL00087,O00630,D034,V099,H07,2025-03-28 15:08:00,2025-03-28 15:28:40.004969,ontime,17.98,0,0,4.11,13.23,20.666749483333334,2,120,0,0,C0369,retail,2025-03-28 13:42:00,central,ctr,low,86.61,app,0,42,west,consumer,2025-03-06 02:16:00,47.6,40.7,app,active,west,fulltime,11,71.3,4.27,morning,1,hybrid,south,2024-09-06 02:11:00,65.8,92896,active,v2.0,1,Riverside Hub,riverside,warehouse,66
DL00088,O00657,D088,V043,H04,2024-02-28 23:43:00,2024-02-29 03:16:11.448581,ontime,5.99,0,0,4.43,2.5,213.19080968333336,6,360,0,0,C0135,passenger,2024-02-28 21:07:00,south,central,low,155.89,app,0,65,west,consumer,2025-05-28 04:34:00,68.7,51.6,app,active,riverside,contract,4,84.3,4.17,morning,1,ev,south,2025-02-23 11:32:00,76.4,149922,scheduled,v2.0,0,West Gate,west,dispatch,69
DL00089,O00241,D010,V112,H03,2025-04-01 15:27:00,2025-04-01 20:28:34.310529,failed,8.27,0,0,2.56,6.94,301.57184214999995,2,120,1,1,C0117,parcel,2025-04-01 12:36:00,west,north,low,99.3,app,1,32,north,consumer,2024-03-27 23:10:00,31.3,77.2,app,active,west,fulltime,8,70.0,3.95,evening,1,ev,south,2024-06-08 07:45:00,94.1,19121,inrepair,v2.1,1,East Dock,east,warehouse,74
DL00090,O01097,D027,V065,H04,2024-07-14 23:21:00,2024-07-15 09:00:31.809183,ontime,33.86,3,0,4.76,24.2,579.53015305,12,720,0,0,C0390,retail,2024-07-14 22:28:00,airport,north,low,59.58,app,0,51,ctr,consumer,2024-04-25 02:59:00,66.5,52.9,app,active,airport,parttime,12,74.3,3.7,night,1,ev,west,2024-01-05 09:25:00,84.3,217057,active,v2.1,0,West Gate,west,dispatch,69
DL00092,O00736,D105,V016,H01,2024-01-25 00:39:00,2024-01-25 10:47:51.400345,ontime,7.66,1,0,4.72,8.17,608.8566724166667,12,720,0,0,C0390,parcel,2024-01-24 22:33:00,central,east,medium,78.13,app,0,51,ctr,consumer,2024-04-25 02:59:00,66.5,52.9,app,active,riverside,contract,2,82.0,3.71,morning,1,ev,west,2024-10-13 19:38:00,63.5,84395,active,v2.1,1,North Exchange,north,dispatch,82
DL00093,O00579,D028,V032,H05,2025-09-05 12:14:00,2025-09-05 12:49:10.392527,ontime,19.68,3,0,3.69,18.64,35.17320878333333,4,240,0,0,C0624,medical,2025-09-05 10:06:00,airport,south,low,24.91,phone,0,74,north,consumer,2024-11-11 06:25:00,48.8,89.0,web,active,north,fulltime,11,83.0,4.07,flexible,1,cargovan,north,2024-01-11 00:03:00,74.1,102207,active,v1.9,0,Central Core,central,control,88
DL00094,O01026,D034,V012,H04,2025-05-26 22:56:00,2025-05-27 09:41:42.033675,delayed,4.66,0,0,3.72,16.6,645.70056125,1,60,1,0,C0309,business,2025-05-26 21:33:00,west,ctr,high,20.25,phone,0,78,airport,sme,2024-03-23 01:59:00,29.0,72.8,app,active,west,fulltime,11,71.3,4.27,morning,1,hybrid,south,2024-04-15 00:26:00,56.2,52021,active,v2.1,1,West Gate,west,dispatch,69
DL00097,O00794,D170,V109,H07,2024-07-16 22:51:00,2024-07-18 01:52:17.414330,failed,10.54,1,0,3.58,3.56,1621.2902388333334,12,720,1,1,C0415,retail,2024-07-16 22:17:00,central,airport,low,154.5,app,0,45,south,consumer,2025-12-07 10:59:00,52.4,36.9,app,active,west,fulltime,14,75.2,4.48,morning,1,hybrid,airport,2024-10-17 11:15:00,60.6,193552,inrepair,v2.1,1,Riverside Hub,riverside,warehouse,66
DL00098,O00631,D004,V072,H07,2025-07-05 09:16:00,2025-07-05 15:47:44.173074,failed,3.86,1,0,4.43,15.58,391.7362179,2,120,1,1,C0574,business,2025-07-05 07:07:00,south,riverside,low,47.21,app,0,54,south,sme,2025-08-26 04:13:00,76.4,57.9,app,active,airport,parttime,13,88.9,4.75,morning,1,cargovan,airport,2025-02-24 19:07:00,78.1,89109,inrepair,v2.1,1,Riverside Hub,riverside,warehouse,66
DL00099,O00835,D127,V093,H01,2024-05-26 18:57:00,2024-05-26 21:53:38.872935,ontime,5.6,2,0,4.75,13.26,176.64788224999998,6,360,0,0,C0317,passenger,2024-05-26 16:10:00,south,airport,medium,51.0,app,0,19,south,consumer,2025-11-02 07:19:00,65.2,86.0,app,dormant,central,fulltime,10,61.5,4.19,morning,1,cargovan,central,2025-03-04 19:16:00,69.2,119136,scheduled,v2.0,1,North Exchange,north,dispatch,82
DL00100,O00205,D120,V097,H05,2025-02-05 16:42:00,2025-02-06 07:09:53.748167,failed,8.64,0,0,3.14,13.47,867.8958027833334,6,360,1,1,C0246,parcel,2025-02-05 15:10:00,north,south,medium,63.36,app,1,32,central,consumer,2025-10-20 07:05:00,63.8,60.6,phone,active,north,parttime,3,76.9,3.72,morning,1,ev,ctr,2024-11-12 12:56:00,92.1,18680,active,v2.1,0,Central Core,central,control,88
DL00101,O00354,D141,V115,H06,2025-12-02 18:06:00,2025-12-02 19:18:47.006775,ontime,21.63,0,0,4.12,14.3,72.78344625,2,120,0,0,C0154,parcel,2025-12-02 17:09:00,east,riverside,low,78.37,web,0,23,east,sme,2024-09-22 17:57:00,47.5,60.1,phone,active,north,parttime,14,71.4,3.44,flexible,1,diesel,south,2024-05-10 17:28:00,57.9,85919,active,v2.2,1,Airport Hub,airport,dispatch,71
DL00102,O00578,D031,V022,H02,2024-03-04 09:56:00,2024-03-04 13:51:57.810092,delayed,9.18,0,0,3.08,11.31,235.96350153333333,4,240,0,0,C0639,retail,2024-03-04 07:04:00,ctr,central,high,18.53,app,0,22,east,consumer,2024-04-24 01:02:00,54.4,62.5,app,active,north,fulltime,10,91.5,4.03,flexible,1,hybrid,south,2025-01-28 20:20:00,89.6,44499,scheduled,v2.1,0,South Link,south,dispatch,78
DL00103,O00269,D004,V036,H04,2024-12-01 01:20:00,2024-12-01 21:58:15.862002,failed,6.26,2,0,2.24,9.31,1238.2643667,6,360,1,1,C0175,passenger,2024-11-30 23:01:00,north,riverside,medium,19.29,app,0,37,central,consumer,2025-06-08 02:07:00,86.4,56.9,app,active,airport,parttime,13,88.9,4.75,morning,1,diesel,north,2025-09-26 13:33:00,90.4,215767,inrepair,v2.1,1,West Gate,west,dispatch,69
DL00104,O00390,D102,V111,H06,2024-03-06 12:50:00,2024-03-06 20:08:19.088413,ontime,8.75,0,0,4.45,7.5,438.3181402166667,6,360,1,0,C0150,passenger,2024-03-06 12:33:00,north,north,medium,42.46,web,0,58,north,consumer,2025-06-08 06:44:00,88.8,60.9,app,active,east,parttime,10,67.6,4.62,morning,1,ev,west,2025-11-11 00:21:00,66.3,208147,active,v2.1,1,Airport Hub,airport,dispatch,71
DL00105,O00596,D020,V043,H01,2025-10-02 04:09:00,2025-10-02 10:54:51.626370,ontime,18.52,0,0,3.73,20.45,405.86043950000004,12,720,0,0,C0394,parcel,2025-10-02 01:54:00,south,east,low,119.64,app,0,66,central,consumer,2024-02-02 09:42:00,70.8,49.2,web,active,east,fulltime,6,,4.61,evening,1,ev,south,2025-02-23 11:32:00,76.4,149922,scheduled,v2.0,0,North Exchange,north,dispatch,82
DL00106,O00039,D040,V015,H05,2025-08-01 08:30:00,2025-08-01 12:18:45.005907,ontime,18.02,0,0,4.92,15.57,228.75009845000002,6,360,0,0,C0351,parcel,2025-08-01 07:36:00,east,riverside,low,54.85,web,1,66,central,enterprise,2024-02-10 00:50:00,48.6,49.9,app,active,riverside,fulltime,7,55.6,4.4,night,1,cargovan,airport,2024-06-02 13:54:00,78.2,67614,inrepair,v1.9,1,Central Core,central,control,88
DL00107,O00175,D120,V074,H05,2025-12-19 20:22:00,2025-12-19 21:26:01.755844,ontime,6.47,1,0,4.69,8.8,64.02926406666667,4,240,0,0,C0562,business,2025-12-19 19:13:00,riverside,west,high,150.9,app,0,56,west,consumer,2025-11-10 10:46:00,47.9,88.0,phone,active,north,parttime,3,76.9,3.72,morning,1,cargovan,east,2025-06-05 03:01:00,62.4,18034,active,v2.1,1,Central Core,central,control,88
DL00108,O00620,D084,V009,H06,2024-11-08 01:38:00,2024-11-08 03:02:54.779512,ontime,13.73,1,0,4.73,17.52,84.91299186666667,2,120,0,0,C0467,retail,2024-11-08 00:19:00,south,west,low,27.57,app,0,49,west,enterprise,2024-12-01 13:43:00,58.7,31.7,web,active,central,parttime,2,47.2,3.99,evening,1,cargovan,south,2025-05-01 08:50:00,68.8,156687,active,v2.1,1,Airport Hub,airport,dispatch,71
DL00109,O00019,D014,V083,H05,2024-03-31 09:02:00,2024-03-31 12:20:28.945640,ontime,16.7,1,0,3.52,16.91,198.48242733333333,6,360,0,0,C0425,passenger,2024-03-31 07:18:00,north,central,low,56.26,phone,0,55,riverside,consumer,2024-12-01 10:29:00,66.3,76.1,app,dormant,north,fulltime,6,76.1,4.7,evening,1,cargovan,north,2024-04-11 18:04:00,79.3,42073,active,v2.2,0,Central Core,central,control,88
DL00110,O00045,D024,V042,H03,2024-02-13 21:24:00,2024-02-14 01:15:37.449725,ontime,14.39,1,0,4.74,8.64,231.62416208333335,6,360,0,0,C0326,parcel,2024-02-13 18:38:00,south,airport,critical,56.64,,0,60,west,consumer,2024-04-02 05:21:00,64.6,47.3,unknown,active,riverside,parttime,8,71.4,3.35,evening,1,ev,east,2025-06-21 07:06:00,80.5,215870,inrepair,v1.9,1,East Dock,east,warehouse,74
DL00112,O00848,D068,V049,H05,2025-06-03 14:51:00,2025-06-03 20:37:51.660691,ontime,10.88,3,0,3.68,8.03,346.8610115166667,6,360,0,0,C0489,business,2025-06-03 14:13:00,north,south,high,27.71,,1,49,south,consumer,2025-10-18 12:05:00,65.9,85.5,app,active,central,parttime,10,83.9,3.99,flexible,1,diesel,east,2025-12-09 16:47:00,55.9,15278,active,v2.2,1,Central Core,central,control,88
DL00113,O00607,D072,V083,H05,2025-08-30 19:15:00,2025-08-31 06:58:55.972500,ontime,7.42,0,0,2.94,15.7,703.9328750000001,12,720,0,0,C0576,parcel,2025-08-30 17:41:00,west,west,low,219.79,app,1,65,east,sme,2025-05-01 05:08:00,50.2,43.3,app,dormant,south,fulltime,10,75.8,4.47,evening,1,cargovan,north,2024-04-11 18:04:00,79.3,42073,active,v2.2,0,Central Core,central,control,88
DL00114,O01196,D074,V114,H02,2024-04-12 03:31:00,2024-04-12 20:47:55.665668,delayed,16.99,0,0,2.62,19.44,1036.9277611333334,4,240,1,0,C0109,parcel,2024-04-12 03:20:00,south,east,low,79.58,phone,0,78,north,consumer,2025-10-30 11:51:00,52.7,25.4,app,dormant,central,fulltime,12,79.5,4.61,evening,1,hybrid,north,2024-10-03 17:53:00,90.0,84649,active,v2.2,0,South Link,south,dispatch,78
DL00115,O01132,D030,V116,H04,2025-05-04 01:04:00,2025-05-04 01:53:19.398895,ontime,18.75,1,0,4.35,8.08,49.32331491666666,2,120,0,0,C0588,business,2025-05-03 22:26:00,south,riverside,low,81.66,app,0,47,riverside,sme,2025-06-28 00:25:00,34.8,62.6,web,active,central,fulltime,7,74.0,4.56,night,1,diesel,east,2025-04-23 07:10:00,62.7,71822,active,v2.1,1,West Gate,west,dispatch,69
DL00116,O00121,D023,V047,H06,2025-10-14 13:45:00,2025-10-15 08:06:51.715228,delayed,19.9,0,0,2.92,21.64,1101.8619204666668,6,360,1,0,C0604,parcel,2025-10-14 12:05:00,east,north,medium,75.67,app,1,30,west,consumer,2024-08-19 03:16:00,73.4,46.9,app,active,east,fulltime,11,79.1,4.16,night,1,ev,ctr,2025-02-15 14:49:00,93.7,134347,scheduled,v2.2,0,Airport Hub,airport,dispatch,71
DL00117,O00559,D080,V119,H06,2025-04-24 08:49:00,2025-04-24 23:39:56.698972,delayed,11.84,0,1,2.46,17.91,890.9449828666667,12,720,1,0,C0167,business,2025-04-24 07:10:00,north,east,medium,107.27,phone,0,72,ctr,consumer,2025-12-24 13:32:00,52.5,62.0,app,active,central,fulltime,11,,4.35,flexible,1,ev,riverside,2025-08-17 06:19:00,67.6,215407,inrepair,v2.1,1,Airport Hub,airport,dispatch,71
DL00118,O00660,D143,V004,H01,2024-06-05 01:27:00,2024-06-05 16:05:09.661481,failed,11.45,3,0,2.16,8.94,878.1610246833334,4,240,1,1,C0288,passenger,2024-06-04 23:38:00,central,airport,high,27.65,web,1,51,west,consumer,2025-05-12 12:01:00,65.6,49.8,phone,active,central,fulltime,6,68.5,4.14,night,1,hybrid,riverside,2024-06-07 13:21:00,,36310,active,v2.2,0,North Exchange,north,dispatch,82
DL00119,O01011,D076,V037,H03,2024-02-28 07:57:00,2024-02-29 14:55:52.373220,failed,32.37,3,0,1.71,25.09,1858.872887,12,720,1,1,C0257,business,2024-02-28 05:14:00,airport,south,low,103.05,app,1,34,west,consumer,2025-04-30 08:51:00,55.0,93.1,app,active,east,fulltime,15,61.6,3.88,morning,1,cargovan,south,2025-06-13 23:43:00,56.6,52146,inrepair,v1.9,1,East Dock,east,warehouse,74
DL00120,O00007,D128,V047,H06,2024-05-05 22:10:00,2024-05-06 07:05:17.555250,delayed,9.07,1,1,3.93,9.76,535.2925875,2,120,1,0,C0001,business,2024-05-05 21:32:00,central,airport,low,76.12,app,0,26,north,sme,2024-11-27 04:25:00,44.9,69.2,app,active,central,contract,13,84.7,3.32,morning,1,ev,ctr,2025-02-15 14:49:00,93.7,134347,scheduled,v2.2,0,Airport Hub,airport,dispatch,71
DL00121,O00091,D078,V100,H05,2024-03-14 02:36:00,2024-03-14 09:52:56.769516,ontime,18.81,0,0,3.92,11.62,436.9461586,6,360,1,0,C0564,parcel,2024-03-14 01:00:00,west,airport,critical,43.61,web,0,64,east,consumer,2024-08-14 04:18:00,48.6,72.0,web,active,north,fulltime,11,73.7,4.28,morning,1,cargovan,east,2024-06-23 11:24:00,60.1,31876,active,v2.0,1,Central Core,central,control,88
DL00123,O00284,D030,V025,H04,2024-04-02 13:26:00,2024-04-03 09:11:28.202168,ontime,13.45,2,0,4.75,12.86,1185.4700361333335,24,1440,0,0,C0363,passenger,2024-04-02 11:52:00,north,airport,high,116.68,phone,0,48,airport,sme,2025-10-22 07:30:00,49.4,78.9,web,active,central,fulltime,7,74.0,4.56,night,1,diesel,airport,2024-11-03 05:34:00,42.0,52074,active,v2.1,1,West Gate,west,dispatch,69
DL00124,O00210,D113,V040,H05,2024-05-14 20:07:00,2024-05-15 00:02:59.084441,ontime,14.23,2,0,4.78,19.49,235.98474068333334,4,240,0,0,C0347,parcel,2024-05-14 18:39:00,east,west,high,106.23,phone,0,18,riverside,enterprise,2024-06-07 04:33:00,54.9,40.4,web,dormant,airport,parttime,8,70.5,4.47,evening,1,ev,central,2025-11-23 11:28:00,90.0,133770,active,v2.0,0,Central Core,central,control,88
DL00125,O00472,D021,V109,H05,2024-02-22 10:05:00,2024-02-22 12:39:44.134262,ontime,14.25,3,0,3.68,12.59,154.73557103333331,4,240,0,0,C0636,parcel,2024-02-22 09:19:00,south,riverside,medium,287.3,web,0,60,east,consumer,2025-06-30 21:04:00,76.3,69.1,app,suspended,south,fulltime,7,91.8,4.24,evening,1,hybrid,airport,2024-10-17 11:15:00,60.6,193552,inrepair,v2.1,1,Central Core,central,control,88
DL00126,O00547,D159,V001,H07,2024-04-09 14:36:00,2024-04-10 19:11:28.149157,delayed,17.68,0,0,2.6,10.92,1715.4691526166669,24,1440,1,0,C0640,retail,2024-04-09 13:41:00,central,south,high,43.73,app,0,55,north,sme,2025-10-11 02:52:00,50.8,65.6,web,dormant,airport,fulltime,11,68.6,4.18,morning,1,ev,north,2024-12-28 23:48:00,71.8,56928,active,v2.2,0,Riverside Hub,riverside,warehouse,66
DL00127,O01072,D026,V099,H02,2024-10-05 00:19:00,2024-10-05 18:08:10.081712,delayed,16.56,2,0,2.12,11.9,1069.1680285333334,6,360,1,0,C0384,passenger,2024-10-05 00:04:00,west,north,high,172.79,app,0,24,riverside,consumer,2024-05-29 12:03:00,67.4,53.4,web,active,north,parttime,4,84.9,3.15,night,0,hybrid,south,2024-09-06 02:11:00,65.8,92896,active,v2.0,1,South Link,south,dispatch,78
DL00128,O00868,D089,V099,H07,2024-05-18 16:31:00,2024-05-18 18:54:46.916689,ontime,9.43,0,0,4.47,10.47,143.78194481666665,4,240,0,0,C0037,passenger,2024-05-18 13:51:00,central,west,medium,117.19,phone,1,51,ctr,sme,2024-12-24 19:31:00,72.9,73.0,phone,active,ctr,fulltime,2,71.1,4.57,night,1,hybrid,south,2024-09-06 02:11:00,65.8,92896,active,v2.0,1,Riverside Hub,riverside,warehouse,66
DL00129,O00425,D030,V078,H08,2024-11-27 08:41:00,2024-11-27 12:07:10.344970,ontime,21.27,3,0,5.0,11.59,206.17241616666666,4,240,0,0,C0550,passenger,2024-11-27 08:15:00,airport,east,high,78.8,web,0,39,north,consumer,2025-01-03 14:35:00,89.4,52.4,app,active,central,fulltime,7,74.0,4.56,night,1,cargovan,north,2024-03-04 20:00:00,78.4,153638,active,v2.1,0,Midtown Relay,central,charging,63
DL00130,O00400,D113,V042,H03,2025-06-20 08:41:00,2025-06-20 12:30:11.038552,ontime,17.1,0,0,3.87,13.53,229.18397586666666,6,360,0,0,C0426,retail,2025-06-20 06:33:00,north,east,high,145.15,web,1,25,riverside,sme,2025-01-05 19:05:00,49.0,47.1,app,dormant,airport,parttime,8,70.5,4.47,evening,1,ev,east,2025-06-21 07:06:00,80.5,215870,inrepair,v1.9,1,East Dock,east,warehouse,74
DL00131,O00890,D037,V096,H07,2025-07-05 10:26:00,2025-07-06 08:48:04.879458,ontime,16.59,0,0,4.33,3.25,1342.0813243,24,1440,0,0,C0232,retail,2025-07-05 07:58:00,central,east,high,88.41,app,0,45,south,sme,2025-02-07 00:19:00,27.7,70.8,app,active,north,parttime,7,63.9,4.67,morning,1,cargovan,east,2025-08-21 07:26:00,85.1,193315,inrepair,v2.0,1,Riverside Hub,riverside,warehouse,66
DL00132,O00688,D058,V061,H03,2024-04-25 08:29:00,2024-04-25 16:02:10.123558,ontime,19.79,0,0,4.62,5.66,453.16872596666667,6,360,1,0,C0332,passenger,2024-04-25 06:59:00,north,west,high,38.09,phone,0,19,west,consumer,2025-06-20 06:24:00,72.1,72.1,phone,active,airport,fulltime,9,82.7,4.27,flexible,1,diesel,south,2025-08-06 20:40:00,60.3,126438,active,v2.2,1,East Dock,east,warehouse,74
DL00133,O00761,D083,V070,H03,2025-08-12 05:33:00,2025-08-12 17:33:17.788692,ontime,17.73,1,0,3.29,10.88,720.2964782,12,720,1,0,C0237,passenger,2025-08-12 04:27:00,north,east,low,109.93,app,0,40,south,consumer,2024-11-29 23:31:00,30.0,51.8,web,active,north,fulltime,12,80.8,4.16,flexible,1,cargovan,north,2025-10-24 17:32:00,62.6,39859,inrepair,v2.0,1,East Dock,east,warehouse,74
DL00134,O00334,D135,V071,H03,2024-05-23 12:01:00,2024-05-23 14:46:57.080638,ontime,13.27,0,0,3.88,7.63,165.95134396666666,4,240,0,0,C0500,parcel,2024-05-23 09:43:00,riverside,south,high,62.54,api,0,47,east,consumer,2025-12-30 19:44:00,90.6,20.6,app,active,riverside,parttime,2,70.3,4.4,flexible,1,ev,west,2024-05-27 18:12:00,73.8,195310,scheduled,v1.9,0,East Dock,east,warehouse,74
DL00135,O00225,D069,V075,H03,2025-07-28 04:31:00,2025-07-29 01:14:21.599308,failed,10.34,2,0,3.6,9.3,1243.3599884666667,1,60,1,1,C0290,retail,2025-07-28 03:55:00,riverside,riverside,medium,25.8,,0,30,north,consumer,2025-11-28 14:25:00,49.6,58.2,phone,dormant,north,parttime,2,61.5,5.0,evening,0,diesel,west,2024-04-12 02:10:00,85.5,32441,inrepair,v2.1,1,East Dock,east,warehouse,74
DL00136,O00527,D032,V106,H06,2024-04-05 06:41:00,2024-04-05 11:08:14.223396,ontime,4.06,1,0,4.45,5.7,267.2370566,6,360,0,0,C0203,parcel,2024-04-05 06:31:00,south,airport,medium,65.29,app,1,33,ctr,consumer,2025-06-01 17:12:00,59.6,66.8,app,active,east,parttime,6,81.5,3.99,evening,1,cargovan,north,2024-05-06 13:52:00,74.9,93084,active,v2.1,0,Airport Hub,airport,dispatch,71
DL00137,O01216,D053,V109,H07,2025-08-28 20:12:00,2025-08-29 00:36:58.972872,delayed,13.46,2,0,2.72,11.11,264.9828812,6,360,0,0,C0382,passenger,2025-08-28 18:27:00,west,airport,low,37.65,,1,32,south,consumer,2024-08-16 15:26:00,60.9,77.8,app,active,west,fulltime,5,83.3,3.8,morning,1,hybrid,airport,2024-10-17 11:15:00,60.6,193552,inrepair,v2.1,1,Riverside Hub,riverside,warehouse,66
DL00138,O00705,D019,V071,H04,2025-09-09 22:58:00,2025-09-10 05:00:03.368430,ontime,11.23,2,0,4.75,15.22,362.05614049999997,6,360,1,0,C0013,parcel,2025-09-09 21:53:00,north,riverside,high,118.52,app,0,30,east,enterprise,2024-02-17 17:54:00,31.3,51.7,app,active,riverside,fulltime,11,73.4,3.82,flexible,0,ev,west,2024-05-27 18:12:00,73.8,195310,scheduled,v1.9,0,West Gate,west,dispatch,69
DL00139,O01215,D140,V084,H05,2025-08-05 03:23:00,2025-08-05 12:37:39.102460,ontime,12.23,0,0,3.57,13.59,554.6517076666667,12,720,0,0,C0054,business,2025-08-05 01:29:00,north,airport,medium,205.06,app,0,75,west,consumer,2025-12-24 13:22:00,42.4,26.8,web,active,north,fulltime,7,80.1,3.92,morning,1,cargovan,riverside,2024-12-23 06:28:00,47.6,53872,inrepair,v2.1,1,Central Core,central,control,88
DL00140,O00656,D079,V050,H06,2025-01-08 00:27:00,2025-01-08 08:59:38.123736,delayed,15.69,0,1,2.23,11.96,512.6353956,6,360,1,0,C0211,parcel,2025-01-07 22:01:00,west,north,high,82.24,web,0,29,riverside,enterprise,2025-12-24 23:40:00,72.1,50.9,web,active,south,parttime,1,,4.48,night,1,ev,riverside,2024-04-04 05:23:00,96.5,114188,active,v2.1,0,Airport Hub,airport,dispatch,71
DL00141,O00021,D166,V094,H04,2024-10-16 12:41:00,2024-10-16 12:59:34.243920,ontime,10.45,1,0,4.77,7.89,18.570732,2,120,0,0,C0218,passenger,2024-10-16 11:25:00,west,north,medium,49.99,web,0,32,central,consumer,2024-10-15 19:15:00,62.2,11.4,app,active,west,parttime,7,74.6,4.07,night,1,cargovan,central,2025-05-22 02:15:00,65.9,159262,scheduled,v1.9,1,West Gate,west,dispatch,69
DL00142,O00612,D158,V016,H08,2025-05-19 20:32:00,2025-05-20 00:33:51.964249,ontime,4.04,2,0,3.27,15.78,241.86607081666668,4,240,1,0,C0169,retail,2025-05-19 18:58:00,west,east,critical,60.06,phone,0,77,north,consumer,2024-07-19 11:20:00,59.6,69.6,app,dormant,central,fulltime,5,81.4,4.45,morning,1,ev,west,2024-10-13 19:38:00,63.5,84395,active,v2.1,1,Midtown Relay,central,charging,63
DL00143,O00757,D026,V051,H04,2025-02-22 08:56:00,2025-02-23 01:28:41.984786,delayed,22.37,0,0,3.64,19.33,992.6997464333333,12,720,1,0,C0466,passenger,2025-02-22 07:42:00,east,south,medium,81.59,web,0,26,north,consumer,2024-07-27 00:52:00,32.5,16.7,app,active,north,parttime,4,84.9,3.15,night,0,ev,north,2024-11-21 11:04:00,87.8,141107,active,v2.0,0,West Gate,west,dispatch,69
DL00144,O00170,D016,V016,H06,2024-06-24 09:02:00,2024-06-24 11:42:51.153127,ontime,25.98,4,0,4.84,27.38,160.85255211666666,4,240,0,0,C0005,business,2024-06-24 06:36:00,airport,airport,high,58.3,app,1,26,riverside,consumer,2025-06-03 06:02:00,55.9,100.0,web,active,airport,fulltime,6,81.9,4.31,evening,1,ev,west,2024-10-13 19:38:00,63.5,84395,active,v2.1,1,Airport Hub,airport,dispatch,71
DL00145,O00668,D155,V081,H06,2025-07-11 00:42:00,2025-07-11 05:33:45.592088,ontime,29.37,2,0,3.95,18.72,291.7598681333333,6,360,0,0,C0649,parcel,2025-07-11 00:26:00,airport,north,medium,135.89,app,0,75,central,enterprise,2025-09-08 16:30:00,42.1,34.4,app,active,central,parttime,6,69.5,3.98,morning,1,ev,west,2024-12-28 08:10:00,86.6,165481,active,v2.2,0,Airport Hub,airport,dispatch,71
DL00146,O00058,D052,V094,H03,2025-12-16 06:56:00,2025-12-16 09:52:51.274465,ontime,22.04,0,0,4.37,6.16,176.85457441666668,2,120,1,0,C0083,passenger,2025-12-16 06:27:00,south,east,critical,51.95,web,0,28,west,consumer,2024-05-27 03:47:00,71.1,51.7,app,dormant,riverside,fulltime,8,71.7,3.39,morning,1,cargovan,central,2025-05-22 02:15:00,65.9,159262,scheduled,v1.9,1,East Dock,east,warehouse,74
DL00147,O01116,D123,V017,H06,2024-11-13 14:46:00,2024-11-13 19:29:47.090691,ontime,1.21,1,0,4.08,14.96,283.78484485,6,360,0,0,C0556,medical,2024-11-13 12:20:00,east,west,medium,61.33,app,0,20,east,consumer,2025-01-03 10:48:00,48.9,65.5,web,dormant,riverside,fulltime,3,93.5,4.12,flexible,1,hybrid,riverside,2024-04-23 12:54:00,82.4,169703,inrepair,v2.2,1,Airport Hub,airport,dispatch,71
DL00148,O00817,D087,V120,H05,2025-12-31 09:02:00,2025-12-31 11:10:07.314150,ontime,16.75,1,0,4.04,15.84,128.1219025,2,120,1,0,C0391,retail,2025-12-31 07:45:00,north,south,low,208.48,phone,0,64,west,consumer,2024-06-18 10:12:00,84.1,81.3,app,active,north,contract,13,73.3,4.43,night,1,ev,central,2025-05-02 16:13:00,73.6,192246,active,v2.0,0,Central Core,central,control,88
DL00149,O00789,D024,V099,H08,2024-12-11 13:03:00,2024-12-11 17:56:25.028097,ontime,5.74,2,0,3.83,3.72,293.41713495,6,360,0,0,C0201,business,2024-12-11 10:30:00,central,riverside,high,163.0,app,1,49,ctr,consumer,2024-01-19 08:02:00,69.2,59.8,app,active,riverside,parttime,8,71.4,3.35,evening,1,hybrid,south,2024-09-06 02:11:00,65.8,92896,active,v2.0,1,Midtown Relay,central,charging,63
DL00150,O01164,D083,V042,H07,2025-06-09 18:46:00,2025-06-10 07:04:10.945640,delayed,10.43,0,0,2.83,10.61,738.1824273333333,4,240,1,0,C0530,parcel,2025-06-09 15:52:00,riverside,west,high,197.5,app,0,28,west,sme,2025-05-31 12:41:00,55.9,35.1,partner api,active,north,fulltime,12,80.8,4.16,flexible,1,ev,east,2025-06-21 07:06:00,80.5,215870,inrepair,v1.9,1,Riverside Hub,riverside,warehouse,66
DL00151,O00376,D131,V048,H03,2025-01-21 09:34:00,2025-01-21 19:14:52.380038,ontime,12.77,1,0,4.77,10.12,580.8730006333334,12,720,0,0,C0286,passenger,2025-01-21 07:52:00,north,west,critical,33.38,api,0,59,east,consumer,2024-04-25 22:23:00,87.7,51.5,web,active,south,fulltime,9,86.7,4.26,night,0,diesel,central,2025-10-01 18:21:00,76.1,87659,active,v2.1,0,East Dock,east,warehouse,74
DL00152,O00146,D121,V047,H01,2025-10-10 01:22:00,2025-10-10 13:11:11.345292,ontime,3.02,0,0,4.71,8.34,709.1890882,12,720,0,0,C0168,passenger,2025-10-10 00:54:00,east,south,medium,14.05,web,0,70,riverside,consumer,2025-02-17 10:26:00,54.3,69.4,web,active,riverside,contract,3,,4.97,morning,1,ev,ctr,2025-02-15 14:49:00,93.7,134347,scheduled,v2.2,0,North Exchange,north,dispatch,82
DL00153,O00893,D115,V007,H01,2024-08-05 08:55:00,2024-08-06 02:10:16.054319,failed,12.85,1,0,3.96,15.21,1035.2675719833335,2,120,1,1,C0391,business,2024-08-05 06:18:00,south,south,high,33.29,phone,0,64,west,consumer,2024-06-18 10:12:00,84.1,81.3,app,active,south,fulltime,11,69.5,4.77,morning,1,diesel,airport,2025-09-17 08:52:00,68.6,78468,active,v2.2,1,North Exchange,north,dispatch,82
DL00154,O00071,D018,V110,H08,2024-09-01 00:47:00,2024-09-01 02:07:26.317027,failed,7.04,1,0,4.2,5.23,80.43861711666666,1,60,1,1,C0109,medical,2024-08-31 22:15:00,north,south,low,157.58,phone,0,78,north,consumer,2025-10-30 11:51:00,52.7,25.4,app,dormant,west,parttime,14,73.8,4.57,flexible,1,ev,east,2025-03-22 01:17:00,85.1,63717,active,v2.1,0,Midtown Relay,central,charging,63
DL00155,O00061,D048,V052,H02,2024-07-12 03:31:00,2024-07-12 08:43:58.748726,ontime,24.74,1,0,4.46,18.46,312.9791454333334,6,360,0,0,C0289,passenger,2024-07-12 01:44:00,airport,north,high,238.9,web,1,19,north,sme,2024-06-11 00:31:00,75.8,77.3,app,active,east,fulltime,7,76.3,3.45,flexible,1,hybrid,riverside,2024-11-14 16:11:00,95.4,182486,active,v1.9,0,South Link,south,dispatch,78
DL00156,O01086,D100,V085,H08,2024-03-05 21:40:00,2024-03-06 10:03:18.736184,delayed,31.74,2,0,2.18,17.62,743.3122697333333,4,240,1,0,C0276,passenger,2024-03-05 19:03:00,airport,south,low,140.6,phone,0,47,south,consumer,2024-11-15 02:59:00,66.9,76.6,app,active,central,fulltime,4,62.0,4.31,flexible,1,cargovan,south,2025-09-30 12:01:00,87.3,145652,active,v2.1,0,Midtown Relay,central,charging,63
DL00157,O01089,D144,V040,H06,2025-05-18 05:27:00,2025-05-18 08:03:36.606151,ontime,12.43,2,0,5.0,13.52,156.61010251666667,2,120,1,0,C0035,retail,2025-05-18 04:12:00,riverside,north,low,7.74,phone,0,22,east,consumer,2025-07-25 18:50:00,46.7,85.5,app,active,west,fulltime,6,85.0,3.83,morning,1,ev,central,2025-11-23 11:28:00,90.0,133770,active,v2.0,0,Airport Hub,airport,dispatch,71
DL00158,O00643,D031,V072,H08,2025-04-10 19:05:00,2025-04-11 00:26:34.021654,delayed,29.34,3,0,3.8,15.45,321.5670275666667,1,60,1,0,C0349,parcel,2025-04-10 18:51:00,airport,riverside,low,181.69,web,1,24,west,enterprise,2025-12-18 20:54:00,34.7,43.9,phone,active,north,fulltime,10,91.5,4.03,flexible,1,cargovan,airport,2025-02-24 19:07:00,78.1,89109,inrepair,v2.1,1,Midtown Relay,central,charging,63
DL00159,O00213,D120,V020,H05,2024-12-05 20:07:00,2024-12-06 08:13:18.738888,ontime,11.73,0,0,5.0,21.25,726.3123148,12,720,1,0,C0512,parcel,2024-12-05 18:29:00,west,riverside,low,161.85,phone,1,59,east,consumer,2025-02-03 19:29:00,38.5,70.2,web,active,north,parttime,3,76.9,3.72,morning,1,hybrid,riverside,2024-10-26 11:25:00,82.3,187051,scheduled,v2.1,0,Central Core,central,control,88
DL00160,O00874,D108,V085,H04,2024-06-15 16:06:00,2024-06-15 21:00:31.761224,ontime,16.67,1,0,5.0,9.13,294.5293537333334,6,360,0,0,C0360,parcel,2024-06-15 14:10:00,east,west,high,246.43,phone,0,78,west,consumer,2024-08-16 19:00:00,47.8,86.7,phone,active,south,fulltime,10,70.6,4.33,morning,1,cargovan,south,2025-09-30 12:01:00,87.3,145652,active,v2.1,0,West Gate,west,dispatch,69
DL00161,O00624,D055,V098,H01,2025-04-13 04:37:00,2025-04-14 05:10:40.320423,ontime,16.98,0,0,4.28,11.8,1473.67200705,24,1440,1,0,C0117,passenger,2025-04-13 04:21:00,west,ctr,medium,25.82,web,0,32,north,consumer,2024-03-27 23:10:00,31.3,77.2,app,active,central,fulltime,15,90.5,5.0,flexible,1,diesel,west,2025-12-29 15:01:00,69.7,73011,active,v2.1,1,North Exchange,north,dispatch,82
DL00162,O00854,D122,V071,H02,2024-09-01 04:30:00,2024-09-01 10:10:41.965568,ontime,25.94,0,0,4.84,11.4,340.6994261333333,4,240,1,0,C0343,parcel,2024-09-01 03:05:00,airport,airport,low,90.75,web,0,75,central,consumer,2025-04-29 18:31:00,58.3,71.3,web,active,south,fulltime,2,63.5,4.29,morning,1,ev,west,2024-05-27 18:12:00,73.8,195310,scheduled,v1.9,0,South Link,south,dispatch,78
DL00163,O01007,D121,V056,H07,2024-09-24 08:50:00,2024-09-25 09:30:25.927484,delayed,9.31,0,0,2.51,8.76,1480.4321247333332,12,720,1,0,C0556,medical,2024-09-24 07:35:00,riverside,riverside,medium,46.92,app,0,20,east,consumer,2025-01-03 10:48:00,48.9,65.5,web,dormant,riverside,contract,3,,4.97,morning,1,ev,central,2024-06-09 16:18:00,78.4,29849,active,v2.2,0,Riverside Hub,riverside,warehouse,66
DL00164,O00066,D045,V120,H03,2024-06-21 11:36:00,2024-06-21 14:46:30.898358,ontime,17.31,0,0,3.9,17.53,190.51497263333334,4,240,0,0,C0421,passenger,2024-06-21 11:22:00,south,east,low,237.58,app,0,34,central,consumer,2025-03-16 15:08:00,59.0,51.4,app,active,north,fulltime,2,59.6,4.12,flexible,1,ev,central,2025-05-02 16:13:00,73.6,192246,active,v2.0,0,East Dock,east,warehouse,74
DL00165,O00852,D006,V022,H03,2025-07-13 18:06:00,2025-07-14 04:22:13.713354,delayed,8.64,0,1,4.55,2.5,616.2285559,2,120,1,0,C0599,retail,2025-07-13 16:22:00,north,riverside,medium,126.8,,1,40,north,consumer,2025-05-04 22:34:00,81.4,44.4,app,active,central,fulltime,8,78.8,4.38,flexible,1,hybrid,south,2025-01-28 20:20:00,89.6,44499,scheduled,v2.1,0,East Dock,east,warehouse,74
DL00166,O00904,D091,V017,H04,2024-05-25 20:26:00,2024-05-26 10:51:28.099016,failed,24.07,0,0,2.08,13.51,865.4683169333333,4,240,1,1,C0618,passenger,2024-05-25 20:04:00,airport,airport,low,95.34,app,0,64,airport,consumer,2024-09-01 12:58:00,68.4,72.1,phone,active,riverside,fulltime,12,68.0,4.46,night,1,hybrid,riverside,2024-04-23 12:54:00,82.4,169703,inrepair,v2.2,1,West Gate,west,dispatch,69
DL00167,O00932,D116,V069,H08,2024-10-01 07:37:00,2024-10-01 19:14:50.088103,failed,19.44,0,0,2.56,13.3,697.8348017166667,2,120,1,1,C0221,parcel,2024-10-01 04:59:00,airport,west,medium,51.33,phone,0,53,east,consumer,2024-10-02 14:00:00,50.2,48.4,app,active,central,fulltime,4,58.2,4.19,morning,1,hybrid,central,2025-07-20 18:17:00,71.4,187158,active,v2.1,0,Midtown Relay,central,charging,63
DL00168,O00126,D100,V066,H01,2024-05-26 09:29:00,2024-05-27 03:28:20.235783,delayed,30.51,2,0,4.3,18.34,1079.33726305,12,720,1,0,C0146,parcel,2024-05-26 09:04:00,airport,south,medium,55.22,web,0,20,north,consumer,2024-02-13 03:32:00,99.0,21.7,app,active,central,fulltime,4,62.0,4.31,flexible,1,hybrid,north,2024-04-10 18:00:00,77.7,98535,scheduled,v2.2,0,North Exchange,north,dispatch,82
DL00169,O00996,D037,V115,H07,2025-04-26 07:29:00,2025-04-26 07:46:10.119404,ontime,10.5,2,0,4.08,10.38,17.168656733333332,4,240,0,0,C0238,passenger,2025-04-26 06:19:00,central,east,high,52.53,app,1,56,west,consumer,2024-06-02 09:46:00,65.0,18.7,app,active,north,parttime,7,63.9,4.67,morning,1,diesel,south,2024-05-10 17:28:00,57.9,85919,active,v2.2,1,Riverside Hub,riverside,warehouse,66
DL00170,O00363,D020,V093,H04,2025-06-04 03:57:00,2025-06-04 05:40:45.827408,ontime,10.59,0,0,4.07,10.74,103.76379013333333,4,240,0,0,C0230,passenger,2025-06-04 01:26:00,riverside,south,high,35.91,app,1,70,airport,consumer,2024-09-27 02:09:00,62.2,59.9,web,active,east,fulltime,6,,4.61,evening,1,cargovan,central,2025-03-04 19:16:00,69.2,119136,scheduled,v2.0,1,West Gate,west,dispatch,69
DL00171,O01055,D096,V085,H07,2025-08-13 19:47:00,2025-08-13 23:52:05.486628,ontime,23.42,1,0,4.35,13.6,245.0914438,6,360,0,0,C0621,parcel,2025-08-13 17:22:00,north,south,medium,33.59,web,0,78,central,consumer,2025-06-27 22:00:00,55.3,63.1,app,active,ctr,fulltime,4,56.4,4.03,morning,1,cargovan,south,2025-09-30 12:01:00,87.3,145652,active,v2.1,0,Riverside Hub,riverside,warehouse,66
DL00172,O00127,D132,V106,H06,2025-11-08 04:29:00,2025-11-08 16:24:08.173876,delayed,13.58,2,1,4.36,11.2,715.1362312666666,2,120,1,0,C0572,parcel,2025-11-08 01:32:00,east,north,medium,171.31,app,0,66,north,enterprise,2024-12-31 17:14:00,47.4,45.6,app,active,south,contract,8,77.6,4.2,evening,1,cargovan,north,2024-05-06 13:52:00,74.9,93084,active,v2.1,0,Airport Hub,airport,dispatch,71
DL00173,O00459,D131,V026,H08,2025-11-28 08:52:00,2025-11-29 15:17:47.295669,delayed,15.37,0,0,3.88,6.1,1825.78826115,24,1440,1,0,C0478,retail,2025-11-28 06:45:00,south,south,low,203.99,app,0,43,north,consumer,2024-02-22 09:47:00,43.6,52.4,app,active,south,fulltime,9,86.7,4.26,night,0,cargovan,riverside,2024-11-07 04:27:00,78.7,200276,inrepair,v2.2,1,Midtown Relay,central,charging,63
DL00174,O00162,D020,V066,H07,2025-12-14 04:21:00,2025-12-14 14:45:39.043652,ontime,9.9,2,0,4.18,9.86,624.6507275333333,12,720,0,0,C0476,business,2025-12-14 03:47:00,south,ctr,medium,139.13,app,0,59,north,consumer,2024-10-04 13:18:00,66.0,69.6,app,active,east,fulltime,6,,4.61,evening,1,hybrid,north,2024-04-10 18:00:00,77.7,98535,scheduled,v2.2,0,Riverside Hub,riverside,warehouse,66
DL00175,O00583,D036,V118,H03,2025-04-17 21:40:00,2025-04-18 00:57:45.636508,ontime,15.62,1,0,3.93,9.26,197.76060846666667,6,360,0,0,C0469,retail,2025-04-17 18:58:00,south,riverside,medium,89.45,web,1,20,north,consumer,2024-11-15 02:13:00,59.6,60.5,app,active,airport,parttime,9,79.3,4.69,morning,1,diesel,riverside,2025-02-18 12:40:00,78.0,145165,active,v2.1,0,East Dock,east,warehouse,74
DL00176,O01200,D061,V116,H05,2024-02-23 08:31:00,2024-02-23 13:20:44.267798,ontime,16.02,0,0,4.36,16.67,289.73779663333335,6,360,0,0,C0433,passenger,2024-02-23 06:55:00,riverside,riverside,low,68.78,web,0,27,ctr,enterprise,2025-10-01 02:13:00,95.3,34.9,phone,active,riverside,contract,8,85.9,4.38,evening,1,diesel,east,2025-04-23 07:10:00,62.7,71822,active,v2.1,1,Central Core,central,control,88
DL00177,O00164,D123,V045,H01,2024-03-23 14:11:00,2024-03-24 11:34:32.627966,ontime,8.31,0,0,4.85,9.58,1283.5437994333333,24,1440,0,0,C0622,parcel,2024-03-23 13:43:00,south,ctr,low,211.8,app,0,22,riverside,consumer,2024-01-28 13:46:00,54.2,26.8,phone,dormant,riverside,fulltime,3,93.5,4.12,flexible,1,ev,east,2025-08-10 04:56:00,88.0,190688,active,v2.2,0,North Exchange,north,dispatch,82
DL00178,O01166,D024,V052,H05,2025-09-22 12:46:00,2025-09-22 22:06:17.558019,failed,13.01,2,1,3.36,6.79,560.29263365,4,240,1,1,C0053,parcel,2025-09-22 10:20:00,west,north,medium,57.89,web,1,22,central,consumer,2025-03-16 17:17:00,45.7,75.9,phone,active,riverside,parttime,8,71.4,3.35,evening,1,hybrid,riverside,2024-11-14 16:11:00,95.4,182486,active,v1.9,0,Central Core,central,control,88
DL00179,O00493,D016,V094,H08,2024-05-20 04:07:00,2024-05-20 19:35:01.117107,delayed,9.15,1,0,2.32,12.14,928.01861845,6,360,1,0,C0370,parcel,2024-05-20 02:52:00,east,north,critical,55.91,web,0,18,east,enterprise,2024-08-21 21:27:00,64.6,35.6,app,active,airport,fulltime,6,81.9,4.31,evening,1,cargovan,central,2025-05-22 02:15:00,65.9,159262,scheduled,v1.9,1,Midtown Relay,central,charging,63
DL00180,O00137,D135,V054,H08,2025-03-14 19:37:00,2025-03-15 06:15:52.917076,ontime,19.65,0,0,4.25,14.94,638.8819512666666,12,720,0,0,C0295,parcel,2025-03-14 17:58:00,east,south,high,81.5,app,0,77,riverside,consumer,2024-12-12 12:07:00,35.3,68.0,app,active,riverside,parttime,2,70.3,4.4,flexible,1,hybrid,north,2024-10-28 22:21:00,76.7,90558,scheduled,v2.2,0,Midtown Relay,central,charging,63
DL00181,O00450,D073,V014,H02,2024-08-25 23:47:00,2024-08-25 23:58:42.961492,ontime,12.74,1,0,5.0,14.37,11.716024866666666,2,120,0,0,C0527,retail,2024-08-25 23:12:00,riverside,riverside,low,31.33,app,0,73,central,consumer,2024-02-11 20:08:00,86.2,89.5,web,active,east,fulltime,11,76.9,4.58,evening,1,ev,airport,2025-05-24 12:36:00,100.0,206339,scheduled,v2.0,0,South Link,south,dispatch,78
DL00182,O00096,D071,V102,H04,2024-07-13 18:06:00,2024-07-13 18:46:16.627804,ontime,7.62,0,0,4.64,14.41,40.27713006666667,2,120,0,0,C0441,business,2024-07-13 17:20:00,north,west,critical,153.48,web,0,42,south,consumer,2024-10-13 18:17:00,66.3,66.0,phone,active,central,parttime,12,56.7,4.49,evening,1,ev,west,2024-10-24 12:35:00,77.0,198326,active,v2.0,0,West Gate,west,dispatch,69
DL00183,O00808,D049,V065,H05,2024-09-06 07:26:00,2024-09-06 12:08:53.674289,ontime,15.14,0,0,4.23,13.23,282.8945714833333,4,240,1,0,C0598,passenger,2024-09-06 06:57:00,riverside,west,high,79.62,app,0,28,north,consumer,2025-10-02 01:56:00,66.7,68.2,app,active,central,contract,14,41.4,4.0,morning,1,ev,west,2024-01-05 09:25:00,84.3,217057,active,v2.1,0,Central Core,central,control,88
DL00184,O01005,D023,V096,H07,2025-05-01 19:42:00,2025-05-03 02:37:43.403054,failed,13.78,0,0,2.96,13.86,1855.7233842333333,12,720,1,1,C0104,business,2025-05-01 17:35:00,riverside,south,high,127.67,app,0,39,east,consumer,2024-12-23 11:05:00,66.2,28.6,app,active,east,fulltime,11,79.1,4.16,night,1,cargovan,east,2025-08-21 07:26:00,85.1,193315,inrepair,v2.0,1,Riverside Hub,riverside,warehouse,66
DL00185,O01217,D008,V065,H01,2024-01-26 00:13:00,2024-01-26 11:26:56.498085,ontime,15.39,3,0,4.76,13.61,673.9416347499999,12,720,0,0,C0263,passenger,2024-01-25 22:08:00,central,south,high,121.06,phone,0,73,north,consumer,2024-02-17 19:40:00,59.6,55.8,app,active,south,fulltime,9,84.1,3.88,morning,1,ev,west,2024-01-05 09:25:00,84.3,217057,active,v2.1,0,North Exchange,north,dispatch,82
DL00186,O00798,D006,V081,H06,2024-01-14 04:23:00,2024-01-14 07:07:14.801241,ontime,14.26,1,0,4.91,4.79,164.24668734999997,4,240,0,0,C0547,retail,2024-01-14 03:13:00,south,north,low,55.01,app,0,55,riverside,sme,2024-12-01 12:10:00,34.3,33.0,web,active,central,fulltime,8,78.8,4.38,flexible,1,ev,west,2024-12-28 08:10:00,86.6,165481,active,v2.2,0,Airport Hub,airport,dispatch,71
DL00187,O00439,D111,V069,H05,2024-03-05 22:08:00,2024-03-06 15:17:27.866312,failed,17.61,1,0,1.53,16.92,1029.4644385333334,1,60,1,1,C0577,medical,2024-03-05 21:13:00,north,ctr,high,53.87,web,0,56,north,consumer,2024-01-15 07:45:00,68.6,72.9,app,active,airport,fulltime,15,79.2,4.12,night,1,hybrid,central,2025-07-20 18:17:00,71.4,187158,active,v2.1,0,Central Core,central,control,88
DL00188,O00739,D008,V075,H08,2025-04-13 23:14:00,2025-04-14 09:05:27.436648,ontime,5.37,0,0,5.0,5.73,591.4572774666667,12,720,0,0,C0144,passenger,2025-04-13 20:48:00,south,north,low,76.04,phone,0,54,south,consumer,2024-04-18 17:03:00,58.4,66.6,phone,active,south,fulltime,9,84.1,3.88,morning,1,diesel,west,2024-04-12 02:10:00,85.5,32441,inrepair,v2.1,1,Midtown Relay,central,charging,63
DL00189,O01227,D011,V118,H06,2024-11-05 11:52:00,2024-11-05 18:23:23.067031,failed,14.51,1,0,2.43,12.83,391.3844505166666,2,120,1,1,C0282,medical,2024-11-05 10:32:00,ctr,north,high,95.27,phone,0,29,riverside,consumer,2024-04-02 04:47:00,71.4,75.6,web,active,east,fulltime,3,89.4,3.85,night,1,diesel,riverside,2025-02-18 12:40:00,78.0,145165,active,v2.1,0,Airport Hub,airport,dispatch,71
DL00190,O00875,D039,V003,H07,2025-10-31 23:21:00,2025-11-01 08:44:27.167343,ontime,2.25,0,0,4.79,7.74,563.45278905,12,720,0,0,C0027,business,2025-10-31 20:59:00,north,east,high,64.89,web,0,53,west,sme,2024-09-06 02:36:00,66.0,60.7,web,dormant,airport,contract,7,86.1,4.06,evening,1,cargovan,north,2025-11-24 23:59:00,91.7,219359,active,v2.1,0,Riverside Hub,riverside,warehouse,66
DL00191,O00755,D161,V006,H08,2025-08-21 05:02:00,2025-08-21 12:04:57.236329,ontime,13.55,0,0,3.48,21.6,422.95393881666666,6,360,1,0,C0014,passenger,2025-08-21 03:25:00,south,south,high,25.11,app,0,62,north,consumer,2024-05-16 09:26:00,94.1,81.0,app,active,north,fulltime,1,84.7,4.02,evening,1,ev,central,2025-11-22 06:39:00,78.6,141381,active,v2.1,0,Midtown Relay,central,charging,63
DL00192,O00118,D095,V112,H04,2025-08-18 22:16:00,2025-08-19 03:23:10.590397,ontime,14.13,0,0,4.64,16.49,307.17650661666664,6,360,0,0,C0087,retail,2025-08-18 20:05:00,south,south,medium,74.68,app,0,49,west,consumer,2025-06-24 11:09:00,46.8,42.7,app,active,west,fulltime,12,99.0,3.15,night,1,ev,south,2024-06-08 07:45:00,94.1,19121,inrepair,v2.1,1,West Gate,west,dispatch,69
DL00194,O00422,D053,V110,H01,2025-08-07 09:57:00,2025-08-07 22:44:40.533037,delayed,8.77,2,0,2.58,9.97,767.6755506166667,6,360,1,0,C0034,passenger,2025-08-07 08:03:00,central,west,medium,15.05,app,0,39,west,enterprise,2025-11-15 02:48:00,64.2,71.9,app,active,west,fulltime,5,83.3,3.8,morning,1,ev,east,2025-03-22 01:17:00,85.1,63717,active,v2.1,0,North Exchange,north,dispatch,82
DL00195,O00462,D162,V028,H06,2025-03-03 20:56:00,2025-03-04 07:39:20.158477,delayed,13.0,1,0,1.04,10.71,643.3359746166666,6,360,1,0,C0381,parcel,2025-03-03 18:08:00,riverside,east,medium,55.77,app,0,55,ctr,consumer,2025-05-22 19:11:00,74.4,44.3,app,active,riverside,contract,11,69.0,4.62,night,1,ev,east,2024-08-25 02:52:00,75.4,149698,active,v2.0,0,Airport Hub,airport,dispatch,71
DL00196,O00469,D111,V009,H08,2024-09-19 00:27:00,2024-09-19 00:29:59.873621,ontime,13.83,1,0,3.85,12.41,2.9978936833333334,4,240,0,0,C0186,parcel,2024-09-18 21:54:00,east,east,low,92.55,app,0,56,east,consumer,2024-03-15 08:01:00,57.5,57.8,phone,dormant,airport,fulltime,15,79.2,4.12,night,1,cargovan,south,2025-05-01 08:50:00,68.8,156687,active,v2.1,1,Midtown Relay,central,charging,63
DL00197,O00478,D163,V053,H02,2025-04-21 00:07:00,2025-04-21 01:03:50.907972,ontime,11.17,0,0,5.0,2.84,56.8484662,2,120,0,0,C0521,medical,2025-04-20 21:31:00,west,south,critical,160.09,app,0,47,ctr,consumer,2025-09-25 14:53:00,62.3,59.6,phone,active,riverside,fulltime,11,78.2,4.5,morning,0,cargovan,west,2024-04-23 20:57:00,73.7,122638,scheduled,v2.0,0,South Link,south,dispatch,78
DL00198,O00465,D156,V111,H04,2024-12-08 07:33:00,2024-12-08 12:46:07.626495,delayed,8.01,0,0,3.38,10.98,313.12710825,2,120,1,0,C0149,medical,2024-12-08 06:33:00,east,north,low,20.53,app,0,63,north,consumer,2025-09-19 16:38:00,58.7,100.0,app,active,south,fulltime,14,84.5,3.62,evening,1,ev,west,2025-11-11 00:21:00,66.3,208147,active,v2.1,1,West Gate,west,dispatch,69
DL00199,O00821,D086,V088,H05,2025-01-25 03:15:00,2025-01-25 08:28:34.398516,ontime,24.31,1,0,4.36,18.49,313.5733086,6,360,0,0,C0266,parcel,2025-01-25 02:44:00,central,south,medium,78.86,phone,0,47,east,consumer,2024-09-17 20:47:00,59.0,51.2,app,active,north,parttime,14,70.6,5.0,flexible,1,diesel,north,2024-02-14 14:03:00,80.3,50427,inrepair,v2.1,1,Central Core,central,control,88
DL00200,O00406,D160,V106,H06,2025-01-05 13:23:00,2025-01-05 14:10:14.767186,ontime,31.46,2,0,4.38,16.38,47.246119766666666,2,120,0,0,C0631,retail,2025-01-05 13:07:00,airport,riverside,critical,59.17,app,0,44,north,consumer,2024-02-12 04:44:00,65.8,81.4,web,active,east,fulltime,12,72.8,4.48,morning,1,cargovan,north,2024-05-06 13:52:00,74.9,93084,active,v2.1,0,Airport Hub,airport,dispatch,71
DL00201,O00008,D036,V041,H03,2024-04-03 20:22:00,2024-04-03 20:46:56.611810,ontime,14.08,0,0,5.0,12.87,24.94353016666667,4,240,0,0,C0157,parcel,2024-04-03 17:54:00,riverside,riverside,medium,35.06,phone,0,50,central,consumer,2025-03-28 10:04:00,67.9,46.8,app,active,airport,parttime,9,79.3,4.69,morning,1,ev,east,2024-01-11 21:04:00,78.4,88129,active,v2.2,0,East Dock,east,warehouse,74
DL00202,O01057,D028,V054,H06,2025-03-23 12:38:00,2025-03-23 18:02:58.624138,delayed,19.31,2,0,3.67,17.41,324.97706896666665,4,240,1,0,C0579,passenger,2025-03-23 10:11:00,airport,north,medium,50.3,app,0,61,central,consumer,2024-03-06 20:09:00,82.4,85.3,app,active,north,fulltime,11,83.0,4.07,flexible,1,hybrid,north,2024-10-28 22:21:00,76.7,90558,scheduled,v2.2,0,Airport Hub,airport,dispatch,71
DL00203,O00901,D107,V086,H08,2025-12-08 09:18:00,2025-12-08 16:36:10.578825,delayed,9.36,2,0,4.52,7.69,438.17631375,2,120,1,0,C0222,retail,2025-12-08 06:41:00,central,airport,critical,136.84,phone,0,36,south,sme,2024-09-26 11:21:00,42.2,71.4,web,active,riverside,fulltime,14,57.0,4.82,flexible,1,ev,central,2024-02-25 07:56:00,82.8,42307,scheduled,v2.2,0,Midtown Relay,central,charging,63
DL00204,O00025,D108,V062,H08,2025-01-10 22:15:00,2025-01-11 05:19:27.680020,ontime,11.32,1,0,4.64,15.67,424.4613336666667,6,360,1,0,C0297,passenger,2025-01-10 21:51:00,north,riverside,critical,66.51,app,0,72,west,consumer,2024-10-23 08:23:00,42.6,80.8,partner api,active,south,fulltime,10,70.6,4.33,morning,1,hybrid,north,2024-02-13 22:26:00,89.9,113343,active,v2.0,0,Midtown Relay,central,charging,63
DL00205,O00375,D039,V024,H03,2024-09-17 23:26:00,2024-09-18 02:13:34.429413,ontime,7.16,3,0,4.17,12.58,167.57382355,4,240,0,0,C0012,medical,2024-09-17 22:39:00,central,east,high,150.39,phone,0,60,airport,consumer,2025-02-10 01:14:00,46.3,74.4,app,active,airport,contract,7,86.1,4.06,evening,1,ev,east,2025-05-26 12:28:00,74.9,56967,active,v2.1,0,East Dock,east,warehouse,74
DL00206,O00634,D045,V107,H02,2024-07-07 14:19:00,2024-07-07 17:45:48.033486,ontime,17.47,1,0,4.49,15.56,206.80055810000002,4,240,0,0,C0536,parcel,2024-07-07 12:17:00,east,south,medium,171.58,app,0,56,north,consumer,2024-08-14 02:53:00,54.5,88.4,app,active,north,fulltime,2,59.6,4.12,flexible,1,cargovan,north,2024-12-25 17:15:00,87.9,96239,active,v2.0,0,South Link,south,dispatch,78
DL00207,O01035,D121,V114,H04,2024-03-17 00:24:00,2024-03-17 06:31:20.483060,ontime,18.52,1,0,4.4,11.28,367.34138433333334,6,360,1,0,C0508,business,2024-03-16 22:47:00,east,riverside,low,54.57,app,0,76,east,consumer,2024-09-09 23:52:00,64.2,66.0,app,active,riverside,contract,3,,4.97,morning,1,hybrid,north,2024-10-03 17:53:00,90.0,84649,active,v2.2,0,West Gate,west,dispatch,69
DL00208,O00964,D087,V018,H01,2024-04-13 03:27:00,2024-04-13 22:30:31.511760,failed,21.73,0,1,3.09,13.36,1143.5251959999998,2,120,1,1,C0247,retail,2024-04-13 02:30:00,central,south,high,178.23,phone,0,31,east,consumer,2024-02-01 01:08:00,58.9,30.3,web,active,north,contract,13,73.3,4.43,night,1,diesel,riverside,2025-04-08 22:29:00,86.8,98363,scheduled,v2.1,0,North Exchange,north,dispatch,82
DL00210,O01191,D142,V016,H02,2024-02-19 19:24:00,2024-02-19 23:40:57.531907,delayed,16.24,3,0,3.43,13.43,256.9588651166667,2,120,1,0,C0258,business,2024-02-19 17:29:00,east,north,low,91.82,app,0,50,riverside,consumer,2024-03-17 08:15:00,71.4,63.1,partner api,active,airport,fulltime,12,98.7,4.23,night,1,ev,west,2024-10-13 19:38:00,63.5,84395,active,v2.1,1,South Link,south,dispatch,78
DL00211,O01017,D102,V006,H08,2025-12-30 15:47:00,2025-12-30 19:01:17.386185,ontime,12.39,1,0,4.57,13.18,194.28976974999998,6,360,0,0,C0201,retail,2025-12-30 13:06:00,central,west,high,30.84,phone,0,49,ctr,consumer,2024-01-19 08:02:00,69.2,59.8,app,active,east,parttime,10,67.6,4.62,morning,1,ev,central,2025-11-22 06:39:00,78.6,141381,active,v2.1,0,Midtown Relay,central,charging,63
DL00212,O01105,D142,V041,H01,2025-06-18 18:46:00,2025-06-19 18:15:30.156582,delayed,13.85,1,1,4.29,11.45,1409.5026097,12,720,1,0,C0239,business,2025-06-18 17:21:00,east,west,medium,13.4,phone,0,65,central,sme,2025-09-25 20:09:00,80.0,51.7,app,suspended,airport,fulltime,12,98.7,4.23,night,1,ev,east,2024-01-11 21:04:00,78.4,88129,active,v2.2,0,North Exchange,north,dispatch,82
DL00213,O00807,D025,V073,H02,2025-10-16 07:59:00,2025-10-16 10:10:20.184358,ontime,8.57,0,0,4.33,10.42,131.33640596666666,4,240,0,0,C0162,parcel,2025-10-16 06:00:00,south,riverside,medium,155.63,app,1,61,airport,enterprise,2025-11-07 11:09:00,63.7,76.9,web,suspended,north,fulltime,1,86.4,3.72,morning,1,hybrid,airport,2024-05-28 05:33:00,,191353,active,v2.1,0,South Link,south,dispatch,78
DL00214,O00552,D096,V010,H04,2025-11-09 03:20:00,2025-11-09 06:33:06.774900,ontime,6.09,0,0,3.02,7.3,193.11291500000002,4,240,0,0,C0341,passenger,2025-11-09 02:21:00,riverside,south,low,76.7,app,0,51,riverside,consumer,2024-01-23 04:02:00,68.1,66.7,phone,dormant,ctr,fulltime,4,56.4,4.03,morning,1,cargovan,north,2025-10-07 22:40:00,50.7,129032,inrepair,v2.1,1,West Gate,west,dispatch,69
DL00215,O01042,D100,V102,H06,2024-08-26 13:15:00,2024-08-27 08:07:20.123858,delayed,22.0,1,0,4.79,19.64,1132.3353976333335,12,720,1,0,C0571,passenger,2024-08-26 13:05:00,airport,east,low,54.55,phone,0,33,south,consumer,2024-11-07 03:33:00,44.1,36.5,phone,active,central,fulltime,4,62.0,4.31,flexible,1,ev,west,2024-10-24 12:35:00,77.0,198326,active,v2.0,0,Airport Hub,airport,dispatch,71
DL00216,O00167,D146,V019,H07,2024-04-27 21:19:00,2024-04-28 19:51:43.999646,ontime,30.01,0,0,3.37,18.54,1352.7333274333332,24,1440,0,0,C0325,medical,2024-04-27 20:46:00,east,east,medium,24.78,api,0,37,south,consumer,2025-07-14 06:15:00,49.4,34.4,app,active,airport,contract,1,,4.36,morning,1,diesel,south,2024-10-21 23:22:00,70.4,151460,scheduled,v2.2,0,Riverside Hub,riverside,warehouse,66
DL00218,O00136,D149,V010,H03,2024-11-27 17:12:00,2024-11-27 22:54:50.864773,delayed,3.51,1,0,3.27,4.15,342.8477462166667,1,60,1,0,C0413,medical,2024-11-27 16:29:00,north,south,high,20.82,app,0,32,riverside,consumer,2024-10-05 10:39:00,57.4,87.3,app,active,airport,fulltime,7,81.5,4.55,night,1,cargovan,north,2025-10-07 22:40:00,50.7,129032,inrepair,v2.1,1,East Dock,east,warehouse,74
DL00219,O00513,D087,V118,H07,2024-08-07 05:33:00,2024-08-07 09:00:38.553343,ontime,14.41,1,0,4.59,12.65,207.64255571666666,4,240,0,0,C0202,passenger,2024-08-07 04:51:00,west,south,high,111.28,phone,1,50,north,consumer,2024-01-16 00:46:00,64.2,76.7,unknown,dormant,north,contract,13,73.3,4.43,night,1,diesel,riverside,2025-02-18 12:40:00,78.0,145165,active,v2.1,0,Riverside Hub,riverside,warehouse,66
DL00220,O00859,D079,V107,H08,2024-03-21 03:17:00,2024-03-21 07:59:50.954517,ontime,33.71,4,0,5.0,13.79,282.84924194999996,6,360,0,0,C0476,retail,2024-03-21 02:02:00,airport,ctr,low,83.53,app,1,59,north,consumer,2024-10-04 13:18:00,66.0,69.6,app,active,south,parttime,1,,4.48,night,1,cargovan,north,2024-12-25 17:15:00,87.9,96239,active,v2.0,0,Midtown Relay,central,charging,63
DL00221,O00594,D151,V092,H02,2024-03-11 21:43:00,2024-03-11 22:58:44.220273,ontime,12.09,3,0,3.25,11.03,75.73700455,4,240,0,0,C0116,retail,2024-03-11 19:40:00,central,east,medium,149.86,app,1,64,riverside,consumer,2025-02-09 14:25:00,65.6,55.5,web,active,east,fulltime,2,71.3,4.69,flexible,1,hybrid,east,2024-01-07 14:19:00,80.5,36143,inrepair,v2.1,1,South Link,south,dispatch,78
DL00222,O01010,D121,V045,H06,2024-05-18 21:01:00,2024-05-18 23:50:57.890175,ontime,9.72,0,0,5.0,8.53,169.96483625000002,6,360,0,0,C0018,business,2024-05-18 18:20:00,west,south,low,55.14,,0,56,west,consumer,2025-08-18 18:40:00,63.2,49.6,web,dormant,riverside,contract,3,,4.97,morning,1,ev,east,2025-08-10 04:56:00,88.0,190688,active,v2.2,0,Airport Hub,airport,dispatch,71
DL00223,O00740,D155,V085,H08,2024-05-22 15:11:00,2024-05-22 20:28:55.835439,delayed,12.99,0,0,3.19,12.3,317.93059065,4,240,1,0,C0151,medical,2024-05-22 14:17:00,east,east,medium,67.9,web,1,20,north,consumer,2024-10-10 14:32:00,79.2,33.8,app,suspended,central,parttime,6,69.5,3.98,morning,1,cargovan,south,2025-09-30 12:01:00,87.3,145652,active,v2.1,0,Midtown Relay,central,charging,63
DL00224,O00960,D034,V040,H07,2025-01-20 03:14:00,2025-01-20 03:27:00.000000,ontime,11.88,0,0,3.79,14.2,13.0,1,60,0,0,C0554,passenger,2025-01-20 03:03:00,riverside,north,medium,86.06,app,0,37,east,consumer,2025-01-15 08:24:00,59.5,46.8,app,active,west,fulltime,11,71.3,4.27,morning,1,ev,central,2025-11-23 11:28:00,90.0,133770,active,v2.0,0,Riverside Hub,riverside,warehouse,66
DL00225,O00056,D150,V044,H05,2025-10-05 20:44:00,2025-10-06 00:53:02.095072,ontime,6.21,2,0,3.98,14.94,249.03491786666666,4,240,1,0,C0271,parcel,2025-10-05 20:28:00,south,central,high,160.35,web,0,66,east,consumer,2025-12-09 06:43:00,65.1,15.5,web,active,east,fulltime,12,88.1,4.08,night,1,ev,airport,2025-02-14 20:35:00,91.8,111243,active,v2.2,0,Central Core,central,control,88
DL00226,O00823,D119,V030,H06,2025-02-05 21:33:00,2025-02-06 09:56:15.951005,delayed,9.28,0,0,2.17,10.29,743.2658500833334,12,720,1,0,C0264,passenger,2025-02-05 18:50:00,east,north,medium,122.9,app,0,51,central,consumer,2025-10-20 06:04:00,79.2,32.0,app,active,south,fulltime,5,56.0,3.55,flexible,1,cargovan,north,2025-09-14 07:20:00,78.0,134360,active,v2.1,0,Airport Hub,airport,dispatch,71
DL00227,O01138,D083,V114,H04,2024-02-08 18:51:00,2024-02-08 20:38:03.973692,ontime,16.490000000000002,2,0,4.65,13.68,107.0662282,2,120,0,0,C0409,parcel,2024-02-08 17:08:00,airport,south,medium,41.05,app,0,45,south,consumer,2025-01-19 01:29:00,82.8,56.9,web,dormant,north,fulltime,12,80.8,4.16,flexible,1,hybrid,north,2024-10-03 17:53:00,90.0,84649,active,v2.2,0,West Gate,west,dispatch,69
DL00229,O00518,D050,V036,H02,2025-12-11 02:26:00,2025-12-11 13:40:02.515856,ontime,14.89,0,0,3.97,13.89,674.0419309333333,12,720,0,0,C0112,medical,2025-12-11 02:12:00,north,east,high,61.85,web,0,25,north,consumer,2025-02-01 22:48:00,42.1,66.1,app,active,north,fulltime,6,87.4,3.9,evening,1,diesel,north,2025-09-26 13:33:00,90.4,215767,inrepair,v2.1,1,South Link,south,dispatch,78
DL00230,O00303,D055,V037,H06,2025-07-22 05:41:00,2025-07-23 00:56:58.415169,failed,14.85,1,0,2.34,13.21,1155.97358615,4,240,1,1,C0514,retail,2025-07-22 05:16:00,central,south,medium,48.67,web,0,22,riverside,consumer,2024-11-09 20:26:00,65.9,76.4,app,active,central,fulltime,15,90.5,5.0,flexible,1,cargovan,south,2025-06-13 23:43:00,56.6,52146,inrepair,v1.9,1,Airport Hub,airport,dispatch,71
DL00231,O00670,D014,V046,H05,2024-03-27 23:40:00,2024-03-28 02:54:39.523324,ontime,13.07,0,0,4.72,3.86,194.65872206666666,4,240,0,0,C0305,retail,2024-03-27 21:40:00,south,west,high,128.5,app,1,72,north,consumer,2024-11-19 06:49:00,42.7,75.9,app,active,north,fulltime,6,76.1,4.7,evening,1,ev,north,2024-07-11 13:31:00,95.8,101425,active,v1.9,0,Central Core,central,control,88
DL00232,O00397,D050,V101,H06,2025-06-18 19:47:00,2025-06-19 09:18:18.249166,ontime,29.8,1,0,3.71,14.58,811.3041527666667,12,720,1,0,C0417,parcel,2025-06-18 18:30:00,airport,south,medium,42.94,app,1,72,west,consumer,2025-09-01 20:04:00,69.7,58.2,app,dormant,north,fulltime,6,87.4,3.9,evening,1,hybrid,north,2024-07-10 00:56:00,84.8,106932,inrepair,v2.1,1,Airport Hub,airport,dispatch,71
DL00233,O01173,D094,V020,H04,2024-02-08 11:24:00,2024-02-08 17:48:05.084656,ontime,5.36,0,0,4.5,11.41,384.08474426666663,6,360,1,0,C0194,passenger,2024-02-08 10:14:00,north,airport,medium,41.11,phone,0,57,west,sme,2024-09-01 03:10:00,60.0,17.1,app,dormant,ctr,parttime,6,60.8,4.48,night,0,hybrid,riverside,2024-10-26 11:25:00,82.3,187051,scheduled,v2.1,0,West Gate,west,dispatch,69
DL00234,O00340,D056,V028,H01,2025-02-10 03:37:00,2025-02-10 06:18:46.049848,ontime,13.52,1,0,2.88,6.77,161.76749746666667,2,120,1,0,C0127,retail,2025-02-10 02:26:00,ctr,airport,high,89.8,app,0,32,west,sme,2024-07-18 06:01:00,77.0,51.5,web,active,west,fulltime,12,74.6,4.45,evening,1,ev,east,2024-08-25 02:52:00,75.4,149698,active,v2.0,0,North Exchange,north,dispatch,82
DL00235,O00507,D022,V109,H05,2025-12-13 06:42:00,2025-12-14 03:05:08.091772,failed,18.87,0,0,3.68,19.15,1223.1348628666667,4,240,1,1,C0484,parcel,2025-12-13 04:02:00,south,west,medium,62.89,app,0,23,south,consumer,2024-06-09 13:07:00,66.0,31.0,web,active,east,fulltime,9,68.7,3.36,flexible,1,hybrid,airport,2024-10-17 11:15:00,60.6,193552,inrepair,v2.1,1,Central Core,central,control,88
DL00236,O00013,D163,V009,H07,2024-03-29 22:48:00,2024-03-30 20:39:02.394303,ontime,20.12,2,0,3.74,17.02,1311.0399050499998,24,1440,0,0,C0234,retail,2024-03-29 22:11:00,airport,central,medium,302.7,app,0,71,north,consumer,2024-03-27 18:33:00,54.1,74.6,app,active,riverside,fulltime,11,78.2,4.5,morning,0,cargovan,south,2025-05-01 08:50:00,68.8,156687,active,v2.1,1,Riverside Hub,riverside,warehouse,66
DL00237,O00082,D135,V099,H06,2024-07-30 05:49:00,2024-07-30 15:01:15.776025,ontime,12.83,1,0,3.62,20.26,552.26293375,12,720,0,0,C0531,retail,2024-07-30 03:44:00,central,west,medium,36.55,app,0,74,central,sme,2024-05-19 00:54:00,46.7,66.5,partner api,dormant,riverside,parttime,2,70.3,4.4,flexible,1,hybrid,south,2024-09-06 02:11:00,65.8,92896,active,v2.0,1,Airport Hub,airport,dispatch,71
DL00238,O00979,D146,V077,H04,2025-01-08 05:27:00,2025-01-08 15:41:00.475033,ontime,14.2,2,0,4.02,13.01,614.0079172166667,12,720,0,0,C0257,business,2025-01-08 04:24:00,north,west,low,54.09,phone,0,34,west,consumer,2025-04-30 08:51:00,55.0,93.1,app,active,airport,contract,1,,4.36,morning,1,ev,south,2025-04-23 19:27:00,67.6,116877,scheduled,v2.1,1,West Gate,west,dispatch,69
DL00239,O00052,D019,V010,H06,2024-08-14 09:02:00,2024-08-15 01:09:18.015871,delayed,13.6,1,0,3.72,16.0,967.3002645166667,12,720,1,0,C0150,retail,2024-08-14 08:33:00,north,riverside,medium,293.65,api,0,58,north,consumer,2025-06-08 06:44:00,88.8,60.9,app,active,riverside,fulltime,11,73.4,3.82,flexible,0,cargovan,north,2025-10-07 22:40:00,50.7,129032,inrepair,v2.1,1,Airport Hub,airport,dispatch,71
DL00240,O01169,D131,V070,H06,2025-11-06 15:56:00,2025-11-07 02:10:49.323911,failed,38.25,1,0,3.34,21.21,614.8220651833333,4,240,1,1,C0158,parcel,2025-11-06 13:03:00,airport,east,medium,145.59,web,0,57,riverside,consumer,2025-11-18 07:27:00,73.7,70.5,web,active,south,fulltime,9,86.7,4.26,night,0,cargovan,north,2025-10-24 17:32:00,62.6,39859,inrepair,v2.0,1,Airport Hub,airport,dispatch,71
DL00241,O00187,D155,V084,H07,2024-12-30 18:28:00,2024-12-31 04:43:09.844483,ontime,10.78,0,0,5.0,15.96,615.1640747166667,12,720,0,0,C0070,medical,2024-12-30 17:20:00,south,east,medium,49.72,app,0,51,west,consumer,2024-03-04 06:04:00,77.1,75.9,app,active,central,parttime,6,69.5,3.98,morning,1,cargovan,riverside,2024-12-23 06:28:00,47.6,53872,inrepair,v2.1,1,Riverside Hub,riverside,warehouse,66
DL00242,O00119,D137,V108,H07,2024-05-25 22:51:00,2024-05-26 08:01:37.790962,delayed,4.26,2,0,1.93,17.11,550.6298493666667,4,240,1,0,C0229,medical,2024-05-25 22:14:00,north,north,low,66.42,app,0,52,central,consumer,2025-05-31 00:05:00,23.4,73.7,web,active,north,contract,10,65.6,4.4,flexible,1,diesel,airport,2025-01-31 06:29:00,54.6,141290,inrepair,v1.9,1,Riverside Hub,riverside,warehouse,66
DL00243,O00544,D099,V079,H04,2024-06-14 20:33:00,2024-06-15 20:11:53.741981,ontime,14.39,1,0,4.52,10.27,1418.8956996833333,24,1440,0,0,C0212,retail,2024-06-14 19:25:00,central,west,low,53.15,phone,0,27,riverside,consumer,2024-05-23 12:22:00,70.7,100.0,web,dormant,north,contract,10,82.7,3.48,night,1,ev,airport,2025-12-01 18:20:00,100.0,117995,active,v2.2,0,West Gate,west,dispatch,69
DL00244,O00610,D024,V077,H03,2024-07-21 19:36:00,2024-07-22 17:48:27.423191,ontime,6.55,0,0,4.87,10.1,1332.4570531833333,24,1440,0,0,C0635,passenger,2024-07-21 18:29:00,south,riverside,medium,169.63,api,0,68,riverside,enterprise,2025-08-27 11:12:00,73.9,76.1,web,active,riverside,parttime,8,71.4,3.35,evening,1,ev,south,2025-04-23 19:27:00,67.6,116877,scheduled,v2.1,1,East Dock,east,warehouse,74
DL00245,O01206,D047,V061,H01,2024-11-16 00:30:00,2024-11-16 03:42:19.846988,ontime,16.57,1,0,4.28,17.58,192.3307831333333,4,240,0,0,C0236,medical,2024-11-15 23:55:00,central,riverside,high,142.54,web,0,25,central,sme,2025-09-02 12:48:00,57.0,84.9,app,active,south,fulltime,7,64.6,4.7,morning,1,diesel,south,2025-08-06 20:40:00,60.3,126438,active,v2.2,1,North Exchange,north,dispatch,82
DL00246,O00603,D016,V061,H05,2024-02-25 01:31:00,2024-02-25 21:51:52.790634,ontime,20.51,0,0,4.05,12.98,1220.8798439,24,1440,0,0,C0351,parcel,2024-02-24 23:29:00,west,riverside,medium,66.39,app,0,66,central,enterprise,2024-02-10 00:50:00,48.6,49.9,app,active,airport,fulltime,6,81.9,4.31,evening,1,diesel,south,2025-08-06 20:40:00,60.3,126438,active,v2.2,1,Central Core,central,control,88
DL00247,O00881,D056,V100,H08,2024-12-31 12:39:00,2024-12-31 18:10:16.768203,ontime,11.09,0,0,4.04,5.77,331.27947005,6,360,0,0,C0545,passenger,2024-12-31 10:00:00,riverside,south,low,83.23,app,0,18,south,consumer,2024-07-05 12:10:00,66.9,72.4,app,active,west,fulltime,12,74.6,4.45,evening,1,cargovan,east,2024-06-23 11:24:00,60.1,31876,active,v2.0,1,Midtown Relay,central,charging,63
DL00248,O00799,D099,V047,H02,2025-08-22 18:02:00,2025-08-23 17:33:16.669312,ontime,7.06,1,0,5.0,13.65,1411.2778218666667,24,1440,0,0,C0289,passenger,2025-08-22 17:24:00,east,south,high,260.0,web,0,19,north,sme,2024-06-11 00:31:00,75.8,77.3,app,active,north,contract,10,82.7,3.48,night,1,ev,ctr,2025-02-15 14:49:00,93.7,134347,scheduled,v2.2,0,South Link,south,dispatch,78
DL00249,O00770,D139,V107,H06,2024-07-20 09:45:00,2024-07-20 17:43:30.442864,delayed,15.28,0,1,3.02,15.91,478.50738106666665,2,120,1,0,C0096,retail,2024-07-20 08:12:00,south,west,medium,68.11,app,0,73,west,consumer,2024-07-18 07:52:00,31.8,58.2,unknown,active,south,fulltime,10,71.4,4.99,evening,1,cargovan,north,2024-12-25 17:15:00,87.9,96239,active,v2.0,0,Airport Hub,airport,dispatch,71
DL00250,O00977,D092,V067,H03,2024-08-27 17:43:00,2024-08-27 19:38:27.825277,ontime,6.39,0,0,4.03,7.45,115.46375461666666,4,240,0,0,C0235,retail,2024-08-27 15:42:00,west,west,medium,25.58,app,1,35,airport,enterprise,2024-06-07 21:57:00,43.7,60.0,phone,active,east,fulltime,15,88.2,4.24,evening,1,hybrid,ctr,2025-11-15 00:12:00,57.3,176145,active,v2.0,1,East Dock,east,warehouse,74
DL00251,O00122,D005,V030,H06,2024-02-10 16:00:00,2024-02-11 06:46:03.568269,failed,14.27,0,0,3.89,16.33,886.05947115,1,60,1,1,C0597,medical,2024-02-10 14:30:00,riverside,north,medium,27.55,app,0,74,north,consumer,2024-11-12 02:19:00,57.2,64.3,phone,active,north,fulltime,3,69.7,4.14,morning,1,cargovan,north,2025-09-14 07:20:00,78.0,134360,active,v2.1,0,Airport Hub,airport,dispatch,71
DL00252,O00713,D109,V001,H05,2024-07-10 01:06:00,2024-07-10 05:10:04.532246,ontime,11.34,0,0,4.06,10.82,244.07553743333335,6,360,0,0,C0316,medical,2024-07-09 22:55:00,south,north,low,48.38,phone,0,32,north,consumer,2025-10-30 08:25:00,66.7,59.5,app,active,central,contract,14,68.1,3.94,morning,1,ev,north,2024-12-28 23:48:00,71.8,56928,active,v2.2,0,Central Core,central,control,88
DL00253,O00325,D126,V033,H08,2024-09-30 05:43:00,2024-09-30 07:09:22.633894,ontime,5.12,1,0,4.24,9.16,86.37723156666667,2,120,0,0,C0259,passenger,2024-09-30 04:52:00,north,south,medium,70.71,web,0,43,central,consumer,2024-07-29 07:47:00,78.3,42.2,app,dormant,east,parttime,9,69.7,4.1,evening,1,ev,airport,2024-09-19 18:57:00,78.6,55241,inrepair,v2.2,1,Midtown Relay,central,charging,63
DL00254,O00933,D053,V084,H05,2024-12-29 13:26:00,2024-12-29 18:18:06.932349,ontime,11.34,1,0,4.09,12.33,292.11553914999996,6,360,0,0,C0534,passenger,2024-12-29 11:34:00,south,airport,high,96.98,phone,1,58,west,consumer,2024-05-14 15:18:00,61.2,33.4,app,active,west,fulltime,5,83.3,3.8,morning,1,cargovan,riverside,2024-12-23 06:28:00,47.6,53872,inrepair,v2.1,1,Central Core,central,control,88
DL00255,O00908,D154,V032,H06,2025-07-02 02:14:00,2025-07-02 12:52:13.920416,delayed,28.05,3,0,3.35,18.76,638.2320069333333,6,360,1,0,C0167,parcel,2025-07-02 00:04:00,airport,east,low,142.89,app,1,72,ctr,consumer,2025-12-24 13:32:00,52.5,62.0,app,active,airport,fulltime,4,67.0,4.35,evening,1,cargovan,north,2024-01-11 00:03:00,74.1,102207,active,v1.9,0,Airport Hub,airport,dispatch,71
DL00256,O00389,D105,V088,H01,2025-01-22 12:35:00,2025-01-22 19:44:37.435823,delayed,8.17,1,0,3.16,14.91,429.62393038333335,4,240,1,0,C0361,passenger,2025-01-22 11:45:00,central,riverside,low,65.05,app,0,65,south,consumer,2024-01-11 17:19:00,59.6,49.3,web,active,riverside,contract,2,82.0,3.71,morning,1,diesel,north,2024-02-14 14:03:00,80.3,50427,inrepair,v2.1,1,North Exchange,north,dispatch,82
DL00257,O00103,D034,V038,H02,2024-01-26 14:25:00,2024-01-27 12:53:16.844122,delayed,15.88,1,0,3.54,14.05,1348.2807353666665,12,720,1,0,C0456,business,2024-01-26 12:53:00,south,west,low,77.37,app,0,25,central,sme,2025-08-20 06:59:00,64.2,79.9,phone,active,west,fulltime,11,71.3,4.27,morning,1,cargovan,central,2025-03-16 12:29:00,81.6,68032,active,v2.1,0,South Link,south,dispatch,78
DL00258,O01230,D003,V093,H02,2024-05-26 21:11:00,2024-05-27 03:52:09.653128,delayed,15.09,2,0,3.74,8.22,401.1608854666667,1,60,1,0,C0564,parcel,2024-05-26 19:24:00,central,north,high,86.63,app,0,64,east,consumer,2024-08-14 04:18:00,48.6,72.0,web,active,airport,fulltime,11,96.5,5.0,evening,1,cargovan,central,2025-03-04 19:16:00,69.2,119136,scheduled,v2.0,1,South Link,south,dispatch,78
DL00259,O00266,D120,V096,H06,2024-10-04 19:45:00,2024-10-05 01:21:38.291899,delayed,16.86,1,0,1.0,19.95,336.63819831666666,2,120,1,0,C0345,business,2024-10-04 17:41:00,ctr,north,high,41.27,app,1,18,north,consumer,2025-06-24 14:28:00,93.5,56.9,web,active,north,parttime,3,76.9,3.72,morning,1,cargovan,east,2025-08-21 07:26:00,85.1,193315,inrepair,v2.0,1,Airport Hub,airport,dispatch,71
DL00260,O00152,D001,V114,H04,2024-09-03 19:25:00,2024-09-04 16:41:43.922337,ontime,21.6,0,0,3.32,17.16,1276.7320389499998,24,1440,0,0,C0239,retail,2024-09-03 18:28:00,east,north,medium,139.65,web,0,65,central,sme,2025-09-25 20:09:00,80.0,51.7,app,suspended,airport,fulltime,8,67.8,3.54,morning,1,hybrid,north,2024-10-03 17:53:00,90.0,84649,active,v2.2,0,West Gate,west,dispatch,69
DL00261,O00445,D051,V079,H02,2025-04-19 01:20:00,2025-04-19 11:53:50.948058,failed,10.73,1,1,3.18,9.58,633.8491343000001,2,120,1,1,C0054,passenger,2025-04-18 22:53:00,south,riverside,high,68.98,app,0,75,west,consumer,2025-12-24 13:22:00,42.4,26.8,web,active,west,fulltime,3,75.4,3.58,evening,1,ev,airport,2025-12-01 18:20:00,100.0,117995,active,v2.2,0,South Link,south,dispatch,78
DL00262,O00762,D134,V038,H08,2025-04-09 22:31:00,2025-04-09 23:27:49.931018,ontime,5.51,0,0,4.14,10.11,56.83218363333334,4,240,0,0,C0118,retail,2025-04-09 21:56:00,east,south,medium,21.57,app,0,20,south,consumer,2024-06-23 04:01:00,79.1,31.1,app,active,south,parttime,4,61.5,3.59,flexible,1,cargovan,central,2025-03-16 12:29:00,81.6,68032,active,v2.1,0,Midtown Relay,central,charging,63
DL00263,O01006,D048,V098,H01,2025-12-29 14:58:00,2025-12-30 04:56:17.180320,delayed,15.66,1,0,2.55,9.31,838.2863386666667,12,720,1,0,C0112,parcel,2025-12-29 12:08:00,central,east,high,74.48,phone,1,25,north,consumer,2025-02-01 22:48:00,42.1,66.1,app,active,east,fulltime,7,76.3,3.45,flexible,1,diesel,west,2025-12-29 15:01:00,69.7,73011,active,v2.1,1,North Exchange,north,dispatch,82
DL00264,O00802,D073,V067,H08,2024-02-14 07:30:00,2024-02-15 08:17:05.653632,ontime,11.61,0,0,4.33,11.38,1487.0942272,24,1440,1,0,C0187,passenger,2024-02-14 06:56:00,west,west,medium,32.72,phone,0,47,east,sme,2025-10-11 02:51:00,59.6,59.3,web,active,east,fulltime,11,76.9,4.58,evening,1,hybrid,ctr,2025-11-15 00:12:00,57.3,176145,active,v2.0,1,Midtown Relay,central,charging,63
DL00265,O00253,D119,V054,H03,2024-06-28 11:02:00,2024-06-28 13:40:12.117454,ontime,14.43,0,0,4.54,15.01,158.20195756666666,4,240,0,0,C0543,retail,2024-06-28 08:57:00,ctr,west,high,144.86,web,0,20,riverside,consumer,2025-06-02 07:20:00,47.0,54.7,app,dormant,south,fulltime,5,56.0,3.55,flexible,1,hybrid,north,2024-10-28 22:21:00,76.7,90558,scheduled,v2.2,0,East Dock,east,warehouse,74
DL00267,O00665,D090,V015,H08,2024-02-17 14:27:00,2024-02-17 16:12:15.501233,ontime,7.98,1,0,4.96,8.83,105.25835388333333,4,240,0,0,C0522,passenger,2024-02-17 12:11:00,west,central,low,176.48,app,1,28,east,consumer,2024-07-02 15:25:00,56.1,63.3,app,suspended,north,fulltime,8,58.0,3.78,morning,1,cargovan,airport,2024-06-02 13:54:00,78.2,67614,inrepair,v1.9,1,Midtown Relay,central,charging,63
DL00269,O00131,D085,V052,H06,2024-06-29 23:38:00,2024-07-01 10:09:10.323380,delayed,16.05,1,0,1.96,13.91,2071.1720563333333,24,1440,1,0,C0478,retail,2024-06-29 23:10:00,east,west,medium,14.11,app,0,43,north,consumer,2024-02-22 09:47:00,43.6,52.4,app,active,north,parttime,9,84.5,4.11,evening,0,hybrid,riverside,2024-11-14 16:11:00,95.4,182486,active,v1.9,0,Airport Hub,airport,dispatch,71
DL00270,O00764,D104,V023,H08,2024-07-14 11:50:00,2024-07-15 02:05:57.442199,failed,5.37,1,0,4.29,12.93,855.9573699833333,2,120,1,1,C0452,retail,2024-07-14 10:39:00,north,west,medium,72.77,app,0,70,south,consumer,2025-05-01 07:53:00,61.4,69.4,app,active,west,fulltime,15,87.7,3.45,morning,1,hybrid,east,2024-01-07 23:54:00,70.7,188387,active,v2.1,0,Midtown Relay,central,charging,63
DL00271,O00193,D036,V017,H06,2024-01-22 16:51:00,2024-01-23 01:31:56.632521,delayed,9.24,2,0,4.25,2.78,520.94387535,4,240,1,0,C0114,business,2024-01-22 15:07:00,east,ctr,medium,202.67,app,1,38,central,consumer,2024-07-01 13:50:00,72.2,45.8,app,active,airport,parttime,9,79.3,4.69,morning,1,hybrid,riverside,2024-04-23 12:54:00,82.4,169703,inrepair,v2.2,1,Airport Hub,airport,dispatch,71
DL00273,O00492,D071,V049,H01,2025-10-16 03:34:00,2025-10-16 06:45:29.870072,ontime,9.75,0,0,2.95,14.1,191.49783453333333,6,360,0,0,C0243,retail,2025-10-16 03:03:00,west,south,critical,70.04,app,0,31,riverside,consumer,2025-06-20 16:36:00,63.0,85.8,phone,suspended,central,parttime,12,56.7,4.49,evening,1,diesel,east,2025-12-09 16:47:00,55.9,15278,active,v2.2,1,North Exchange,north,dispatch,82
DL00274,O01198,D080,V080,H02,2025-01-13 05:25:00,2025-01-13 06:53:29.209324,ontime,9.06,0,0,4.14,6.22,88.48682206666668,6,360,0,0,C0013,retail,2025-01-13 02:39:00,north,east,high,36.61,app,0,30,east,enterprise,2024-02-17 17:54:00,31.3,51.7,app,active,central,fulltime,11,,4.35,flexible,1,ev,east,2024-05-27 22:15:00,100.0,68844,active,v1.9,0,South Link,south,dispatch,78
DL00275,O00697,D002,V012,H07,2025-02-09 18:46:00,2025-02-09 23:36:15.049502,ontime,1.96,0,0,4.25,8.32,290.25082503333334,6,360,0,0,C0454,medical,2025-02-09 16:51:00,east,west,medium,7.69,api,0,28,south,consumer,2024-10-27 07:07:00,62.2,63.6,app,active,central,fulltime,4,42.4,3.94,evening,1,hybrid,south,2024-04-15 00:26:00,56.2,52021,active,v2.1,1,Riverside Hub,riverside,warehouse,66
DL00276,O00531,D119,V014,H02,2025-04-26 10:59:00,2025-04-27 08:38:51.218057,ontime,30.31,2,0,4.17,18.74,1299.8536342833333,24,1440,0,0,C0013,business,2025-04-26 08:49:00,airport,airport,high,157.07,app,0,30,east,enterprise,2024-02-17 17:54:00,31.3,51.7,app,active,south,fulltime,5,56.0,3.55,flexible,1,ev,airport,2025-05-24 12:36:00,100.0,206339,scheduled,v2.0,0,South Link,south,dispatch,78
DL00277,O00942,D104,V117,H04,2025-01-09 09:51:00,2025-01-09 19:32:27.546472,ontime,7.7,2,0,4.03,12.17,581.4591078666667,12,720,0,0,C0291,passenger,2025-01-09 07:41:00,ctr,riverside,high,101.75,app,0,43,north,enterprise,2024-11-05 23:09:00,66.1,88.6,web,active,west,fulltime,15,87.7,3.45,morning,1,hybrid,south,2025-01-11 11:13:00,65.5,163683,scheduled,v2.2,1,West Gate,west,dispatch,69
DL00278,O00203,D135,V070,H07,2024-07-05 21:38:00,2024-07-06 14:21:54.442674,failed,3.93,2,0,3.49,3.82,1003.9073778999999,6,360,1,1,C0336,business,2024-07-05 19:52:00,central,airport,high,84.76,web,0,33,airport,consumer,2025-12-04 16:33:00,59.6,38.3,phone,dormant,riverside,parttime,2,70.3,4.4,flexible,1,cargovan,north,2025-10-24 17:32:00,62.6,39859,inrepair,v2.0,1,Riverside Hub,riverside,warehouse,66
DL00279,O00201,D032,V111,H01,2025-05-13 17:15:00,2025-05-13 20:41:51.542934,ontime,11.65,2,0,4.15,8.01,206.85904889999998,4,240,0,0,C0486,passenger,2025-05-13 16:30:00,north,south,medium,118.29,web,0,50,west,enterprise,2025-01-08 14:49:00,52.5,76.4,app,active,east,parttime,6,81.5,3.99,evening,1,ev,west,2025-11-11 00:21:00,66.3,208147,active,v2.1,1,North Exchange,north,dispatch,82
DL00281,O00801,D123,V046,H02,2024-03-29 16:47:00,2024-03-29 19:57:12.212231,ontime,24.03,1,0,4.79,22.2,190.20353718333334,6,360,0,0,C0138,retail,2024-03-29 14:49:00,south,north,medium,111.28,app,0,74,south,consumer,2024-07-06 19:00:00,93.2,90.8,web,active,riverside,fulltime,3,93.5,4.12,flexible,1,ev,north,2024-07-11 13:31:00,95.8,101425,active,v1.9,0,South Link,south,dispatch,78
DL00282,O01232,D045,V114,H03,2024-01-18 22:52:00,2024-01-19 02:56:30.044466,ontime,14.86,1,0,3.5,16.26,244.5007411,6,360,0,0,C0189,passenger,2024-01-18 20:35:00,west,east,medium,55.4,app,1,48,riverside,consumer,2024-08-15 02:16:00,76.6,41.1,app,active,north,fulltime,2,59.6,4.12,flexible,1,hybrid,north,2024-10-03 17:53:00,90.0,84649,active,v2.2,0,East Dock,east,warehouse,74
DL00284,O00999,D089,V075,H03,2024-06-30 12:34:00,2024-07-01 08:34:00.640399,ontime,2.53,0,0,3.73,4.03,1200.0106733166665,24,1440,0,0,C0613,retail,2024-06-30 10:26:00,riverside,south,high,170.69,web,1,40,north,consumer,2025-06-03 00:10:00,45.5,60.7,app,suspended,ctr,fulltime,2,71.1,4.57,night,1,diesel,west,2024-04-12 02:10:00,85.5,32441,inrepair,v2.1,1,East Dock,east,warehouse,74
DL00285,O00442,D001,V097,H07,2025-06-22 14:54:00,2025-06-22 17:41:05.902000,ontime,9.22,0,0,4.95,8.62,167.09836666666666,4,240,0,0,C0080,business,2025-06-22 13:31:00,ctr,west,high,81.32,api,1,25,east,consumer,2025-04-30 03:07:00,81.6,37.2,app,active,airport,fulltime,8,67.8,3.54,morning,1,ev,ctr,2024-11-12 12:56:00,92.1,18680,active,v2.1,0,Riverside Hub,riverside,warehouse,66
DL00287,O00352,D138,V099,H01,2024-05-19 17:01:00,2024-05-19 21:25:24.547937,ontime,36.08,2,0,4.24,24.5,264.40913228333335,4,240,1,0,C0097,parcel,2024-05-19 16:27:00,airport,north,low,271.29,app,0,46,airport,sme,2025-02-14 23:51:00,55.6,39.2,web,active,ctr,parttime,11,69.2,4.61,evening,1,hybrid,south,2024-09-06 02:11:00,65.8,92896,active,v2.0,1,North Exchange,north,dispatch,82
DL00288,O00636,D004,V064,H03,2024-06-20 10:05:00,2024-06-20 21:12:47.425266,delayed,14.61,0,0,1.0,15.39,667.7904211,4,240,1,0,C0208,medical,2024-06-20 07:22:00,west,north,medium,134.63,app,1,48,central,enterprise,2025-02-06 16:19:00,74.5,67.0,phone,dormant,airport,parttime,13,88.9,4.75,morning,1,cargovan,west,2025-12-28 22:35:00,67.3,219116,inrepair,v2.2,1,East Dock,east,warehouse,74
DL00290,O00524,D035,V083,H03,2025-06-20 16:54:00,2025-06-20 19:14:45.474692,ontime,30.93,0,0,5.0,19.1,140.75791153333333,4,240,0,0,C0052,passenger,2025-06-20 16:04:00,airport,riverside,medium,40.41,app,1,56,east,consumer,2024-10-11 04:52:00,55.6,75.7,app,active,ctr,fulltime,5,66.2,3.71,flexible,0,cargovan,north,2024-04-11 18:04:00,79.3,42073,active,v2.2,0,East Dock,east,warehouse,74
DL00291,O00485,D100,V068,H04,2024-11-27 02:51:00,2024-11-27 04:40:02.445388,ontime,17.86,1,0,3.97,19.28,109.04075646666666,1,60,1,0,C0168,passenger,2024-11-27 01:17:00,north,ctr,high,95.19,api,0,70,riverside,consumer,2025-02-17 10:26:00,54.3,69.4,web,active,central,fulltime,4,62.0,4.31,flexible,1,hybrid,riverside,2024-06-28 15:49:00,97.5,73769,inrepair,v2.0,1,West Gate,west,dispatch,69
DL00292,O00811,D149,V103,H01,2024-05-09 08:13:00,2024-05-09 11:59:25.379839,ontime,15.21,1,0,4.41,18.9,226.42299731666665,6,360,0,0,C0267,retail,2024-05-09 06:28:00,north,riverside,medium,104.5,app,1,31,riverside,consumer,2025-12-10 09:39:00,49.0,55.7,web,active,airport,fulltime,7,81.5,4.55,night,1,hybrid,north,2025-01-06 03:21:00,100.0,181609,inrepair,v2.1,1,North Exchange,north,dispatch,82
DL00293,O00888,D098,V104,H07,2024-06-13 07:40:00,2024-06-13 10:45:19.325161,ontime,16.53,1,0,3.97,12.62,185.32208601666667,2,120,1,0,C0254,medical,2024-06-13 06:33:00,riverside,riverside,low,139.5,app,0,57,east,consumer,2024-03-12 23:59:00,40.2,47.8,unknown,active,south,contract,3,70.9,4.29,morning,1,ev,east,2025-06-30 12:21:00,73.9,91441,active,v2.1,0,Riverside Hub,riverside,warehouse,66
DL00294,O00443,D093,V100,H08,2025-10-20 02:48:00,2025-10-20 11:47:02.861673,ontime,12.21,0,0,4.39,15.82,539.04769455,12,720,0,0,C0378,parcel,2025-10-20 00:06:00,north,riverside,medium,63.8,app,1,38,riverside,consumer,2024-07-17 07:29:00,26.2,77.3,app,active,south,parttime,12,75.2,4.43,flexible,1,cargovan,east,2024-06-23 11:24:00,60.1,31876,active,v2.0,1,Midtown Relay,central,charging,63
DL00295,O01101,D131,V087,H07,2024-01-14 09:50:00,2024-01-14 14:16:20.091051,ontime,20.39,2,0,5.0,18.38,266.33485085,6,360,0,0,C0023,parcel,2024-01-14 06:59:00,riverside,north,medium,38.39,phone,1,52,south,consumer,2025-06-28 13:49:00,73.1,45.2,web,active,south,fulltime,9,86.7,4.26,night,0,hybrid,airport,2025-02-09 18:48:00,49.7,116811,active,v2.1,1,Riverside Hub,riverside,warehouse,66
DL00296,O01064,D062,V044,H03,2025-12-22 19:59:00,2025-12-23 10:18:27.445268,delayed,16.44,2,0,4.7,11.33,859.4574211333334,12,720,1,0,C0095,passenger,2025-12-22 18:49:00,central,airport,medium,48.29,app,1,23,south,sme,2024-08-16 19:51:00,50.8,61.7,app,suspended,south,fulltime,10,62.4,4.48,flexible,1,ev,airport,2025-02-14 20:35:00,91.8,111243,active,v2.2,0,East Dock,east,warehouse,74
DL00298,O01051,D111,V109,H05,2025-06-06 07:00:00,2025-06-06 23:06:57.382276,delayed,11.95,0,0,3.03,8.36,966.9563712666666,4,240,1,0,C0288,retail,2025-06-06 04:56:00,central,airport,low,74.57,phone,0,51,west,consumer,2025-05-12 12:01:00,65.6,49.8,phone,active,airport,fulltime,15,79.2,4.12,night,1,hybrid,airport,2024-10-17 11:15:00,60.6,193552,inrepair,v2.1,1,Central Core,central,control,88
DL00299,O01061,D121,V088,H07,2024-04-29 22:39:00,2024-04-29 23:45:53.493983,ontime,15.83,3,0,4.49,12.5,66.89156638333333,2,120,0,0,C0535,retail,2024-04-29 20:49:00,central,west,medium,13.17,app,0,39,south,consumer,2024-06-18 21:50:00,38.6,80.2,web,active,riverside,contract,3,,4.97,morning,1,diesel,north,2024-02-14 14:03:00,80.3,50427,inrepair,v2.1,1,Riverside Hub,riverside,warehouse,66
DL00301,O01152,D165,V009,H04,2025-03-13 00:37:00,2025-03-13 23:37:06.560164,ontime,9.27,0,0,5.0,9.21,1380.1093360666666,24,1440,0,0,C0247,passenger,2025-03-12 22:21:00,riverside,west,high,192.23,app,0,31,east,consumer,2024-02-01 01:08:00,58.9,30.3,web,active,north,parttime,10,82.2,3.89,night,1,cargovan,south,2025-05-01 08:50:00,68.8,156687,active,v2.1,1,West Gate,west,dispatch,69
DL00302,O01208,D117,V008,H06,2024-04-18 21:38:00,2024-04-19 09:44:14.799027,ontime,14.89,0,0,3.6,10.25,726.2466504500001,12,720,1,0,C0098,medical,2024-04-18 19:37:00,riverside,south,medium,116.78,phone,1,54,central,consumer,2024-08-20 06:33:00,56.5,70.7,app,dormant,north,fulltime,1,71.1,3.93,flexible,1,ev,riverside,2025-06-14 03:47:00,90.5,49711,active,v2.0,0,Airport Hub,airport,dispatch,71
DL00303,O00813,D143,V005,H06,2025-10-14 00:12:00,2025-10-14 05:00:10.581519,ontime,10.29,1,0,5.0,18.54,288.17635865,4,240,1,0,C0642,parcel,2025-10-13 21:45:00,north,north,medium,75.79,app,0,59,north,sme,2025-05-03 03:08:00,51.2,65.0,web,active,central,fulltime,6,68.5,4.14,night,1,cargovan,west,2025-11-15 11:08:00,58.6,146638,active,v2.2,1,Airport Hub,airport,dispatch,71
DL00304,O00433,D036,V024,H08,2024-10-29 16:23:00,2024-10-30 06:42:08.707870,failed,11.81,0,1,2.83,10.31,859.1451311666666,12,720,1,1,C0633,retail,2024-10-29 13:27:00,ctr,central,medium,85.59,phone,0,44,central,consumer,2025-12-14 02:47:00,57.6,56.5,partner api,active,airport,parttime,9,79.3,4.69,morning,1,ev,east,2025-05-26 12:28:00,74.9,56967,active,v2.1,0,Midtown Relay,central,charging,63
DL00305,O00584,D028,V045,H06,2024-07-06 01:06:00,2024-07-06 04:24:49.446131,ontime,27.25,0,0,3.81,15.04,198.82410218333334,6,360,0,0,C0377,retail,2024-07-06 00:20:00,airport,west,medium,137.29,app,0,21,west,consumer,2025-05-22 06:19:00,57.6,64.5,phone,active,north,fulltime,11,83.0,4.07,flexible,1,ev,east,2025-08-10 04:56:00,88.0,190688,active,v2.2,0,Airport Hub,airport,dispatch,71
DL00306,O01168,D136,V099,H07,2024-12-15 22:14:00,2024-12-16 09:57:18.304523,delayed,34.53,4,1,2.96,19.47,703.3050753833334,12,720,0,0,C0575,passenger,2024-12-15 21:12:00,airport,central,medium,30.78,web,1,25,riverside,consumer,2025-01-10 19:53:00,77.2,72.1,web,active,airport,fulltime,4,89.5,3.99,evening,1,hybrid,south,2024-09-06 02:11:00,65.8,92896,active,v2.0,1,Riverside Hub,riverside,warehouse,66
DL00307,O00699,D089,V021,H03,2024-09-22 15:57:00,2024-09-23 01:06:05.325869,ontime,11.84,1,0,3.9,12.44,549.0887644833333,12,720,0,0,C0310,medical,2024-09-22 14:49:00,south,riverside,medium,202.46,web,0,24,ctr,sme,2025-02-24 14:39:00,36.1,67.3,app,active,ctr,fulltime,2,71.1,4.57,night,1,diesel,central,2025-06-22 17:38:00,83.0,71294,active,v2.2,0,East Dock,east,warehouse,74
DL00308,O00495,D146,V046,H01,2024-01-16 01:13:00,2024-01-16 07:46:08.760014,ontime,8.6,0,0,3.55,10.89,393.1460002333333,6,360,1,0,C0590,passenger,2024-01-15 23:35:00,east,south,low,133.15,app,0,68,airport,sme,2024-02-29 03:00:00,54.3,43.3,app,active,airport,contract,1,,4.36,morning,1,ev,north,2024-07-11 13:31:00,95.8,101425,active,v1.9,0,North Exchange,north,dispatch,82
DL00309,O00783,D164,V089,H02,2024-06-28 23:56:00,2024-06-29 03:09:24.133659,ontime,10.02,0,0,3.2,6.99,193.40222765,4,240,0,0,C0507,parcel,2024-06-28 22:22:00,north,east,critical,46.36,app,1,32,north,consumer,2025-01-02 03:09:00,58.1,72.4,app,active,central,fulltime,5,76.1,4.07,flexible,1,cargovan,central,2025-09-27 07:15:00,93.6,136082,inrepair,v1.9,1,South Link,south,dispatch,78
DL00310,O00285,D149,V077,H08,2025-01-05 13:48:00,2025-01-05 21:27:35.577931,ontime,9.55,2,0,4.67,12.27,459.59296551666665,4,240,1,0,C0180,business,2025-01-05 13:22:00,north,north,high,106.65,app,0,64,west,consumer,2025-11-23 08:25:00,50.3,58.9,phone,active,airport,fulltime,7,81.5,4.55,night,1,ev,south,2025-04-23 19:27:00,67.6,116877,scheduled,v2.1,1,Midtown Relay,central,charging,63
DL00311,O00797,D086,V077,H05,2025-03-23 04:36:00,2025-03-23 08:18:19.597633,ontime,8.21,2,0,5.0,10.01,222.32662721666665,4,240,0,0,C0231,passenger,2025-03-23 04:08:00,riverside,riverside,medium,47.39,app,1,28,central,sme,2025-02-13 18:02:00,69.4,18.9,app,active,north,parttime,14,70.6,5.0,flexible,1,ev,south,2025-04-23 19:27:00,67.6,116877,scheduled,v2.1,1,Central Core,central,control,88
DL00312,O00204,D142,V043,H03,2025-10-22 23:06:00,2025-10-23 17:41:31.231144,failed,31.38,0,0,4.79,14.35,1115.5205190666668,12,720,1,1,C0355,passenger,2025-10-22 21:38:00,airport,west,high,61.59,app,0,39,central,consumer,2024-09-14 16:40:00,49.1,49.2,app,active,airport,fulltime,12,98.7,4.23,night,1,ev,south,2025-02-23 11:32:00,76.4,149922,scheduled,v2.0,0,East Dock,east,warehouse,74
DL00313,O00601,D136,V005,H08,2025-05-23 04:56:00,2025-05-23 11:22:17.637305,ontime,17.43,2,0,3.9,12.77,386.29395508333334,6,360,1,0,C0335,retail,2025-05-23 04:16:00,north,south,low,49.24,phone,0,33,north,sme,2025-08-11 11:08:00,45.3,34.6,app,active,airport,fulltime,4,89.5,3.99,evening,1,cargovan,west,2025-11-15 11:08:00,58.6,146638,active,v2.2,1,Midtown Relay,central,charging,63
DL00314,O00499,D078,V092,H08,2024-06-11 07:00:00,2024-06-11 09:11:43.991103,ontime,5.63,2,0,4.16,6.47,131.73318505,4,240,0,0,C0198,passenger,2024-06-11 04:49:00,east,central,medium,62.77,phone,0,53,east,sme,2024-07-29 09:28:00,32.2,51.5,app,active,north,fulltime,11,73.7,4.28,morning,1,hybrid,east,2024-01-07 14:19:00,80.5,36143,inrepair,v2.1,1,Midtown Relay,central,charging,63
DL00315,O01107,D082,V041,H04,2024-01-25 08:28:00,2024-01-26 02:41:51.339470,delayed,37.41,2,0,4.22,17.73,1093.8556578333335,12,720,1,0,C0182,business,2024-01-25 07:32:00,airport,central,medium,282.35,app,0,21,east,enterprise,2025-06-11 18:31:00,47.2,58.2,app,dormant,west,parttime,14,74.1,4.63,evening,1,ev,east,2024-01-11 21:04:00,78.4,88129,active,v2.2,0,West Gate,west,dispatch,69
DL00316,O00081,D108,V095,H08,2025-04-17 15:01:00,2025-04-18 07:30:05.752336,failed,7.85,1,0,4.11,9.08,989.0958722666667,6,360,1,1,C0004,passenger,2025-04-17 12:53:00,west,airport,low,208.38,app,0,75,central,consumer,2025-08-19 01:58:00,32.5,33.0,app,active,south,fulltime,10,70.6,4.33,morning,1,cargovan,riverside,2025-11-24 12:43:00,79.0,104553,inrepair,v2.0,1,Midtown Relay,central,charging,63
DL00317,O00711,D105,V106,H06,2024-12-15 15:16:00,2024-12-15 16:55:42.081483,ontime,13.76,1,0,4.67,13.99,99.70135805,2,120,0,0,C0412,passenger,2024-12-15 12:25:00,south,south,high,69.11,web,0,70,airport,consumer,2025-09-12 10:23:00,70.3,29.9,app,active,riverside,contract,2,82.0,3.71,morning,1,cargovan,north,2024-05-06 13:52:00,74.9,93084,active,v2.1,0,Airport Hub,airport,dispatch,71
DL00318,O00281,D054,V041,H03,2024-12-03 07:14:00,2024-12-03 09:03:19.830677,ontime,26.53,3,0,4.48,16.02,109.33051128333334,4,240,0,0,C0437,passenger,2024-12-03 05:05:00,airport,north,low,47.49,web,0,51,airport,consumer,2025-04-16 19:57:00,50.7,49.3,app,active,west,fulltime,3,80.1,4.32,morning,1,ev,east,2024-01-11 21:04:00,78.4,88129,active,v2.2,0,East Dock,east,warehouse,74
DL00319,O00937,D153,V103,H04,2024-04-24 08:08:00,2024-04-25 03:22:25.571685,failed,1.2,0,0,2.72,10.96,1154.4261947500001,4,240,1,1,C0549,parcel,2024-04-24 07:58:00,riverside,south,high,31.56,app,0,54,airport,consumer,2025-06-27 01:40:00,42.2,72.5,app,active,east,fulltime,8,82.3,3.83,evening,1,hybrid,north,2025-01-06 03:21:00,100.0,181609,inrepair,v2.1,1,West Gate,west,dispatch,69
DL00320,O01030,D059,V006,H08,2025-08-29 10:29:00,2025-08-29 14:24:55.246235,ontime,5.12,1,0,5.0,10.77,235.92077058333334,6,360,0,0,C0279,parcel,2025-08-29 08:36:00,ctr,west,high,186.34,web,1,75,south,consumer,2025-06-02 14:17:00,62.8,52.6,web,active,north,fulltime,7,82.8,4.22,night,1,ev,central,2025-11-22 06:39:00,78.6,141381,active,v2.1,0,Midtown Relay,central,charging,63
DL00321,O00438,D119,V052,H03,2025-12-29 18:51:00,2025-12-29 22:33:53.325115,ontime,8.71,3,0,4.26,14.34,222.88875191666665,4,240,0,0,C0491,business,2025-12-29 18:23:00,north,west,low,27.39,phone,0,60,ctr,consumer,2025-01-14 23:32:00,48.6,57.6,web,active,south,fulltime,5,56.0,3.55,flexible,1,hybrid,riverside,2024-11-14 16:11:00,95.4,182486,active,v1.9,0,East Dock,east,warehouse,74
DL00322,O01025,D023,V030,H04,2024-04-29 16:53:00,2024-04-30 08:03:31.403272,delayed,11.02,1,0,5.0,13.23,910.5233878666667,6,360,1,0,C0390,parcel,2024-04-29 14:15:00,west,north,medium,75.72,app,0,51,ctr,consumer,2024-04-25 02:59:00,66.5,52.9,app,active,east,fulltime,11,79.1,4.16,night,1,cargovan,north,2025-09-14 07:20:00,78.0,134360,active,v2.1,0,West Gate,west,dispatch,69
DL00323,O00666,D011,V107,H04,2025-08-26 20:36:00,2025-08-27 21:37:46.153565,ontime,24.58,3,0,4.21,18.25,1501.7692260833333,24,1440,1,0,C0001,parcel,2025-08-26 20:17:00,airport,central,low,185.32,app,0,26,north,sme,2024-11-27 04:25:00,44.9,69.2,app,active,east,fulltime,3,89.4,3.85,night,1,cargovan,north,2024-12-25 17:15:00,87.9,96239,active,v2.0,0,West Gate,west,dispatch,69
DL00324,O00455,D042,V059,H07,2024-08-14 04:59:00,2024-08-14 10:11:51.273104,failed,21.07,1,0,3.21,12.52,312.8545517333333,6,360,0,1,C0178,passenger,2024-08-14 02:36:00,airport,airport,high,144.79,app,0,45,east,consumer,2024-07-04 08:48:00,58.0,16.1,phone,active,north,fulltime,9,70.5,3.37,night,1,hybrid,airport,2024-03-02 20:36:00,85.2,188332,inrepair,v2.1,1,Riverside Hub,riverside,warehouse,66
DL00326,O00500,D137,V103,H07,2024-07-30 17:04:00,2024-07-31 05:16:59.302762,ontime,17.24,0,0,4.02,17.18,732.9883793666667,12,720,1,0,C0131,retail,2024-07-30 16:06:00,north,west,low,64.83,app,0,68,south,consumer,2025-07-11 13:53:00,57.2,75.8,web,active,north,contract,10,65.6,4.4,flexible,1,hybrid,north,2025-01-06 03:21:00,100.0,181609,inrepair,v2.1,1,Riverside Hub,riverside,warehouse,66
DL00327,O00418,D102,V023,H04,2025-11-07 07:55:00,2025-11-07 19:57:47.382670,ontime,9.17,0,0,4.78,9.88,722.7897111666666,12,720,1,0,C0467,passenger,2025-11-07 07:39:00,riverside,south,critical,46.83,web,0,49,west,enterprise,2024-12-01 13:43:00,58.7,31.7,web,active,east,parttime,10,67.6,4.62,morning,1,hybrid,east,2024-01-07 23:54:00,70.7,188387,active,v2.1,0,West Gate,west,dispatch,69
DL00328,O00060,D009,V072,H02,2024-05-10 18:12:00,2024-05-10 23:00:20.975877,ontime,4.02,1,0,3.26,8.95,288.34959795000003,6,360,0,0,C0258,medical,2024-05-10 15:48:00,north,east,critical,37.52,web,0,50,riverside,consumer,2024-03-17 08:15:00,71.4,63.1,partner api,active,airport,fulltime,15,63.4,3.8,night,1,cargovan,airport,2025-02-24 19:07:00,78.1,89109,inrepair,v2.1,1,South Link,south,dispatch,78
DL00329,O00805,D100,V047,H08,2025-10-01 20:47:00,2025-10-01 23:37:09.410468,ontime,1.62,0,0,4.03,11.74,170.15684113333333,6,360,0,0,C0426,passenger,2025-10-01 17:56:00,north,central,low,180.16,app,0,25,riverside,sme,2025-01-05 19:05:00,49.0,47.1,app,dormant,central,fulltime,4,62.0,4.31,flexible,1,ev,ctr,2025-02-15 14:49:00,93.7,134347,scheduled,v2.2,0,Midtown Relay,central,charging,63
DL00330,O00246,D049,V026,H04,2024-12-14 03:40:00,2024-12-14 21:45:40.052829,failed,15.83,1,0,2.59,16.95,1085.66754715,4,240,1,1,C0023,parcel,2024-12-14 02:58:00,east,riverside,medium,68.11,web,0,52,south,consumer,2025-06-28 13:49:00,73.1,45.2,web,active,central,contract,14,41.4,4.0,morning,1,cargovan,riverside,2024-11-07 04:27:00,78.7,200276,inrepair,v2.2,1,West Gate,west,dispatch,69
DL00331,O01059,D005,V036,H07,2025-11-23 22:50:00,2025-11-24 01:57:10.991964,ontime,12.94,2,0,3.72,15.48,187.1831994,6,360,0,0,C0107,business,2025-11-23 21:49:00,east,east,medium,19.55,app,0,64,airport,consumer,2024-07-28 15:39:00,46.2,43.1,phone,dormant,north,fulltime,3,69.7,4.14,morning,1,diesel,north,2025-09-26 13:33:00,90.4,215767,inrepair,v2.1,1,Riverside Hub,riverside,warehouse,66
DL00332,O00949,D121,V088,H06,2025-04-15 19:23:00,2025-04-16 22:34:29.222918,delayed,5.96,1,0,3.42,9.99,1631.4870486333334,24,1440,1,0,C0023,medical,2025-04-15 17:45:00,west,west,medium,71.3,web,0,52,south,consumer,2025-06-28 13:49:00,73.1,45.2,web,active,riverside,contract,3,,4.97,morning,1,diesel,north,2024-02-14 14:03:00,80.3,50427,inrepair,v2.1,1,Airport Hub,airport,dispatch,71
DL00333,O00930,D119,V063,H06,2025-08-20 08:58:00,2025-08-20 16:13:50.998376,delayed,21.85,0,0,1.76,16.51,435.84997293333333,4,240,1,0,C0370,retail,2025-08-20 07:03:00,ctr,riverside,high,133.79,app,0,18,east,enterprise,2024-08-21 21:27:00,64.6,35.6,app,active,south,fulltime,5,56.0,3.55,flexible,1,ev,central,2024-01-11 00:19:00,73.6,159860,active,v2.1,0,Airport Hub,airport,dispatch,71
DL00334,O00925,D018,V093,H03,2024-11-15 22:49:00,2024-11-16 17:18:41.963453,failed,17.65,0,1,3.01,12.27,1109.6993908833333,12,720,1,1,C0530,business,2024-11-15 21:16:00,south,airport,low,162.25,web,0,28,west,sme,2025-05-31 12:41:00,55.9,35.1,partner api,active,west,parttime,14,73.8,4.57,flexible,1,cargovan,central,2025-03-04 19:16:00,69.2,119136,scheduled,v2.0,1,East Dock,east,warehouse,74
DL00335,O00347,D082,V069,H05,2025-09-01 08:39:00,2025-09-01 19:54:32.954454,ontime,12.56,0,0,4.4,15.64,675.5492409,12,720,0,0,C0004,parcel,2025-09-01 07:36:00,south,south,medium,78.58,,0,75,central,consumer,2025-08-19 01:58:00,32.5,33.0,app,active,west,parttime,14,74.1,4.63,evening,1,hybrid,central,2025-07-20 18:17:00,71.4,187158,active,v2.1,0,Central Core,central,control,88
DL00337,O00659,D116,V100,H06,2024-11-14 19:53:00,2024-11-15 05:59:09.777871,ontime,23.37,1,0,4.48,14.95,606.1629645166666,12,720,0,0,C0002,retail,2024-11-14 16:57:00,south,north,low,135.53,api,0,61,airport,consumer,2025-10-28 01:04:00,55.4,66.6,app,active,central,fulltime,4,58.2,4.19,morning,1,cargovan,east,2024-06-23 11:24:00,60.1,31876,active,v2.0,1,Airport Hub,airport,dispatch,71
DL00338,O00331,D085,V053,H05,2024-02-23 09:42:00,2024-02-23 14:36:51.779770,ontime,12.27,2,0,4.32,14.93,294.8629961666667,6,360,0,0,C0399,parcel,2024-02-23 06:54:00,riverside,east,medium,36.77,app,0,61,east,sme,2024-05-06 17:48:00,93.0,54.8,phone,active,north,parttime,9,84.5,4.11,evening,0,cargovan,west,2024-04-23 20:57:00,73.7,122638,scheduled,v2.0,0,Central Core,central,control,88
DL00339,O00593,D073,V111,H04,2025-06-22 11:57:00,2025-06-22 16:52:49.829827,delayed,4.33,0,0,1.57,12.76,295.83049711666666,1,60,1,0,C0406,passenger,2025-06-22 10:58:00,central,riverside,high,63.86,phone,0,75,north,consumer,2025-04-30 00:40:00,57.7,51.7,app,active,east,fulltime,11,76.9,4.58,evening,1,ev,west,2025-11-11 00:21:00,66.3,208147,active,v2.1,1,West Gate,west,dispatch,69
DL00340,O00435,D086,V024,H05,2024-09-19 13:43:00,2024-09-19 14:58:25.664734,ontime,22.6,0,0,3.8,20.75,75.42774556666667,4,240,0,0,C0102,retail,2024-09-19 11:15:00,south,ctr,medium,47.28,phone,1,39,east,enterprise,2024-07-17 22:38:00,71.9,49.7,app,active,north,parttime,14,70.6,5.0,flexible,1,ev,east,2025-05-26 12:28:00,74.9,56967,active,v2.1,0,Central Core,central,control,88
DL00341,O01203,D050,V037,H07,2024-11-13 21:57:00,2024-11-14 21:39:10.558162,ontime,2.78,0,0,3.72,12.39,1422.1759693666668,24,1440,0,0,C0445,parcel,2024-11-13 20:40:00,west,riverside,medium,141.68,web,0,26,riverside,sme,2024-08-29 04:18:00,60.6,55.1,app,active,north,fulltime,6,87.4,3.9,evening,1,cargovan,south,2025-06-13 23:43:00,56.6,52146,inrepair,v1.9,1,Riverside Hub,riverside,warehouse,66
DL00342,O00123,D028,V090,H08,2024-07-14 07:47:00,2024-07-15 04:17:08.927278,failed,6.8,0,0,2.47,8.94,1230.1487879666668,2,120,1,1,C0649,retail,2024-07-14 06:46:00,west,east,high,21.55,app,0,75,central,enterprise,2025-09-08 16:30:00,42.1,34.4,app,active,north,fulltime,11,83.0,4.07,flexible,1,hybrid,west,2024-08-16 01:10:00,93.8,98472,inrepair,v2.0,1,Midtown Relay,central,charging,63
DL00343,O00505,D015,V012,H04,2025-03-29 21:38:00,2025-03-30 10:54:47.382876,ontime,34.31,1,0,2.98,15.09,796.7897146,12,720,1,0,C0319,retail,2025-03-29 21:27:00,airport,west,high,84.65,web,0,35,west,sme,2025-02-07 03:10:00,54.5,54.8,web,dormant,east,fulltime,11,85.1,4.34,morning,1,hybrid,south,2024-04-15 00:26:00,56.2,52021,active,v2.1,1,West Gate,west,dispatch,69
DL00344,O00238,D164,V081,H02,2024-08-28 12:22:00,2024-08-28 15:44:24.161498,ontime,11.63,0,0,5.0,11.55,202.40269163333332,4,240,0,0,C0141,parcel,2024-08-28 11:09:00,south,west,critical,192.22,phone,1,37,west,consumer,2024-05-03 17:03:00,29.6,32.1,partner api,dormant,central,fulltime,5,76.1,4.07,flexible,1,ev,west,2024-12-28 08:10:00,86.6,165481,active,v2.2,0,South Link,south,dispatch,78
DL00347,O00343,D026,V030,H03,2024-12-09 02:01:00,2024-12-09 11:31:00.186861,delayed,15.62,0,1,3.94,18.0,570.00311435,2,120,1,0,C0184,business,2024-12-09 01:37:00,ctr,south,medium,81.36,app,0,59,south,sme,2024-10-12 01:51:00,67.8,76.5,app,active,north,parttime,4,84.9,3.15,night,0,cargovan,north,2025-09-14 07:20:00,78.0,134360,active,v2.1,0,East Dock,east,warehouse,74
DL00348,O00754,D098,V062,H01,2024-10-07 23:24:00,2024-10-08 16:07:55.556410,delayed,2.21,4,0,2.89,13.34,1003.9259401666666,4,240,1,0,C0479,parcel,2024-10-07 23:05:00,central,airport,medium,65.19,app,0,48,north,enterprise,2025-08-03 11:26:00,59.1,53.9,app,active,south,contract,3,70.9,4.29,morning,1,hybrid,north,2024-02-13 22:26:00,89.9,113343,active,v2.0,0,North Exchange,north,dispatch,82
DL00349,O00231,D016,V042,H07,2024-12-16 02:23:00,2024-12-16 09:57:31.805029,delayed,15.82,0,0,2.75,11.11,454.53008381666666,6,360,1,0,C0250,passenger,2024-12-15 23:23:00,east,south,low,69.44,,0,58,west,sme,2024-02-21 20:01:00,59.6,63.6,app,suspended,airport,fulltime,6,81.9,4.31,evening,1,ev,east,2025-06-21 07:06:00,80.5,215870,inrepair,v1.9,1,Riverside Hub,riverside,warehouse,66
DL00350,O01209,D019,V017,H06,2025-06-14 03:56:00,2025-06-14 09:51:38.918546,failed,13.23,1,0,3.05,11.77,355.64864243333335,2,120,1,1,C0182,parcel,2025-06-14 02:30:00,riverside,central,medium,12.79,app,0,21,east,enterprise,2025-06-11 18:31:00,47.2,58.2,app,dormant,riverside,fulltime,11,73.4,3.82,flexible,0,hybrid,riverside,2024-04-23 12:54:00,82.4,169703,inrepair,v2.2,1,Airport Hub,airport,dispatch,71
DL00351,O00069,D142,V050,H07,2024-05-19 21:58:00,2024-05-20 09:27:10.018280,ontime,33.129999999999995,0,0,4.53,22.56,689.1669713333333,12,720,0,0,C0369,passenger,2024-05-19 21:45:00,airport,riverside,medium,103.29,phone,1,42,west,consumer,2025-03-06 02:16:00,47.6,40.7,app,active,airport,fulltime,12,98.7,4.23,night,1,ev,riverside,2024-04-04 05:23:00,96.5,114188,active,v2.1,0,Riverside Hub,riverside,warehouse,66
DL00352,O00989,D133,V112,H05,2024-03-08 14:47:00,2024-03-09 06:10:35.262310,failed,9.57,0,0,2.25,15.47,923.5877051666666,1,60,1,1,C0351,medical,2024-03-08 12:01:00,north,central,medium,89.8,api,0,66,central,enterprise,2024-02-10 00:50:00,48.6,49.9,app,active,south,contract,12,88.2,3.99,flexible,1,ev,south,2024-06-08 07:45:00,94.1,19121,inrepair,v2.1,1,Central Core,central,control,88
DL00353,O00159,D018,V014,H03,2024-09-14 23:08:00,2024-09-15 09:25:14.900209,ontime,4.49,0,0,3.9,6.4,617.2483368166667,12,720,0,0,C0505,parcel,2024-09-14 22:31:00,north,south,low,105.17,api,0,36,north,consumer,2024-08-11 01:25:00,51.9,100.0,phone,active,west,parttime,14,73.8,4.57,flexible,1,ev,airport,2025-05-24 12:36:00,100.0,206339,scheduled,v2.0,0,East Dock,east,warehouse,74
DL00354,O00776,D014,V034,H04,2025-03-03 01:09:00,2025-03-03 05:31:01.221882,ontime,10.43,0,0,4.54,9.64,262.0203647,4,240,1,0,C0571,parcel,2025-03-03 00:53:00,riverside,east,low,108.49,phone,0,33,south,consumer,2024-11-07 03:33:00,44.1,36.5,phone,active,north,fulltime,6,76.1,4.7,evening,1,ev,riverside,2025-05-24 09:58:00,94.2,210683,inrepair,v2.0,1,West Gate,west,dispatch,69
DL00355,O00561,D162,V106,H07,2025-06-02 10:12:00,2025-06-02 18:34:59.818071,delayed,7.43,1,0,3.96,12.85,502.99696785000003,4,240,1,0,C0595,retail,2025-06-02 08:23:00,central,airport,high,86.87,app,0,72,central,consumer,2025-10-18 13:52:00,48.3,26.0,phone,active,riverside,contract,11,69.0,4.62,night,1,cargovan,north,2024-05-06 13:52:00,74.9,93084,active,v2.1,0,Riverside Hub,riverside,warehouse,66
DL00356,O01181,D031,V118,H04,2024-02-24 01:34:00,2024-02-24 05:12:32.309441,ontime,13.12,0,0,4.84,6.12,218.53849068333332,6,360,0,0,C0346,retail,2024-02-23 23:10:00,west,east,high,95.57,app,0,46,airport,consumer,2024-09-11 03:14:00,62.9,98.5,app,dormant,north,fulltime,10,91.5,4.03,flexible,1,diesel,riverside,2025-02-18 12:40:00,78.0,145165,active,v2.1,0,West Gate,west,dispatch,69
DL00357,O00235,D134,V030,H08,2025-12-22 12:39:00,2025-12-23 01:10:03.126008,delayed,14.75,1,0,3.27,7.91,751.0521001333333,2,120,1,0,C0502,retail,2025-12-22 10:42:00,ctr,central,medium,27.53,phone,0,38,west,sme,2024-08-15 19:25:00,36.3,75.7,app,active,south,parttime,4,61.5,3.59,flexible,1,cargovan,north,2025-09-14 07:20:00,78.0,134360,active,v2.1,0,Midtown Relay,central,charging,63
DL00358,O00497,D022,V005,H02,2025-11-22 01:45:00,2025-11-23 02:04:47.304047,delayed,19.28,1,0,3.57,14.5,1459.7884007833334,12,720,1,0,C0631,medical,2025-11-21 23:43:00,south,ctr,low,169.24,app,0,44,north,consumer,2024-02-12 04:44:00,65.8,81.4,web,active,east,fulltime,9,68.7,3.36,flexible,1,cargovan,west,2025-11-15 11:08:00,58.6,146638,active,v2.2,1,South Link,south,dispatch,78
DL00359,O00654,D068,V057,H01,2025-06-18 22:44:00,2025-06-20 08:19:56.137076,delayed,18.71,1,1,2.94,15.84,2015.9356179333333,24,1440,1,0,C0617,parcel,2025-06-18 21:03:00,ctr,airport,high,47.22,app,0,59,north,enterprise,2025-02-02 10:38:00,56.5,83.6,app,active,central,parttime,10,83.9,3.99,flexible,1,ev,riverside,2025-06-07 06:32:00,76.0,160770,inrepair,v2.0,1,North Exchange,north,dispatch,82
DL00360,O00595,D100,V062,H02,2024-03-05 07:09:00,2024-03-06 01:44:19.453287,delayed,12.5,1,0,2.59,21.14,1115.3242214499999,12,720,1,0,C0377,business,2024-03-05 06:55:00,south,airport,medium,71.08,app,1,21,west,consumer,2025-05-22 06:19:00,57.6,64.5,phone,active,central,fulltime,4,62.0,4.31,flexible,1,hybrid,north,2024-02-13 22:26:00,89.9,113343,active,v2.0,0,South Link,south,dispatch,78
DL00361,O00377,D007,V051,H07,2024-07-22 23:59:00,2024-07-23 12:06:00.358864,ontime,25.24,0,0,4.4,13.28,727.0059810666667,12,720,1,0,C0131,retail,2024-07-22 21:07:00,airport,east,medium,213.06,app,1,68,south,consumer,2025-07-11 13:53:00,57.2,75.8,web,active,north,fulltime,4,92.6,3.94,evening,1,ev,north,2024-11-21 11:04:00,87.8,141107,active,v2.0,0,Riverside Hub,riverside,warehouse,66
DL00362,O00460,D156,V012,H04,2024-12-09 18:44:00,2024-12-09 19:57:19.363281,ontime,6.09,0,0,3.51,8.56,73.32272135,4,240,0,0,C0097,passenger,2024-12-09 15:55:00,central,north,low,72.35,web,0,46,airport,sme,2025-02-14 23:51:00,55.6,39.2,web,active,south,fulltime,14,84.5,3.62,evening,1,hybrid,south,2024-04-15 00:26:00,56.2,52021,active,v2.1,1,West Gate,west,dispatch,69
DL00363,O00710,D069,V090,H07,2025-02-17 14:58:00,2025-02-17 20:44:29.402310,ontime,19.08,1,0,5.0,17.76,346.4900385,6,360,0,0,C0322,passenger,2025-02-17 12:53:00,south,south,low,91.43,web,0,77,ctr,consumer,2025-05-24 17:14:00,79.2,60.9,app,active,north,parttime,2,61.5,5.0,evening,0,hybrid,west,2024-08-16 01:10:00,93.8,98472,inrepair,v2.0,1,Riverside Hub,riverside,warehouse,66
DL00364,O00277,D056,V014,H04,2024-01-14 01:45:00,2024-01-14 08:12:31.903105,ontime,23.79,1,0,3.98,11.43,387.5317184166667,6,360,1,0,C0329,passenger,2024-01-14 00:59:00,west,central,medium,107.13,phone,0,38,riverside,consumer,2025-08-06 06:56:00,46.4,64.9,phone,active,west,fulltime,12,74.6,4.45,evening,1,ev,airport,2025-05-24 12:36:00,100.0,206339,scheduled,v2.0,0,West Gate,west,dispatch,69
DL00365,O00861,D064,V012,H01,2025-09-05 09:13:00,2025-09-05 09:38:01.068912,ontime,10.33,0,0,4.19,9.22,25.017815199999998,2,120,0,0,C0265,passenger,2025-09-05 06:33:00,east,central,medium,90.82,app,0,26,east,consumer,2025-09-06 04:21:00,55.8,25.4,app,active,south,parttime,14,88.9,4.18,morning,1,hybrid,south,2024-04-15 00:26:00,56.2,52021,active,v2.1,1,North Exchange,north,dispatch,82
DL00366,O00910,D146,V095,H06,2025-07-24 04:05:00,2025-07-24 11:38:55.420285,ontime,17.03,0,0,3.63,18.63,453.92367141666665,6,360,1,0,C0465,business,2025-07-24 03:46:00,north,north,medium,159.86,app,0,65,airport,consumer,2025-09-05 23:41:00,82.4,63.5,app,active,airport,contract,1,,4.36,morning,1,cargovan,riverside,2025-11-24 12:43:00,79.0,104553,inrepair,v2.0,1,Airport Hub,airport,dispatch,71
DL00367,O00575,D128,V106,H02,2025-08-15 07:04:00,2025-08-15 20:10:40.282041,delayed,3.02,0,0,2.94,16.73,786.67136735,12,720,1,0,C0179,retail,2025-08-15 06:14:00,riverside,riverside,medium,30.5,phone,0,38,south,consumer,2024-05-12 13:54:00,97.9,42.8,app,active,central,contract,13,84.7,3.32,morning,1,cargovan,north,2024-05-06 13:52:00,74.9,93084,active,v2.1,0,South Link,south,dispatch,78
DL00369,O00366,D011,V044,H05,2024-02-12 22:37:00,2024-02-14 06:15:16.530828,delayed,13.48,0,0,1.44,12.48,1898.2755138,24,1440,1,0,C0592,business,2024-02-12 20:29:00,central,south,high,52.46,app,0,54,west,consumer,2024-07-20 04:26:00,33.2,33.1,app,active,east,fulltime,3,89.4,3.85,night,1,ev,airport,2025-02-14 20:35:00,91.8,111243,active,v2.2,0,Central Core,central,control,88
DL00370,O00902,D131,V021,H05,2024-09-22 21:11:00,2024-09-23 05:17:24.341218,delayed,1.87,3,0,1.24,10.71,486.4056869666667,6,360,1,0,C0309,parcel,2024-09-22 19:41:00,east,west,medium,70.09,app,0,78,airport,sme,2024-03-23 01:59:00,29.0,72.8,app,active,south,fulltime,9,86.7,4.26,night,0,diesel,central,2025-06-22 17:38:00,83.0,71294,active,v2.2,0,Central Core,central,control,88
DL00371,O01079,D158,V069,H03,2024-03-31 08:45:00,2024-04-01 08:18:08.744449,ontime,17.43,0,0,3.57,10.98,1413.1457408166668,24,1440,0,0,C0017,passenger,2024-03-31 06:09:00,south,riverside,medium,190.5,app,0,30,south,sme,2025-11-29 05:06:00,72.1,55.4,app,active,central,fulltime,5,81.4,4.45,morning,1,hybrid,central,2025-07-20 18:17:00,71.4,187158,active,v2.1,0,East Dock,east,warehouse,74
DL00372,O00300,D087,V090,H02,2024-04-02 01:57:00,2024-04-02 04:31:19.626971,ontime,6.81,0,0,4.87,8.41,154.32711618333332,4,240,0,0,C0512,retail,2024-04-02 00:39:00,riverside,south,low,33.34,app,1,59,east,consumer,2025-02-03 19:29:00,38.5,70.2,web,active,north,contract,13,73.3,4.43,night,1,hybrid,west,2024-08-16 01:10:00,93.8,98472,inrepair,v2.0,1,South Link,south,dispatch,78
DL00373,O00282,D058,V081,H05,2024-01-20 06:39:00,2024-01-20 23:38:53.202677,delayed,11.36,0,1,4.04,23.6,1019.8867112833334,6,360,1,0,C0630,parcel,2024-01-20 04:13:00,south,west,medium,207.38,web,0,57,central,enterprise,2025-12-18 00:01:00,62.3,100.0,web,active,airport,fulltime,9,82.7,4.27,flexible,1,ev,west,2024-12-28 08:10:00,86.6,165481,active,v2.2,0,Central Core,central,control,88
DL00374,O00841,D090,V061,H01,2025-09-26 21:47:00,2025-09-27 05:08:21.607477,ontime,23.47,5,0,3.73,14.32,441.36012461666667,6,360,1,0,C0132,business,2025-09-26 19:38:00,airport,south,medium,21.71,app,0,56,riverside,consumer,2024-05-14 01:58:00,61.2,68.4,app,active,north,fulltime,8,58.0,3.78,morning,1,diesel,south,2025-08-06 20:40:00,60.3,126438,active,v2.2,1,North Exchange,north,dispatch,82
DL00375,O00466,D102,V021,H05,2024-01-07 05:49:00,2024-01-07 11:01:08.925355,ontime,22.12,1,0,4.22,17.86,312.14875591666663,6,360,0,0,C0028,business,2024-01-07 05:34:00,west,airport,high,88.87,web,0,22,ctr,consumer,2024-11-03 16:31:00,78.5,79.6,app,active,east,parttime,10,67.6,4.62,morning,1,diesel,central,2025-06-22 17:38:00,83.0,71294,active,v2.2,0,Central Core,central,control,88
DL00376,O01104,D090,V114,H04,2024-09-21 17:50:00,2024-09-22 04:54:45.274892,ontime,6.72,0,0,4.51,5.92,664.7545815333334,12,720,0,0,C0480,parcel,2024-09-21 16:27:00,east,riverside,low,55.13,web,0,26,north,enterprise,2025-03-02 00:55:00,67.6,49.6,app,dormant,north,fulltime,8,58.0,3.78,morning,1,hybrid,north,2024-10-03 17:53:00,90.0,84649,active,v2.2,0,West Gate,west,dispatch,69
DL00377,O00510,D075,V113,H07,2024-11-23 00:12:00,2024-11-23 15:31:47.790489,failed,5.45,4,0,2.23,10.45,919.79650815,4,240,1,1,C0477,medical,2024-11-22 22:35:00,west,west,medium,170.3,,0,53,south,sme,2025-11-14 09:26:00,62.2,80.4,partner api,active,airport,fulltime,13,99.0,3.62,evening,1,hybrid,central,2024-05-12 02:12:00,58.9,52725,inrepair,v1.9,1,Riverside Hub,riverside,warehouse,66
DL00378,O00070,D111,V037,H02,2025-05-13 23:09:00,2025-05-14 15:42:14.054302,failed,7.92,0,0,2.14,7.93,993.2342383666667,4,240,1,1,C0125,retail,2025-05-13 21:30:00,ctr,airport,low,165.63,app,0,31,airport,consumer,2025-10-27 03:33:00,99.0,45.6,web,active,airport,fulltime,15,79.2,4.12,night,1,cargovan,south,2025-06-13 23:43:00,56.6,52146,inrepair,v1.9,1,South Link,south,dispatch,78
DL00380,O00120,D130,V106,H01,2024-06-16 04:55:00,2024-06-16 10:04:33.075437,ontime,39.900000000000006,2,0,3.71,19.33,309.5512572833333,6,360,0,0,C0182,passenger,2024-06-16 04:28:00,airport,north,medium,85.27,phone,1,21,east,enterprise,2025-06-11 18:31:00,47.2,58.2,app,dormant,west,fulltime,8,71.2,3.64,evening,1,cargovan,north,2024-05-06 13:52:00,74.9,93084,active,v2.1,0,North Exchange,north,dispatch,82
DL00381,O00488,D015,V005,H05,2025-08-29 19:57:00,2025-08-30 01:45:13.017030,ontime,11.24,0,0,5.0,10.97,348.2169505,4,240,1,0,C0050,medical,2025-08-29 19:29:00,north,south,low,111.27,phone,0,71,central,consumer,2025-05-23 02:10:00,87.2,70.1,app,active,east,fulltime,11,85.1,4.34,morning,1,cargovan,west,2025-11-15 11:08:00,58.6,146638,active,v2.2,1,Central Core,central,control,88
DL00383,O00846,D057,V017,H08,2025-07-27 23:24:00,2025-07-28 06:19:36.333860,delayed,9.53,1,1,2.92,9.76,415.6055643333333,2,120,1,0,C0372,parcel,2025-07-27 23:13:00,east,east,high,117.43,web,0,34,west,consumer,2024-02-04 22:21:00,26.2,59.4,phone,active,west,fulltime,6,75.0,4.25,morning,1,hybrid,riverside,2024-04-23 12:54:00,82.4,169703,inrepair,v2.2,1,Midtown Relay,central,charging,63
DL00384,O00618,D017,V054,H05,2025-11-19 13:06:00,2025-11-20 14:27:52.039382,failed,14.52,4,0,2.82,10.94,1521.8673230333334,12,720,1,1,C0581,parcel,2025-11-19 10:42:00,central,south,medium,41.64,app,0,78,north,consumer,2024-09-27 00:03:00,48.1,68.4,app,dormant,east,parttime,1,,4.34,morning,1,hybrid,north,2024-10-28 22:21:00,76.7,90558,scheduled,v2.2,0,Central Core,central,control,88
DL00386,O00135,D144,V002,H05,2025-04-25 03:12:00,2025-04-26 22:39:24.905513,failed,1.21,1,0,3.35,13.97,2607.4150918833334,24,1440,1,1,C0364,passenger,2025-04-25 02:34:00,riverside,north,low,118.96,app,0,67,ctr,consumer,2025-06-22 07:35:00,70.5,51.8,partner api,active,west,fulltime,6,85.0,3.83,morning,1,ev,airport,2024-04-21 16:14:00,67.9,159368,inrepair,v2.2,1,Central Core,central,control,88
DL00387,O00274,D016,V017,H01,2025-10-03 21:33:00,2025-10-05 15:40:35.899437,failed,11.96,0,0,2.85,11.86,2527.5983239499997,24,1440,1,1,C0086,passenger,2025-10-03 19:21:00,north,west,high,90.93,app,1,65,west,sme,2025-06-12 00:13:00,64.4,59.5,app,active,airport,fulltime,6,81.9,4.31,evening,1,hybrid,riverside,2024-04-23 12:54:00,82.4,169703,inrepair,v2.2,1,North Exchange,north,dispatch,82
DL00388,O00886,D088,V086,H05,2024-12-11 11:37:00,2024-12-11 14:15:40.274228,ontime,10.71,1,0,4.64,9.36,158.67123713333334,1,60,1,0,C0618,passenger,2024-12-11 11:04:00,east,central,low,88.24,app,1,64,airport,consumer,2024-09-01 12:58:00,68.4,72.1,phone,active,riverside,contract,4,84.3,4.17,morning,1,ev,central,2024-02-25 07:56:00,82.8,42307,scheduled,v2.2,0,Central Core,central,control,88
DL00389,O00649,D054,V065,H01,2025-03-02 03:12:00,2025-03-02 07:50:19.231032,ontime,12.41,1,0,4.57,12.55,278.3205172,4,240,1,0,C0361,parcel,2025-03-02 02:32:00,east,riverside,low,30.88,app,0,65,south,consumer,2024-01-11 17:19:00,59.6,49.3,web,active,west,fulltime,3,80.1,4.32,morning,1,ev,west,2024-01-05 09:25:00,84.3,217057,active,v2.1,0,North Exchange,north,dispatch,82
DL00391,O00242,D119,V060,H06,2024-11-05 05:50:00,2024-11-05 08:19:49.718245,ontime,20.65,0,0,3.63,15.9,149.82863741666668,1,60,1,0,C0587,retail,2024-11-05 05:37:00,ctr,west,high,42.77,app,0,28,south,consumer,2024-01-01 01:03:00,55.7,82.8,app,active,south,fulltime,5,56.0,3.55,flexible,1,cargovan,ctr,2025-09-09 03:22:00,80.2,65113,inrepair,v2.0,1,Airport Hub,airport,dispatch,71
DL00392,O00832,D063,V021,H04,2024-06-06 15:50:00,2024-06-07 05:31:03.475456,delayed,4.77,1,1,1.15,12.67,821.0579242666666,6,360,1,0,C0436,parcel,2024-06-06 14:01:00,central,airport,low,99.75,app,1,20,riverside,sme,2024-08-27 04:26:00,42.5,57.0,app,active,north,parttime,12,85.7,4.03,morning,1,diesel,central,2025-06-22 17:38:00,83.0,71294,active,v2.2,0,West Gate,west,dispatch,69
DL00393,O01128,D108,V060,H04,2024-03-12 19:57:00,2024-03-13 03:36:11.659720,failed,13.97,1,0,3.11,5.79,459.19432866666665,6,360,1,1,C0588,passenger,2024-03-12 19:24:00,west,airport,medium,12.73,app,0,47,riverside,sme,2025-06-28 00:25:00,34.8,62.6,web,active,south,fulltime,10,70.6,4.33,morning,1,cargovan,ctr,2025-09-09 03:22:00,80.2,65113,inrepair,v2.0,1,West Gate,west,dispatch,69
DL00394,O00718,D145,V079,H02,2025-02-27 04:58:00,2025-02-27 07:05:30.365586,ontime,15.43,0,0,4.14,8.78,127.5060931,2,120,1,0,C0533,passenger,2025-02-27 02:32:00,west,airport,low,144.45,phone,0,35,south,consumer,2025-12-10 03:12:00,46.9,65.4,app,active,north,fulltime,11,68.4,4.09,morning,1,ev,airport,2025-12-01 18:20:00,100.0,117995,active,v2.2,0,South Link,south,dispatch,78
DL00395,O00219,D012,V072,H06,2024-05-30 02:33:00,2024-05-30 04:15:54.426350,ontime,10.75,0,0,4.29,6.99,102.90710583333333,2,120,0,0,C0421,passenger,2024-05-29 23:42:00,east,south,medium,62.84,app,0,34,central,consumer,2025-03-16 15:08:00,59.0,51.4,app,active,south,fulltime,10,95.1,4.48,night,1,cargovan,airport,2025-02-24 19:07:00,78.1,89109,inrepair,v2.1,1,Airport Hub,airport,dispatch,71
DL00396,O01093,D105,V063,H06,2024-10-30 00:23:00,2024-10-30 09:36:43.398508,ontime,14.79,2,0,4.55,21.09,553.7233084666666,12,720,0,0,C0205,retail,2024-10-29 22:01:00,riverside,west,low,38.72,app,1,62,central,consumer,2025-04-02 03:42:00,52.1,78.7,web,active,riverside,contract,2,82.0,3.71,morning,1,ev,central,2024-01-11 00:19:00,73.6,159860,active,v2.1,0,Airport Hub,airport,dispatch,71
DL00397,O01199,D125,V049,H04,2024-03-10 16:57:00,2024-03-10 19:12:57.054704,delayed,10.5,2,0,4.61,9.36,135.95091173333333,1,60,1,0,C0225,business,2024-03-10 15:47:00,ctr,west,medium,119.36,app,0,39,riverside,sme,2024-12-31 05:00:00,70.3,75.9,app,active,north,parttime,15,90.5,4.07,morning,1,diesel,east,2025-12-09 16:47:00,55.9,15278,active,v2.2,1,West Gate,west,dispatch,69
DL00398,O00671,D106,V099,H05,2025-01-24 17:36:00,2025-01-24 23:28:38.031355,delayed,1.2,1,0,3.08,9.73,352.6338559166667,1,60,1,0,C0111,retail,2025-01-24 15:45:00,north,north,medium,118.56,phone,0,67,west,consumer,2025-11-07 03:58:00,36.2,37.0,app,active,central,contract,12,71.9,3.66,morning,1,hybrid,south,2024-09-06 02:11:00,65.8,92896,active,v2.0,1,Central Core,central,control,88
DL00399,O00966,D129,V107,H08,2025-04-17 00:14:00,2025-04-17 16:46:22.816860,delayed,5.64,1,0,2.38,12.78,992.380281,12,720,1,0,C0568,retail,2025-04-16 23:08:00,ctr,central,high,29.24,app,1,22,south,consumer,2024-08-20 19:41:00,47.2,53.9,app,active,north,fulltime,10,64.9,4.18,night,1,cargovan,north,2024-12-25 17:15:00,87.9,96239,active,v2.0,0,Midtown Relay,central,charging,63
DL00400,O00867,D165,V037,H06,2024-02-01 22:23:00,2024-02-02 20:40:14.586855,failed,25.59,2,0,2.48,16.84,1337.24311425,6,360,1,1,C0313,parcel,2024-02-01 21:43:00,riverside,ctr,low,34.43,app,0,34,airport,consumer,2025-07-17 04:10:00,67.2,69.7,phone,active,north,parttime,10,82.2,3.89,night,1,cargovan,south,2025-06-13 23:43:00,56.6,52146,inrepair,v1.9,1,Airport Hub,airport,dispatch,71
DL00401,O00870,D067,V009,H08,2024-10-27 15:49:00,2024-10-28 00:42:45.072317,ontime,10.23,0,0,4.47,6.79,533.7512052833333,12,720,0,0,C0092,passenger,2024-10-27 14:16:00,south,airport,high,144.13,web,0,49,riverside,consumer,2024-06-20 11:49:00,56.1,33.1,web,active,west,fulltime,11,77.0,4.84,morning,1,cargovan,south,2025-05-01 08:50:00,68.8,156687,active,v2.1,1,Midtown Relay,central,charging,63
DL00402,O00539,D037,V005,H03,2024-12-04 02:08:00,2024-12-04 04:09:15.722168,ontime,10.83,0,0,5.0,9.69,121.26203613333334,6,360,0,0,C0098,business,2024-12-03 23:23:00,ctr,east,high,167.91,app,0,54,central,consumer,2024-08-20 06:33:00,56.5,70.7,app,dormant,north,parttime,7,63.9,4.67,morning,1,cargovan,west,2025-11-15 11:08:00,58.6,146638,active,v2.2,1,East Dock,east,warehouse,74
DL00403,O00044,D131,V092,H07,2025-11-02 10:07:00,2025-11-02 12:43:42.885570,ontime,11.6,1,0,4.58,13.74,156.7147595,4,240,0,0,C0227,business,2025-11-02 09:57:00,west,riverside,medium,61.45,phone,1,69,west,consumer,2025-05-01 08:32:00,62.2,67.9,app,active,south,fulltime,9,86.7,4.26,night,0,hybrid,east,2024-01-07 14:19:00,80.5,36143,inrepair,v2.1,1,Riverside Hub,riverside,warehouse,66
DL00404,O00502,D049,V025,H02,2024-04-03 03:48:00,2024-04-03 04:25:17.871676,ontime,7.84,0,0,3.14,11.38,37.29786126666667,4,240,0,0,C0169,parcel,2024-04-03 01:26:00,riverside,south,medium,61.9,app,0,77,north,consumer,2024-07-19 11:20:00,59.6,69.6,app,dormant,central,contract,14,41.4,4.0,morning,1,diesel,airport,2024-11-03 05:34:00,42.0,52074,active,v2.1,1,South Link,south,dispatch,78
DL00405,O00684,D052,V116,H01,2024-11-24 16:21:00,2024-11-25 13:22:50.972127,ontime,12.83,0,0,4.04,16.99,1261.84953545,24,1440,0,0,C0064,parcel,2024-11-24 14:25:00,central,airport,high,81.01,app,0,58,east,consumer,2025-06-11 19:41:00,78.3,53.0,app,active,riverside,fulltime,8,71.7,3.39,morning,1,diesel,east,2025-04-23 07:10:00,62.7,71822,active,v2.1,1,North Exchange,north,dispatch,82
DL00407,O00598,D010,V068,H06,2025-10-29 01:00:00,2025-10-29 22:58:05.130431,ontime,6.92,0,0,4.04,10.86,1318.0855071833332,24,1440,0,0,C0621,retail,2025-10-28 22:22:00,riverside,ctr,medium,201.88,app,0,78,central,consumer,2025-06-27 22:00:00,55.3,63.1,app,active,west,fulltime,8,70.0,3.95,evening,1,hybrid,riverside,2024-06-28 15:49:00,97.5,73769,inrepair,v2.0,1,Airport Hub,airport,dispatch,71
DL00408,O01019,D071,V057,H08,2024-04-16 01:49:00,2024-04-16 04:58:04.426005,ontime,8.49,0,0,3.3,8.4,189.07376674999998,4,240,0,0,C0626,parcel,2024-04-16 00:57:00,west,east,high,206.52,app,0,45,south,consumer,2025-08-01 05:09:00,61.6,6.0,phone,active,central,parttime,12,56.7,4.49,evening,1,ev,riverside,2025-06-07 06:32:00,76.0,160770,inrepair,v2.0,1,Midtown Relay,central,charging,63
DL00410,O00249,D042,V004,H05,2024-11-07 21:14:00,2024-11-08 03:32:06.075323,delayed,5.13,3,0,4.44,9.64,378.10125538333335,2,120,1,0,C0566,business,2024-11-07 18:22:00,central,west,critical,218.68,app,0,21,central,consumer,2025-03-03 16:23:00,75.4,43.2,app,active,north,fulltime,9,70.5,3.37,night,1,hybrid,riverside,2024-06-07 13:21:00,,36310,active,v2.2,0,Central Core,central,control,88
DL00411,O00108,D122,V065,H01,2024-11-30 15:03:00,2024-11-30 22:46:22.839111,ontime,11.22,0,0,4.68,5.75,463.38065185,12,720,0,0,C0046,medical,2024-11-30 12:11:00,west,east,medium,70.18,app,0,72,ctr,sme,2024-06-21 19:07:00,84.8,38.5,app,active,south,fulltime,2,63.5,4.29,morning,1,ev,west,2024-01-05 09:25:00,84.3,217057,active,v2.1,0,North Exchange,north,dispatch,82
DL00412,O00156,D025,V114,H02,2024-04-24 08:07:00,2024-04-24 13:40:54.128195,ontime,8.68,0,0,4.63,8.76,333.90213658333334,6,360,0,0,C0035,parcel,2024-04-24 07:55:00,west,north,medium,68.58,web,1,22,east,consumer,2025-07-25 18:50:00,46.7,85.5,app,active,north,fulltime,1,86.4,3.72,morning,1,hybrid,north,2024-10-03 17:53:00,90.0,84649,active,v2.2,0,South Link,south,dispatch,78
DL00413,O01077,D046,V035,H01,2024-08-30 00:32:00,2024-08-30 11:34:46.079286,failed,6.34,1,0,4.22,10.75,662.7679881,4,240,1,1,C0021,retail,2024-08-30 00:01:00,north,riverside,low,130.85,app,0,30,central,sme,2025-07-31 01:39:00,63.6,40.8,phone,active,south,fulltime,5,82.2,4.06,morning,1,cargovan,east,2025-07-03 09:34:00,83.6,73804,active,v2.0,0,North Exchange,north,dispatch,82
DL00414,O00704,D002,V083,H02,2024-03-12 18:01:00,2024-03-12 20:55:25.078529,ontime,8.47,1,0,5.0,14.75,174.41797548333335,4,240,0,0,C0031,retail,2024-03-12 17:06:00,north,north,high,141.29,phone,0,35,south,consumer,2024-04-30 16:26:00,42.5,44.0,web,active,central,fulltime,4,42.4,3.94,evening,1,cargovan,north,2024-04-11 18:04:00,79.3,42073,active,v2.2,0,South Link,south,dispatch,78
DL00415,O01145,D116,V031,H03,2024-02-22 02:27:00,2024-02-23 02:36:12.176009,ontime,13.31,0,0,4.23,10.05,1449.2029334833335,24,1440,1,0,C0548,passenger,2024-02-22 01:18:00,east,north,medium,301.38,app,0,56,north,enterprise,2024-09-27 03:49:00,68.5,44.1,app,active,central,fulltime,4,58.2,4.19,morning,1,ev,east,2024-07-28 13:57:00,89.3,193526,active,v1.9,0,East Dock,east,warehouse,74
DL00416,O00293,D067,V059,H04,2025-04-09 18:24:00,2025-04-10 00:16:42.565598,ontime,4.61,1,0,4.01,10.53,352.70942663333335,6,360,0,0,C0165,parcel,2025-04-09 17:17:00,ctr,east,critical,67.89,app,0,39,airport,consumer,2025-02-11 15:10:00,69.5,80.8,app,active,west,fulltime,11,77.0,4.84,morning,1,hybrid,airport,2024-03-02 20:36:00,85.2,188332,inrepair,v2.1,1,West Gate,west,dispatch,69
DL00417,O00615,D054,V085,H04,2025-02-08 21:37:00,2025-02-08 23:17:10.791004,ontime,13.05,0,0,4.08,18.58,100.17985006666666,1,60,1,0,C0295,parcel,2025-02-08 20:43:00,west,west,high,44.37,app,0,77,riverside,consumer,2024-12-12 12:07:00,35.3,68.0,app,active,west,fulltime,3,80.1,4.32,morning,1,cargovan,south,2025-09-30 12:01:00,87.3,145652,active,v2.1,0,West Gate,west,dispatch,69
DL00418,O00075,D167,V019,H06,2024-11-02 06:29:00,2024-11-02 08:58:56.396803,ontime,4.73,1,0,5.0,10.5,149.93994671666667,2,120,1,0,C0026,business,2024-11-02 04:56:00,north,east,medium,85.65,web,0,34,north,enterprise,2024-09-11 05:44:00,70.6,74.8,phone,active,south,parttime,12,75.3,4.64,night,1,diesel,south,2024-10-21 23:22:00,70.4,151460,scheduled,v2.2,0,Airport Hub,airport,dispatch,71
DL00419,O00782,D043,V109,H06,2024-04-17 03:24:00,2024-04-17 05:51:51.721133,ontime,12.37,0,0,5.0,12.37,147.86201888333332,2,120,1,0,C0610,passenger,2024-04-17 01:47:00,south,south,medium,37.19,web,0,55,south,consumer,2025-12-03 16:16:00,65.3,73.5,app,active,north,fulltime,13,80.3,4.6,evening,0,hybrid,airport,2024-10-17 11:15:00,60.6,193552,inrepair,v2.1,1,Airport Hub,airport,dispatch,71
DL00420,O00412,D093,V078,H05,2024-10-08 14:08:00,2024-10-08 18:14:08.619955,ontime,10.0,0,0,4.12,9.3,246.14366591666666,6,360,0,0,C0601,passenger,2024-10-08 12:18:00,north,airport,critical,54.76,app,0,34,airport,consumer,2025-03-23 23:58:00,56.7,66.0,phone,active,south,parttime,12,75.2,4.43,flexible,1,cargovan,north,2024-03-04 20:00:00,78.4,153638,active,v2.1,0,Central Core,central,control,88
DL00421,O00286,D026,V039,H02,2025-07-05 22:02:00,2025-07-06 03:09:23.122074,ontime,17.73,1,0,4.49,8.92,307.3853679,6,360,0,0,C0402,business,2025-07-05 21:37:00,west,east,low,84.75,app,0,71,west,consumer,2024-02-20 22:30:00,48.6,74.2,app,active,north,parttime,4,84.9,3.15,night,0,ev,east,2025-01-01 01:38:00,69.5,37024,inrepair,v1.9,1,South Link,south,dispatch,78
DL00422,O01178,D135,V066,H01,2024-01-13 23:04:00,2024-01-13 23:29:03.604429,ontime,14.18,0,0,4.88,10.37,25.060073816666666,4,240,0,0,C0362,medical,2024-01-13 21:26:00,west,riverside,critical,2.04,web,0,55,ctr,consumer,2025-04-16 08:20:00,48.3,83.4,app,active,riverside,parttime,2,70.3,4.4,flexible,1,hybrid,north,2024-04-10 18:00:00,77.7,98535,scheduled,v2.2,0,North Exchange,north,dispatch,82
DL00424,O00503,D061,V007,H08,2024-08-18 00:53:00,2024-08-18 03:41:51.773806,ontime,8.14,1,0,5.0,14.49,168.86289676666667,6,360,0,0,C0242,passenger,2024-08-17 21:53:00,central,riverside,low,41.14,web,0,21,east,consumer,2025-12-18 16:08:00,83.8,48.9,web,active,riverside,contract,8,85.9,4.38,evening,1,diesel,airport,2025-09-17 08:52:00,68.6,78468,active,v2.2,1,Midtown Relay,central,charging,63
DL00425,O00564,D070,V090,H04,2024-09-03 00:37:00,2024-09-03 11:49:53.800069,ontime,13.09,1,0,4.82,4.86,672.8966678166666,12,720,0,0,C0535,retail,2024-09-02 23:55:00,north,ctr,medium,59.68,app,0,39,south,consumer,2024-06-18 21:50:00,38.6,80.2,web,active,south,fulltime,9,67.0,5.0,flexible,1,hybrid,west,2024-08-16 01:10:00,93.8,98472,inrepair,v2.0,1,West Gate,west,dispatch,69
DL00426,O00814,D150,V053,H05,2025-03-26 04:54:00,2025-03-26 14:37:28.110426,ontime,12.88,1,0,4.57,19.14,583.4685071,12,720,0,0,C0464,passenger,2025-03-26 02:36:00,east,riverside,medium,27.9,phone,0,71,airport,enterprise,2024-07-27 08:02:00,28.8,49.2,phone,dormant,east,fulltime,12,88.1,4.08,night,1,cargovan,west,2024-04-23 20:57:00,73.7,122638,scheduled,v2.0,0,Central Core,central,control,88
DL00427,O00414,D165,V058,H07,2025-04-05 22:47:00,2025-04-06 01:32:54.763589,ontime,9.53,0,0,3.92,9.98,165.91272648333333,6,360,0,0,C0023,parcel,2025-04-05 20:30:00,south,west,medium,283.98,app,0,52,south,consumer,2025-06-28 13:49:00,73.1,45.2,web,active,north,parttime,10,82.2,3.89,night,1,hybrid,central,2024-07-11 13:11:00,74.1,15138,active,v2.0,0,Riverside Hub,riverside,warehouse,66
DL00428,O00496,D109,V073,H07,2024-06-17 16:14:00,2024-06-17 19:20:06.689019,ontime,10.72,0,0,4.32,7.53,186.11148365,4,240,0,0,C0627,passenger,2024-06-17 15:14:00,south,airport,critical,117.66,app,0,54,airport,consumer,2024-02-03 00:07:00,53.8,57.9,phone,active,central,contract,14,68.1,3.94,morning,1,hybrid,airport,2024-05-28 05:33:00,,191353,active,v2.1,0,Riverside Hub,riverside,warehouse,66
DL00429,O00738,D030,V021,H07,2024-11-28 07:27:00,2024-11-28 18:58:36.387688,delayed,41.94,3,1,2.92,21.55,691.6064614666667,2,120,1,0,C0354,retail,2024-11-28 06:00:00,airport,west,high,66.54,app,1,35,airport,consumer,2024-11-07 04:40:00,87.8,41.4,app,active,central,fulltime,7,74.0,4.56,night,1,diesel,central,2025-06-22 17:38:00,83.0,71294,active,v2.2,0,Riverside Hub,riverside,warehouse,66
DL00430,O00779,D025,V065,H01,2025-07-25 14:03:00,2025-07-26 11:55:38.678980,ontime,12.92,0,0,5.0,11.78,1312.6446496666665,24,1440,0,0,C0397,retail,2025-07-25 11:40:00,riverside,ctr,critical,69.68,app,0,33,west,consumer,2024-01-03 02:17:00,51.3,34.6,web,suspended,north,fulltime,1,86.4,3.72,morning,1,ev,west,2024-01-05 09:25:00,84.3,217057,active,v2.1,0,North Exchange,north,dispatch,82
DL00431,O00737,D164,V082,H01,2024-03-14 04:04:00,2024-03-14 04:29:01.839885,ontime,10.56,1,0,4.7,16.33,25.030664750000003,2,120,0,0,C0368,retail,2024-03-14 03:53:00,central,central,medium,117.82,web,1,23,north,consumer,2025-05-25 21:41:00,49.5,92.7,phone,active,central,fulltime,5,76.1,4.07,flexible,1,ev,ctr,2024-02-03 08:40:00,81.2,81518,active,v2.1,0,North Exchange,north,dispatch,82
DL00432,O00658,D119,V011,H05,2025-07-24 13:29:00,2025-07-25 06:07:11.345733,failed,14.42,0,0,4.06,19.62,998.18909555,12,720,1,1,C0533,retail,2025-07-24 12:28:00,north,north,medium,68.43,app,0,35,south,consumer,2025-12-10 03:12:00,46.9,65.4,app,active,south,fulltime,5,56.0,3.55,flexible,1,diesel,riverside,2025-12-21 04:26:00,74.1,43518,inrepair,v2.1,1,Central Core,central,control,88
DL00433,O00148,D133,V056,H01,2025-04-03 23:41:00,2025-04-03 23:45:53.664975,ontime,14.34,2,0,2.92,12.9,4.894416250000001,2,120,0,0,C0401,medical,2025-04-03 22:05:00,east,east,high,86.3,phone,0,33,airport,consumer,2024-11-12 13:05:00,85.0,35.8,app,active,south,contract,12,88.2,3.99,flexible,1,ev,central,2024-06-09 16:18:00,78.4,29849,active,v2.2,0,North Exchange,north,dispatch,82
DL00434,O00395,D031,V063,H04,2024-09-28 10:53:00,2024-09-28 18:08:55.461530,delayed,16.69,0,1,3.34,16.51,435.9243588333333,1,60,1,0,C0060,passenger,2024-09-28 08:58:00,west,east,medium,20.16,web,0,52,central,consumer,2024-10-15 00:09:00,85.2,83.5,app,active,north,fulltime,10,91.5,4.03,flexible,1,ev,central,2024-01-11 00:19:00,73.6,159860,active,v2.1,0,West Gate,west,dispatch,69
DL00435,O00198,D129,V087,H08,2024-09-13 18:46:00,2024-09-13 22:25:00.821660,ontime,10.63,0,0,5.0,4.82,219.01369433333332,2,120,1,0,C0487,parcel,2024-09-13 17:44:00,west,central,low,21.51,web,0,61,east,sme,2024-06-15 04:00:00,63.9,88.5,web,active,north,fulltime,10,64.9,4.18,night,1,hybrid,airport,2025-02-09 18:48:00,49.7,116811,active,v2.1,1,Midtown Relay,central,charging,63
DL00436,O01063,D034,V076,H04,2024-07-27 22:20:00,2024-07-28 11:09:31.719472,ontime,9.89,0,0,4.0,12.8,769.5286578666667,12,720,1,0,C0054,retail,2024-07-27 20:15:00,east,riverside,medium,47.11,app,1,75,west,consumer,2025-12-24 13:22:00,42.4,26.8,web,active,west,fulltime,11,71.3,4.27,morning,1,diesel,central,2025-06-19 15:52:00,65.8,106063,inrepair,v1.9,1,West Gate,west,dispatch,69
DL00437,O01223,D167,V120,H05,2025-01-11 00:36:00,2025-01-11 12:06:30.146218,ontime,13.43,0,0,4.8,11.05,690.5024369666667,12,720,0,0,C0522,parcel,2025-01-10 23:27:00,east,riverside,medium,97.73,web,0,28,east,consumer,2024-07-02 15:25:00,56.1,63.3,app,suspended,south,parttime,12,75.3,4.64,night,1,ev,central,2025-05-02 16:13:00,73.6,192246,active,v2.0,0,Central Core,central,control,88
DL00438,O00992,D083,V078,H04,2024-03-08 16:52:00,2024-03-09 09:52:27.867914,failed,27.82,1,0,3.12,15.69,1020.4644652333334,4,240,1,1,C0438,retail,2024-03-08 15:23:00,ctr,south,high,54.25,phone,0,22,north,consumer,2025-11-21 07:47:00,54.0,67.9,app,active,north,fulltime,12,80.8,4.16,flexible,1,cargovan,north,2024-03-04 20:00:00,78.4,153638,active,v2.1,0,West Gate,west,dispatch,69
DL00439,O00983,D117,V026,H07,2024-08-20 00:58:00,2024-08-20 12:12:47.434727,delayed,13.81,1,1,3.68,19.27,674.7905787833333,4,240,1,0,C0538,passenger,2024-08-20 00:38:00,central,north,medium,122.09,web,0,28,central,enterprise,2024-09-15 05:20:00,84.5,44.3,app,dormant,north,fulltime,1,71.1,3.93,flexible,1,cargovan,riverside,2024-11-07 04:27:00,78.7,200276,inrepair,v2.2,1,Riverside Hub,riverside,warehouse,66
DL00440,O00758,D028,V046,H03,2024-02-26 13:10:00,2024-02-26 22:13:07.503199,delayed,10.74,4,0,3.54,9.77,543.1250533166666,6,360,1,0,C0359,parcel,2024-02-26 11:34:00,east,west,low,144.81,phone,0,23,airport,consumer,2024-07-15 12:16:00,75.7,87.8,app,active,north,fulltime,11,83.0,4.07,flexible,1,ev,north,2024-07-11 13:31:00,95.8,101425,active,v1.9,0,East Dock,east,warehouse,74
DL00441,O00014,D141,V068,H01,2024-08-25 12:01:00,2024-08-25 15:01:44.356021,ontime,8.82,0,0,4.7,7.36,180.73926701666667,6,360,0,0,C0318,passenger,2024-08-25 10:12:00,ctr,ctr,low,90.96,phone,0,48,west,consumer,2025-05-09 17:42:00,68.2,71.0,app,dormant,north,parttime,14,71.4,3.44,flexible,1,hybrid,riverside,2024-06-28 15:49:00,97.5,73769,inrepair,v2.0,1,North Exchange,north,dispatch,82
DL00442,O01090,D150,V099,H02,2025-09-11 20:27:00,2025-09-12 18:27:20.507484,ontime,8.63,1,0,4.98,6.69,1320.3417914,24,1440,0,0,C0414,medical,2025-09-11 17:51:00,south,airport,critical,58.6,app,0,21,riverside,sme,2024-02-14 08:47:00,77.3,61.5,web,active,east,fulltime,12,88.1,4.08,night,1,hybrid,south,2024-09-06 02:11:00,65.8,92896,active,v2.0,1,South Link,south,dispatch,78
DL00443,O01170,D070,V097,H06,2024-01-01 08:44:00,2024-01-01 16:11:11.563209,ontime,3.65,0,0,3.34,12.85,447.19272015,6,360,1,0,C0321,passenger,2024-01-01 07:36:00,ctr,west,low,104.64,web,0,51,south,consumer,2024-07-31 16:57:00,99.0,70.3,partner api,active,south,fulltime,9,67.0,5.0,flexible,1,ev,ctr,2024-11-12 12:56:00,92.1,18680,active,v2.1,0,Airport Hub,airport,dispatch,71
DL00444,O01221,D017,V109,H05,2024-04-13 09:44:00,2024-04-14 02:35:05.556300,failed,11.43,0,0,3.0,9.78,1011.0926049999999,4,240,1,1,C0243,passenger,2024-04-13 07:50:00,east,ctr,medium,183.7,app,0,31,riverside,consumer,2025-06-20 16:36:00,63.0,85.8,phone,suspended,east,parttime,1,,4.34,morning,1,hybrid,airport,2024-10-17 11:15:00,60.6,193552,inrepair,v2.1,1,Central Core,central,control,88
DL00445,O00055,D074,V008,H03,2025-05-31 02:19:00,2025-05-31 06:24:33.541055,delayed,37.02,0,0,3.55,21.88,245.55901758333331,2,120,1,0,C0454,retail,2025-05-30 23:44:00,airport,riverside,medium,73.7,app,0,28,south,consumer,2024-10-27 07:07:00,62.2,63.6,app,active,central,fulltime,12,79.5,4.61,evening,1,ev,riverside,2025-06-14 03:47:00,90.5,49711,active,v2.0,0,East Dock,east,warehouse,74
DL00446,O00903,D002,V069,H07,2025-10-21 01:25:00,2025-10-21 07:22:35.310698,delayed,8.25,1,0,2.26,10.76,357.5885116333333,4,240,1,0,C0380,parcel,2025-10-20 23:37:00,ctr,east,low,18.78,web,1,24,central,sme,2024-10-29 03:39:00,32.6,61.2,web,active,central,fulltime,4,42.4,3.94,evening,1,hybrid,central,2025-07-20 18:17:00,71.4,187158,active,v2.1,0,Riverside Hub,riverside,warehouse,66
DL00447,O00812,D070,V043,H01,2025-04-12 19:06:00,2025-04-13 16:08:07.919948,ontime,9.36,1,0,4.55,9.47,1262.1319991333332,24,1440,0,0,C0219,parcel,2025-04-12 18:37:00,west,airport,medium,55.92,app,0,29,ctr,consumer,2025-12-10 09:02:00,74.6,85.7,web,active,south,fulltime,9,67.0,5.0,flexible,1,ev,south,2025-02-23 11:32:00,76.4,149922,scheduled,v2.0,0,North Exchange,north,dispatch,82
DL00449,O00454,D047,V025,H07,2025-04-15 03:39:00,2025-04-15 16:29:42.050340,ontime,14.65,0,0,4.58,12.62,770.700839,12,720,1,0,C0251,medical,2025-04-15 03:05:00,west,north,medium,51.66,app,0,56,riverside,consumer,2025-10-03 17:43:00,54.5,42.4,app,active,south,fulltime,7,64.6,4.7,morning,1,diesel,airport,2024-11-03 05:34:00,42.0,52074,active,v2.1,1,Riverside Hub,riverside,warehouse,66
DL00450,O01161,D049,V108,H06,2025-05-17 04:32:00,2025-05-18 01:37:48.885017,failed,10.61,1,0,3.99,12.55,1265.8147502833333,4,240,1,1,C0359,passenger,2025-05-17 03:55:00,riverside,north,high,32.02,app,0,23,airport,consumer,2024-07-15 12:16:00,75.7,87.8,app,active,central,contract,14,41.4,4.0,morning,1,diesel,airport,2025-01-31 06:29:00,54.6,141290,inrepair,v1.9,1,Airport Hub,airport,dispatch,71
DL00451,O01188,D145,V114,H01,2024-06-25 12:25:00,2024-06-25 12:45:53.535355,ontime,11.19,0,0,3.58,14.22,20.892255916666667,1,60,0,0,C0291,parcel,2024-06-25 10:56:00,ctr,west,critical,83.85,phone,0,43,north,enterprise,2024-11-05 23:09:00,66.1,88.6,web,active,north,fulltime,11,68.4,4.09,morning,1,hybrid,north,2024-10-03 17:53:00,90.0,84649,active,v2.2,0,North Exchange,north,dispatch,82
DL00452,O00468,D125,V051,H01,2024-03-29 12:52:00,2024-03-29 14:01:48.798026,ontime,8.52,1,0,3.65,12.49,69.81330043333334,2,120,0,0,C0062,retail,2024-03-29 10:24:00,east,south,medium,22.82,app,0,33,central,consumer,2025-09-16 18:20:00,55.5,63.7,web,active,north,parttime,15,90.5,4.07,morning,1,ev,north,2024-11-21 11:04:00,87.8,141107,active,v2.0,0,North Exchange,north,dispatch,82
DL00453,O00248,D130,V007,H06,2024-03-22 18:52:00,2024-03-22 23:50:03.774317,ontime,11.9,1,0,4.04,8.88,298.06290528333335,4,240,1,0,C0153,passenger,2024-03-22 18:11:00,south,airport,medium,16.18,phone,0,49,ctr,sme,2024-09-10 22:33:00,38.4,51.1,app,active,west,fulltime,8,71.2,3.64,evening,1,diesel,airport,2025-09-17 08:52:00,68.6,78468,active,v2.2,1,Airport Hub,airport,dispatch,71
DL00454,O00408,D102,V088,H04,2024-09-14 14:20:00,2024-09-15 12:01:49.742714,ontime,8.57,0,0,3.94,18.59,1301.8290452333335,24,1440,0,0,C0446,parcel,2024-09-14 12:06:00,north,west,high,58.75,app,0,20,airport,sme,2025-08-15 06:20:00,65.9,37.5,partner api,dormant,east,parttime,10,67.6,4.62,morning,1,diesel,north,2024-02-14 14:03:00,80.3,50427,inrepair,v2.1,1,West Gate,west,dispatch,69
DL00455,O00914,D094,V098,H01,2024-04-12 08:41:00,2024-04-12 12:45:47.285486,ontime,10.3,1,0,4.14,7.0,244.78809143333334,6,360,0,0,C0258,retail,2024-04-12 08:19:00,south,north,medium,217.46,app,0,50,riverside,consumer,2024-03-17 08:15:00,71.4,63.1,partner api,active,ctr,parttime,6,60.8,4.48,night,0,diesel,west,2025-12-29 15:01:00,69.7,73011,active,v2.1,1,North Exchange,north,dispatch,82
DL00456,O00157,D037,V035,H02,2024-09-16 20:38:00,2024-09-16 22:39:02.594617,ontime,26.36,0,0,4.83,10.84,121.04324361666666,2,120,1,0,C0513,business,2024-09-16 20:06:00,airport,north,low,60.52,api,0,50,east,consumer,2025-07-17 20:49:00,47.2,48.8,app,active,north,parttime,7,63.9,4.67,morning,1,cargovan,east,2025-07-03 09:34:00,83.6,73804,active,v2.0,0,South Link,south,dispatch,78
DL00457,O00092,D110,V099,H06,2025-04-24 17:52:00,2025-04-24 20:46:39.551014,ontime,14.85,2,0,4.55,10.8,174.65918356666668,6,360,0,0,C0268,retail,2025-04-24 15:05:00,south,east,medium,56.53,web,0,65,east,enterprise,2025-08-04 04:00:00,64.3,26.8,app,active,riverside,contract,7,40.6,4.1,morning,1,hybrid,south,2024-09-06 02:11:00,65.8,92896,active,v2.0,1,Airport Hub,airport,dispatch,71
DL00458,O00172,D109,V119,H05,2025-01-17 19:21:00,2025-01-18 10:08:30.423180,delayed,6.39,0,0,3.34,10.15,887.5070529999999,4,240,1,0,C0343,passenger,2025-01-17 19:03:00,east,west,high,108.19,app,0,75,central,consumer,2025-04-29 18:31:00,58.3,71.3,web,active,central,contract,14,68.1,3.94,morning,1,ev,riverside,2025-08-17 06:19:00,67.6,215407,inrepair,v2.1,1,Central Core,central,control,88
DL00459,O00831,D005,V084,H01,2025-02-27 09:04:00,2025-02-27 19:44:33.695510,failed,9.02,2,0,2.73,7.17,640.5615918333333,4,240,1,1,C0560,business,2025-02-27 08:02:00,riverside,central,medium,130.28,app,0,29,north,sme,2025-06-12 08:19:00,59.0,56.2,web,active,north,fulltime,3,69.7,4.14,morning,1,cargovan,riverside,2024-12-23 06:28:00,47.6,53872,inrepair,v2.1,1,North Exchange,north,dispatch,82
DL00460,O00522,D026,V103,H05,2024-02-09 11:26:00,2024-02-10 12:31:24.364078,ontime,14.04,1,0,3.86,13.03,1505.4060679666666,24,1440,1,0,C0594,passenger,2024-02-09 11:07:00,riverside,central,medium,152.25,phone,0,70,east,consumer,2025-10-20 16:41:00,97.4,22.5,web,active,north,parttime,4,84.9,3.15,night,0,hybrid,north,2025-01-06 03:21:00,100.0,181609,inrepair,v2.1,1,Central Core,central,control,88
DL00461,O00862,D089,V006,H08,2025-01-29 15:08:00,2025-01-29 16:46:22.767038,ontime,18.99,0,0,4.06,16.11,98.37945063333333,4,240,0,0,C0599,retail,2025-01-29 14:26:00,east,north,medium,84.14,phone,0,40,north,consumer,2025-05-04 22:34:00,81.4,44.4,app,active,ctr,fulltime,2,71.1,4.57,night,1,ev,central,2025-11-22 06:39:00,78.6,141381,active,v2.1,0,Midtown Relay,central,charging,63
DL00462,O00099,D131,V058,H04,2025-10-04 22:47:00,2025-10-05 08:13:05.592425,ontime,16.049999999999997,4,0,4.99,15.19,566.0932070833334,12,720,0,0,C0079,retail,2025-10-04 19:59:00,airport,east,low,75.64,app,0,61,east,consumer,2024-12-21 19:23:00,41.9,49.2,app,active,south,fulltime,9,86.7,4.26,night,0,hybrid,central,2024-07-11 13:11:00,74.1,15138,active,v2.0,0,West Gate,west,dispatch,69
DL00463,O00271,D102,V023,H07,2025-09-17 00:16:00,2025-09-17 03:09:39.905714,ontime,8.97,0,0,3.56,12.95,173.66509523333335,4,240,0,0,C0381,passenger,2025-09-16 21:51:00,west,ctr,critical,192.54,app,0,55,ctr,consumer,2025-05-22 19:11:00,74.4,44.3,app,active,east,parttime,10,67.6,4.62,morning,1,hybrid,east,2024-01-07 23:54:00,70.7,188387,active,v2.1,0,Riverside Hub,riverside,warehouse,66
DL00464,O01124,D017,V016,H04,2024-05-02 17:53:00,2024-05-02 19:40:27.608348,ontime,16.51,0,0,3.76,9.45,107.46013913333333,4,240,0,0,C0015,business,2024-05-02 16:45:00,riverside,south,high,148.02,app,1,37,south,sme,2024-05-27 17:07:00,54.5,52.8,phone,active,east,parttime,1,,4.34,morning,1,ev,west,2024-10-13 19:38:00,63.5,84395,active,v2.1,1,West Gate,west,dispatch,69
DL00465,O00820,D080,V074,H08,2024-05-01 18:26:00,2024-05-01 22:52:34.351693,ontime,11.27,0,0,4.84,13.89,266.5725282166667,6,360,0,0,C0121,passenger,2024-05-01 15:38:00,riverside,north,low,231.32,app,0,25,south,consumer,2025-09-18 19:30:00,90.9,59.0,phone,active,central,fulltime,11,,4.35,flexible,1,cargovan,east,2025-06-05 03:01:00,62.4,18034,active,v2.1,1,Midtown Relay,central,charging,63
DL00467,O00511,D078,V067,H05,2024-06-06 11:55:00,2024-06-07 08:33:53.897421,ontime,14.94,1,0,3.76,7.49,1238.89829035,24,1440,0,0,C0119,parcel,2024-06-06 09:58:00,west,west,high,150.89,api,0,65,central,sme,2024-06-03 18:57:00,46.2,54.0,web,dormant,north,fulltime,11,73.7,4.28,morning,1,hybrid,ctr,2025-11-15 00:12:00,57.3,176145,active,v2.0,1,Central Core,central,control,88
DL00469,O00458,D027,V042,H03,2025-04-10 03:03:00,2025-04-11 05:15:10.466183,delayed,12.11,0,0,3.8,16.42,1572.1744363833334,12,720,1,0,C0546,parcel,2025-04-10 01:52:00,ctr,east,high,87.24,api,0,67,riverside,consumer,2025-10-13 08:43:00,70.1,22.0,web,active,airport,parttime,12,74.3,3.7,night,1,ev,east,2025-06-21 07:06:00,80.5,215870,inrepair,v1.9,1,East Dock,east,warehouse,74
DL00470,O00562,D004,V120,H08,2024-07-21 10:43:00,2024-07-21 14:49:27.695889,ontime,3.36,2,0,3.97,13.27,246.46159815000001,4,240,1,0,C0382,passenger,2024-07-21 09:25:00,east,west,medium,241.72,,0,32,south,consumer,2024-08-16 15:26:00,60.9,77.8,app,active,airport,parttime,13,88.9,4.75,morning,1,ev,central,2025-05-02 16:13:00,73.6,192246,active,v2.0,0,Midtown Relay,central,charging,63
DL00471,O01049,D088,V068,H01,2025-10-17 08:34:00,2025-10-17 18:06:53.601277,ontime,17.09,1,0,4.21,16.47,572.8933546166667,12,720,0,0,C0527,retail,2025-10-17 06:56:00,west,west,medium,69.8,app,0,73,central,consumer,2024-02-11 20:08:00,86.2,89.5,web,active,riverside,contract,4,84.3,4.17,morning,1,hybrid,riverside,2024-06-28 15:49:00,97.5,73769,inrepair,v2.0,1,North Exchange,north,dispatch,82
DL00472,O00042,D113,V046,H01,2025-12-01 19:10:00,2025-12-03 08:16:03.110618,delayed,10.28,0,0,3.59,5.13,2226.0518436333336,24,1440,1,0,C0606,retail,2025-12-01 18:22:00,riverside,ctr,medium,133.72,phone,1,68,south,consumer,2024-05-06 10:57:00,64.3,56.9,app,active,airport,parttime,8,70.5,4.47,evening,1,ev,north,2024-07-11 13:31:00,95.8,101425,active,v1.9,0,North Exchange,north,dispatch,82
DL00473,O00180,D105,V071,H07,2024-12-29 08:17:00,2024-12-30 05:50:08.150454,ontime,14.15,7,0,4.01,6.22,1293.1358409,24,1440,0,0,C0615,parcel,2024-12-29 05:23:00,central,north,low,54.32,phone,0,19,airport,consumer,2024-07-26 05:47:00,48.2,77.6,app,active,riverside,contract,2,82.0,3.71,morning,1,ev,west,2024-05-27 18:12:00,73.8,195310,scheduled,v1.9,0,Riverside Hub,riverside,warehouse,66
DL00474,O00067,D004,V017,H04,2025-02-25 03:48:00,2025-02-25 07:16:13.969650,ontime,2.66,0,0,4.36,9.21,208.23282749999998,6,360,0,0,C0339,passenger,2025-02-25 02:12:00,west,west,critical,131.1,web,0,27,south,consumer,2025-02-13 20:28:00,46.6,66.6,app,active,airport,parttime,13,88.9,4.75,morning,1,hybrid,riverside,2024-04-23 12:54:00,82.4,169703,inrepair,v2.2,1,West Gate,west,dispatch,69
DL00475,O01121,D074,V027,H07,2024-06-03 08:50:00,2024-06-03 17:50:35.358594,ontime,3.63,2,0,4.29,9.74,540.5893099,12,720,0,0,C0078,retail,2024-06-03 05:59:00,central,south,high,73.49,app,0,40,east,consumer,2024-06-01 20:16:00,35.2,24.6,phone,active,central,fulltime,12,79.5,4.61,evening,1,diesel,south,2025-08-12 12:37:00,78.6,51052,inrepair,v2.2,1,Riverside Hub,riverside,warehouse,66
DL00476,O00849,D094,V035,H07,2024-05-06 00:48:00,2024-05-06 14:59:17.100441,delayed,15.93,1,0,4.07,10.87,851.28500735,4,240,1,0,C0412,passenger,2024-05-05 22:41:00,airport,north,high,230.22,app,0,70,airport,consumer,2025-09-12 10:23:00,70.3,29.9,app,active,ctr,parttime,6,60.8,4.48,night,0,cargovan,east,2025-07-03 09:34:00,83.6,73804,active,v2.0,0,Riverside Hub,riverside,warehouse,66
DL00477,O00613,D162,V002,H03,2025-12-02 22:57:00,2025-12-03 10:47:11.610255,delayed,25.16,1,0,4.04,23.03,710.19350425,4,240,1,0,C0650,retail,2025-12-02 22:03:00,airport,central,low,84.48,app,0,19,south,consumer,2024-10-21 19:47:00,45.6,58.0,app,dormant,riverside,contract,11,69.0,4.62,night,1,ev,airport,2024-04-21 16:14:00,67.9,159368,inrepair,v2.2,1,East Dock,east,warehouse,74
DL00478,O00947,D133,V109,H05,2024-01-31 17:32:00,2024-02-01 03:51:28.208192,delayed,9.6,2,0,1.46,11.77,619.4701365333333,4,240,1,0,C0467,passenger,2024-01-31 15:28:00,north,north,high,89.52,app,0,49,west,enterprise,2024-12-01 13:43:00,58.7,31.7,web,active,south,contract,12,88.2,3.99,flexible,1,hybrid,airport,2024-10-17 11:15:00,60.6,193552,inrepair,v2.1,1,Central Core,central,control,88
DL00479,O00533,D091,V047,H01,2024-11-03 02:54:00,2024-11-03 19:36:46.278515,delayed,3.46,0,0,1.0,14.35,1002.7713085833333,4,240,1,0,C0338,retail,2024-11-03 01:37:00,ctr,north,medium,74.26,app,0,35,central,consumer,2024-10-04 07:24:00,58.0,89.2,app,dormant,riverside,fulltime,12,68.0,4.46,night,1,ev,ctr,2025-02-15 14:49:00,93.7,134347,scheduled,v2.2,0,North Exchange,north,dispatch,82
DL00480,O00978,D119,V044,H07,2025-09-11 07:01:00,2025-09-12 01:49:05.346029,ontime,24.44,0,0,4.53,8.9,1128.0891004833331,24,1440,0,0,C0515,parcel,2025-09-11 04:41:00,riverside,central,high,124.25,app,0,38,riverside,consumer,2024-11-11 18:15:00,74.0,73.9,phone,active,south,fulltime,5,56.0,3.55,flexible,1,ev,airport,2025-02-14 20:35:00,91.8,111243,active,v2.2,0,Riverside Hub,riverside,warehouse,66
DL00481,O01095,D077,V086,H04,2024-03-14 17:15:00,2024-03-14 20:29:07.930187,ontime,16.16,1,0,3.89,22.66,194.13216978333332,6,360,0,0,C0612,business,2024-03-14 15:06:00,south,airport,high,23.65,web,0,53,central,consumer,2024-08-10 02:56:00,82.3,74.0,app,active,south,fulltime,8,64.9,3.68,morning,1,ev,central,2024-02-25 07:56:00,82.8,42307,scheduled,v2.2,0,West Gate,west,dispatch,69
DL00482,O00777,D141,V118,H02,2025-10-19 00:12:00,2025-10-19 22:22:41.203962,failed,11.35,1,1,2.32,18.23,1330.6867327,6,360,1,1,C0226,retail,2025-10-18 23:47:00,east,riverside,high,14.64,app,0,74,west,consumer,2024-12-09 12:05:00,47.2,48.0,web,active,north,parttime,14,71.4,3.44,flexible,1,diesel,riverside,2025-02-18 12:40:00,78.0,145165,active,v2.1,0,South Link,south,dispatch,78
DL00483,O00036,D135,V017,H06,2024-11-06 05:51:00,2024-11-06 11:52:01.051436,delayed,8.41,0,1,4.57,9.29,361.01752393333334,4,240,1,0,C0126,parcel,2024-11-06 04:24:00,riverside,north,medium,73.14,app,0,42,north,consumer,2024-05-22 13:55:00,64.5,39.0,app,active,riverside,parttime,2,70.3,4.4,flexible,1,hybrid,riverside,2024-04-23 12:54:00,82.4,169703,inrepair,v2.2,1,Airport Hub,airport,dispatch,71
DL00484,O00437,D144,V079,H02,2025-09-25 07:59:00,2025-09-25 13:47:34.696350,ontime,21.25,2,0,3.95,12.17,348.57827249999997,4,240,1,0,C0618,retail,2025-09-25 06:54:00,airport,riverside,medium,98.88,app,0,64,airport,consumer,2024-09-01 12:58:00,68.4,72.1,phone,active,west,fulltime,6,85.0,3.83,morning,1,ev,airport,2025-12-01 18:20:00,100.0,117995,active,v2.2,0,South Link,south,dispatch,78
DL00486,O00306,D052,V114,H01,2024-06-14 17:09:00,2024-06-15 05:57:57.188614,failed,14.52,0,1,4.61,14.81,768.9531435666667,4,240,1,1,C0613,passenger,2024-06-14 16:01:00,north,north,low,42.22,phone,0,40,north,consumer,2025-06-03 00:10:00,45.5,60.7,app,suspended,riverside,fulltime,8,71.7,3.39,morning,1,hybrid,north,2024-10-03 17:53:00,90.0,84649,active,v2.2,0,North Exchange,north,dispatch,82
DL00487,O01111,D054,V027,H03,2024-11-15 00:10:00,2024-11-15 04:17:33.739828,ontime,12.36,0,0,4.26,12.09,247.56233046666665,6,360,0,0,C0167,retail,2024-11-14 21:57:00,south,north,low,18.03,app,1,72,ctr,consumer,2025-12-24 13:32:00,52.5,62.0,app,active,west,fulltime,3,80.1,4.32,morning,1,diesel,south,2025-08-12 12:37:00,78.6,51052,inrepair,v2.2,1,East Dock,east,warehouse,74
DL00488,O01053,D038,V014,H08,2025-10-23 03:57:00,2025-10-23 08:18:12.147470,ontime,3.33,0,0,4.04,10.75,261.2024578333333,6,360,0,0,C0106,passenger,2025-10-23 02:30:00,east,west,low,285.05,app,0,22,ctr,consumer,2025-04-26 06:21:00,63.0,45.3,app,active,south,fulltime,5,67.4,3.72,evening,1,ev,airport,2025-05-24 12:36:00,100.0,206339,scheduled,v2.0,0,Midtown Relay,central,charging,63
DL00489,O00911,D130,V112,H02,2025-05-20 23:09:00,2025-05-21 00:26:05.202498,ontime,12.53,1,0,3.28,16.53,77.0867083,4,240,0,0,C0214,retail,2025-05-20 20:32:00,riverside,central,high,24.34,app,0,34,central,consumer,2024-03-13 20:47:00,57.5,36.7,app,active,west,fulltime,8,71.2,3.64,evening,1,ev,south,2024-06-08 07:45:00,94.1,19121,inrepair,v2.1,1,South Link,south,dispatch,78
DL00490,O00701,D039,V035,H04,2025-12-15 21:19:00,2025-12-16 19:49:17.202716,failed,1.65,1,0,4.24,10.31,1350.2867119333334,4,240,1,1,C0021,parcel,2025-12-15 18:19:00,east,riverside,medium,19.97,app,0,30,central,sme,2025-07-31 01:39:00,63.6,40.8,phone,active,airport,contract,7,86.1,4.06,evening,1,cargovan,east,2025-07-03 09:34:00,83.6,73804,active,v2.0,0,West Gate,west,dispatch,69
DL00491,O00181,D124,V113,H08,2024-12-16 02:36:00,2024-12-16 03:51:28.734813,ontime,33.46,3,0,4.46,16.73,75.47891355,2,120,0,0,C0252,retail,2024-12-15 23:43:00,airport,airport,critical,108.19,api,1,38,north,consumer,2024-09-07 15:16:00,71.3,30.9,app,active,north,fulltime,4,70.6,3.78,night,1,hybrid,central,2024-05-12 02:12:00,58.9,52725,inrepair,v1.9,1,Midtown Relay,central,charging,63
DL00492,O00035,D100,V108,H06,2024-06-14 15:50:00,2024-06-15 05:51:47.019652,failed,9.55,0,0,1.99,9.2,841.7836608666668,4,240,1,1,C0524,business,2024-06-14 13:12:00,north,central,medium,209.07,web,0,67,riverside,consumer,2025-01-02 13:23:00,49.7,70.2,phone,active,central,fulltime,4,62.0,4.31,flexible,1,diesel,airport,2025-01-31 06:29:00,54.6,141290,inrepair,v1.9,1,Airport Hub,airport,dispatch,71
DL00493,O00803,D017,V070,H03,2025-08-09 20:37:00,2025-08-09 23:43:05.330497,ontime,4.68,0,0,4.83,11.06,186.08884161666668,6,360,0,0,C0509,retail,2025-08-09 17:58:00,east,airport,high,60.3,app,0,77,west,consumer,2024-07-16 01:56:00,59.6,68.5,web,dormant,east,parttime,1,,4.34,morning,1,cargovan,north,2025-10-24 17:32:00,62.6,39859,inrepair,v2.0,1,East Dock,east,warehouse,74
DL00494,O00322,D072,V058,H08,2025-03-11 22:48:00,2025-03-12 01:38:13.776857,ontime,14.05,2,0,4.29,11.2,170.22961428333335,4,240,0,0,C0495,business,2025-03-11 20:17:00,ctr,south,high,61.55,app,0,20,ctr,consumer,2025-01-27 15:48:00,65.3,33.3,app,dormant,south,fulltime,10,75.8,4.47,evening,1,hybrid,central,2024-07-11 13:11:00,74.1,15138,active,v2.0,0,Midtown Relay,central,charging,63
DL00495,O01189,D129,V006,H05,2024-05-23 01:38:00,2024-05-23 04:12:11.690549,ontime,33.39,2,0,4.94,19.23,154.19484248333336,6,360,0,0,C0353,parcel,2024-05-22 23:55:00,airport,riverside,low,129.6,web,0,50,west,consumer,2024-02-08 20:45:00,62.8,80.2,phone,dormant,north,fulltime,10,64.9,4.18,night,1,ev,central,2025-11-22 06:39:00,78.6,141381,active,v2.1,0,Central Core,central,control,88
DL00496,O00622,D142,V102,H02,2024-04-23 18:22:00,2024-04-24 16:12:08.253404,ontime,7.97,2,0,4.18,11.59,1310.1375567333334,24,1440,0,0,C0439,passenger,2024-04-23 15:26:00,central,central,high,48.84,phone,0,20,south,consumer,2025-07-05 21:48:00,70.8,58.9,app,active,airport,fulltime,12,98.7,4.23,night,1,ev,west,2024-10-24 12:35:00,77.0,198326,active,v2.0,0,South Link,south,dispatch,78
DL00497,O00192,D083,V116,H08,2025-08-18 14:17:00,2025-08-20 03:34:36.170242,failed,12.14,1,0,3.23,11.88,2237.6028373666663,24,1440,1,1,C0404,retail,2025-08-18 14:07:00,ctr,north,high,83.79,app,1,25,east,consumer,2025-04-02 06:20:00,59.6,72.3,app,active,north,fulltime,12,80.8,4.16,flexible,1,diesel,east,2025-04-23 07:10:00,62.7,71822,active,v2.1,1,Midtown Relay,central,charging,63
DL00498,O01205,D091,V018,H08,2024-12-20 02:21:00,2024-12-20 05:11:42.324554,ontime,8.6,0,0,3.75,2.93,170.70540923333334,4,240,0,0,C0559,parcel,2024-12-19 23:53:00,west,north,low,65.7,web,0,72,north,consumer,2024-02-19 09:52:00,72.0,64.4,partner api,active,riverside,fulltime,12,68.0,4.46,night,1,diesel,riverside,2025-04-08 22:29:00,86.8,98363,scheduled,v2.1,0,Midtown Relay,central,charging,63
DL00499,O01144,D053,V038,H01,2025-02-07 22:48:00,2025-02-08 17:25:46.790590,delayed,10.41,0,0,3.5,10.6,1117.7798431666668,4,240,1,0,C0571,passenger,2025-02-07 22:06:00,riverside,south,medium,17.71,app,1,33,south,consumer,2024-11-07 03:33:00,44.1,36.5,phone,active,west,fulltime,5,83.3,3.8,morning,1,cargovan,central,2025-03-16 12:29:00,81.6,68032,active,v2.1,0,North Exchange,north,dispatch,82
DL00500,O00556,D017,V063,H02,2024-09-01 03:37:00,2024-09-01 05:39:15.173184,ontime,6.73,1,0,3.72,11.11,122.25288640000001,2,120,1,0,C0643,business,2024-09-01 03:09:00,riverside,airport,medium,101.94,app,1,33,north,consumer,2024-04-10 20:13:00,73.6,60.0,web,active,east,parttime,1,,4.34,morning,1,ev,central,2024-01-11 00:19:00,73.6,159860,active,v2.1,0,South Link,south,dispatch,78
DL00501,O01211,D114,V087,H06,2025-11-12 07:51:00,2025-11-13 07:44:27.569654,ontime,9.66,0,0,4.47,15.25,1433.4594942333335,24,1440,0,0,C0345,medical,2025-11-12 07:13:00,south,south,medium,17.36,api,0,18,north,consumer,2025-06-24 14:28:00,93.5,56.9,web,active,ctr,fulltime,2,57.4,4.07,evening,1,hybrid,airport,2025-02-09 18:48:00,49.7,116811,active,v2.1,1,Airport Hub,airport,dispatch,71
DL00502,O01190,D114,V026,H03,2025-11-24 18:47:00,2025-11-24 23:48:20.579555,ontime,9.61,3,0,3.78,6.03,301.34299258333334,4,240,1,0,C0168,parcel,2025-11-24 17:41:00,east,central,high,34.37,app,0,70,riverside,consumer,2025-02-17 10:26:00,54.3,69.4,web,active,ctr,fulltime,2,57.4,4.07,evening,1,cargovan,riverside,2024-11-07 04:27:00,78.7,200276,inrepair,v2.2,1,East Dock,east,warehouse,74
DL00503,O00760,D154,V014,H07,2024-03-14 23:28:00,2024-03-15 20:48:21.177033,ontime,12.95,0,0,3.97,10.7,1280.35295055,24,1440,0,0,C0051,medical,2024-03-14 20:30:00,south,west,low,108.03,api,0,37,east,consumer,2025-04-04 12:35:00,49.3,53.8,app,active,airport,fulltime,4,67.0,4.35,evening,1,ev,airport,2025-05-24 12:36:00,100.0,206339,scheduled,v2.0,0,Riverside Hub,riverside,warehouse,66
DL00504,O00679,D023,V098,H08,2024-11-15 04:30:00,2024-11-16 02:36:46.022359,ontime,6.55,1,0,5.0,12.11,1326.7670393166666,24,1440,0,0,C0244,medical,2024-11-15 01:37:00,west,south,high,74.53,web,0,27,airport,consumer,2024-01-17 21:37:00,52.7,54.9,phone,active,east,fulltime,11,79.1,4.16,night,1,diesel,west,2025-12-29 15:01:00,69.7,73011,active,v2.1,1,Midtown Relay,central,charging,63
DL00505,O00833,D170,V017,H08,2025-05-05 04:31:00,2025-05-05 20:10:37.600890,failed,12.0,3,1,2.71,12.22,939.6266815,2,120,1,1,C0431,parcel,2025-05-05 03:48:00,central,riverside,medium,141.48,app,0,76,west,sme,2024-11-29 05:27:00,43.1,38.1,web,dormant,west,fulltime,14,75.2,4.48,morning,1,hybrid,riverside,2024-04-23 12:54:00,82.4,169703,inrepair,v2.2,1,Midtown Relay,central,charging,63
DL00506,O00094,D077,V079,H05,2024-09-27 03:56:00,2024-09-27 16:59:08.774450,delayed,17.369999999999997,2,0,3.11,9.14,783.1462408333333,6,360,1,0,C0361,parcel,2024-09-27 03:41:00,airport,north,medium,62.08,phone,0,65,south,consumer,2024-01-11 17:19:00,59.6,49.3,web,active,south,fulltime,8,64.9,3.68,morning,1,ev,airport,2025-12-01 18:20:00,100.0,117995,active,v2.2,0,Central Core,central,control,88
DL00508,O00161,D015,V025,H03,2024-08-19 19:52:00,2024-08-20 07:24:22.258983,ontime,12.14,0,0,4.66,14.06,692.37098305,12,720,0,0,C0025,parcel,2024-08-19 17:36:00,south,airport,high,123.09,phone,0,23,riverside,consumer,2025-04-09 11:19:00,55.5,52.8,app,active,east,fulltime,11,85.1,4.34,morning,1,diesel,airport,2024-11-03 05:34:00,42.0,52074,active,v2.1,1,East Dock,east,warehouse,74
DL00509,O00719,D116,V086,H01,2024-01-04 19:33:00,2024-01-05 05:38:11.606195,delayed,16.37,0,0,1.0,11.37,605.1934365833333,2,120,1,0,C0395,passenger,2024-01-04 18:42:00,west,central,low,11.54,web,0,76,south,sme,2025-01-22 11:21:00,54.0,70.9,app,active,central,fulltime,4,58.2,4.19,morning,1,ev,central,2024-02-25 07:56:00,82.8,42307,scheduled,v2.2,0,North Exchange,north,dispatch,82
DL00510,O00359,D057,V004,H01,2024-08-17 23:15:00,2024-08-18 20:50:19.862546,ontime,12.07,0,0,4.04,18.19,1295.3310424333333,24,1440,0,0,C0048,passenger,2024-08-17 23:04:00,east,central,high,134.58,web,0,19,riverside,sme,2024-10-21 04:47:00,48.5,53.8,app,active,west,fulltime,6,75.0,4.25,morning,1,hybrid,riverside,2024-06-07 13:21:00,,36310,active,v2.2,0,North Exchange,north,dispatch,82
DL00511,O01237,D123,V083,H05,2025-12-30 09:00:00,2025-12-31 04:46:44.532285,delayed,9.94,0,0,1.37,10.76,1186.74220475,12,720,1,0,C0357,parcel,2025-12-30 06:32:00,ctr,east,high,195.64,app,0,25,airport,consumer,2024-04-24 03:04:00,67.0,18.7,app,active,riverside,fulltime,3,93.5,4.12,flexible,1,cargovan,north,2024-04-11 18:04:00,79.3,42073,active,v2.2,0,Central Core,central,control,88
DL00512,O00224,D040,V029,H07,2024-05-22 23:18:00,2024-05-24 08:58:29.649915,delayed,8.4,3,1,3.51,11.49,2020.49416525,24,1440,1,0,C0045,parcel,2024-05-22 22:02:00,north,central,high,46.15,app,1,73,west,sme,2024-01-24 14:22:00,82.0,36.4,app,active,riverside,fulltime,7,55.6,4.4,night,1,ev,north,2024-12-04 10:53:00,,130270,active,v2.0,0,Riverside Hub,riverside,warehouse,66
DL00513,O00420,D168,V043,H02,2025-01-25 09:44:00,2025-01-25 21:24:13.161385,delayed,12.02,0,0,3.75,18.86,700.2193564166666,4,240,1,0,C0506,business,2025-01-25 08:01:00,riverside,east,low,40.04,phone,0,19,airport,enterprise,2025-06-14 05:24:00,56.3,62.0,app,active,north,fulltime,12,93.6,3.84,morning,1,ev,south,2025-02-23 11:32:00,76.4,149922,scheduled,v2.0,0,South Link,south,dispatch,78
DL00514,O01250,D165,V052,H03,2024-06-28 09:25:00,2024-06-28 15:00:52.039877,delayed,10.32,3,0,2.35,7.89,335.86733128333333,1,60,1,0,C0180,retail,2024-06-28 07:38:00,north,east,high,128.53,app,0,64,west,consumer,2025-11-23 08:25:00,50.3,58.9,phone,active,north,parttime,10,82.2,3.89,night,1,hybrid,riverside,2024-11-14 16:11:00,95.4,182486,active,v1.9,0,East Dock,east,warehouse,74
DL00515,O00619,D130,V005,H04,2025-09-01 14:52:00,2025-09-02 00:12:38.168449,failed,17.55,3,1,3.24,21.0,560.6361408166666,1,60,1,1,C0268,retail,2025-09-01 13:50:00,central,north,medium,86.7,app,0,65,east,enterprise,2025-08-04 04:00:00,64.3,26.8,app,active,west,fulltime,8,71.2,3.64,evening,1,cargovan,west,2025-11-15 11:08:00,58.6,146638,active,v2.2,1,West Gate,west,dispatch,69
DL00516,O00337,D141,V117,H01,2024-11-05 06:45:00,2024-11-05 16:55:42.237731,delayed,21.23,2,0,1.57,10.77,610.7039621833334,6,360,1,0,C0463,retail,2024-11-05 04:32:00,west,airport,critical,68.13,app,1,39,riverside,consumer,2024-12-14 04:02:00,49.2,33.6,app,dormant,north,parttime,14,71.4,3.44,flexible,1,hybrid,south,2025-01-11 11:13:00,65.5,163683,scheduled,v2.2,1,North Exchange,north,dispatch,82
DL00517,O00509,D104,V088,H08,2024-08-26 19:01:00,2024-08-26 19:33:26.376954,ontime,14.73,4,0,4.99,16.75,32.4396159,1,60,0,0,C0535,retail,2024-08-26 18:51:00,east,central,medium,160.38,phone,0,39,south,consumer,2024-06-18 21:50:00,38.6,80.2,web,active,west,fulltime,15,87.7,3.45,morning,1,diesel,north,2024-02-14 14:03:00,80.3,50427,inrepair,v2.1,1,Midtown Relay,central,charging,63
DL00518,O00984,D041,V024,H06,2025-04-15 00:21:00,2025-04-15 04:48:27.290762,ontime,15.41,0,0,4.92,19.09,267.45484603333335,6,360,0,0,C0155,parcel,2025-04-14 23:05:00,east,west,medium,79.05,app,0,24,north,consumer,2024-07-26 14:08:00,18.1,48.3,app,active,east,parttime,3,88.2,3.67,morning,1,ev,east,2025-05-26 12:28:00,74.9,56967,active,v2.1,0,Airport Hub,airport,dispatch,71
DL00519,O00446,D096,V065,H07,2025-03-22 14:42:00,2025-03-22 21:54:23.825692,ontime,29.8,2,0,4.04,10.84,432.39709486666663,12,720,0,0,C0172,passenger,2025-03-22 13:30:00,airport,east,medium,233.36,web,0,28,north,consumer,2025-04-14 14:45:00,75.4,67.4,unknown,active,ctr,fulltime,4,56.4,4.03,morning,1,ev,west,2024-01-05 09:25:00,84.3,217057,active,v2.1,0,Riverside Hub,riverside,warehouse,66
DL00520,O00429,D055,V040,H01,2025-03-09 11:12:00,2025-03-09 21:37:26.844290,delayed,3.14,1,0,3.03,11.42,625.4474048333334,1,60,1,0,C0466,passenger,2025-03-09 09:39:00,riverside,south,medium,20.27,app,0,26,north,consumer,2024-07-27 00:52:00,32.5,16.7,app,active,central,fulltime,15,90.5,5.0,flexible,1,ev,central,2025-11-23 11:28:00,90.0,133770,active,v2.0,0,North Exchange,north,dispatch,82
DL00522,O00296,D129,V013,H04,2024-01-10 19:26:00,2024-01-11 00:39:30.858716,ontime,10.01,0,0,4.54,8.94,313.5143119333333,6,360,0,0,C0400,retail,2024-01-10 17:30:00,south,north,medium,10.85,app,0,33,riverside,consumer,2024-07-31 12:22:00,73.4,46.7,partner api,active,north,fulltime,10,64.9,4.18,night,1,cargovan,west,2025-07-17 18:07:00,68.3,153106,scheduled,v2.0,1,West Gate,west,dispatch,69
DL00523,O00714,D026,V076,H01,2024-05-26 19:04:00,2024-05-27 15:57:10.253711,ontime,2.39,1,0,4.12,8.78,1253.1708951833332,24,1440,0,0,C0456,passenger,2024-05-26 17:47:00,south,north,low,187.87,app,0,25,central,sme,2025-08-20 06:59:00,64.2,79.9,phone,active,north,parttime,4,84.9,3.15,night,0,diesel,central,2025-06-19 15:52:00,65.8,106063,inrepair,v1.9,1,North Exchange,north,dispatch,82
DL00524,O00683,D130,V005,H07,2025-05-01 08:21:00,2025-05-01 15:11:37.139494,ontime,16.66,2,0,4.83,17.68,410.61899156666664,6,360,1,0,C0375,medical,2025-05-01 06:39:00,east,airport,medium,114.16,,0,30,west,consumer,2024-10-26 23:54:00,63.9,42.6,app,active,west,fulltime,8,71.2,3.64,evening,1,cargovan,west,2025-11-15 11:08:00,58.6,146638,active,v2.2,1,Riverside Hub,riverside,warehouse,66
DL00525,O00351,D038,V006,H01,2024-04-22 05:04:00,2024-04-22 05:42:26.815920,ontime,28.2,2,0,4.04,19.16,38.446932,1,60,0,0,C0259,parcel,2024-04-22 03:31:00,airport,west,medium,20.77,web,1,43,central,consumer,2024-07-29 07:47:00,78.3,42.2,app,dormant,south,fulltime,5,67.4,3.72,evening,1,ev,central,2025-11-22 06:39:00,78.6,141381,active,v2.1,0,North Exchange,north,dispatch,82
DL00526,O01045,D068,V027,H06,2024-08-26 13:19:00,2024-08-27 01:57:35.507434,delayed,12.18,0,0,4.34,10.18,758.5917905666666,1,60,1,0,C0506,parcel,2024-08-26 11:47:00,ctr,airport,high,53.78,web,1,19,airport,enterprise,2025-06-14 05:24:00,56.3,62.0,app,active,central,parttime,10,83.9,3.99,flexible,1,diesel,south,2025-08-12 12:37:00,78.6,51052,inrepair,v2.2,1,Airport Hub,airport,dispatch,71
DL00527,O00913,D108,V043,H07,2025-04-05 06:44:00,2025-04-05 11:51:23.882491,ontime,20.7,1,0,4.58,16.49,307.3980415166667,6,360,0,0,C0091,retail,2025-04-05 05:57:00,west,south,low,14.48,phone,0,40,airport,sme,2024-09-24 16:23:00,57.4,25.4,phone,active,south,fulltime,10,70.6,4.33,morning,1,ev,south,2025-02-23 11:32:00,76.4,149922,scheduled,v2.0,0,Riverside Hub,riverside,warehouse,66
DL00528,O00826,D033,V008,H03,2024-04-06 07:05:00,2024-04-06 12:23:18.106390,ontime,24.17,2,0,4.66,20.91,318.3017731666667,4,240,1,0,C0055,parcel,2024-04-06 06:51:00,airport,ctr,medium,118.93,app,0,34,east,enterprise,2025-11-30 12:14:00,80.3,50.5,app,suspended,south,parttime,9,59.8,4.05,night,1,ev,riverside,2025-06-14 03:47:00,90.5,49711,active,v2.0,0,East Dock,east,warehouse,74
DL00529,O00822,D088,V114,H06,2024-09-01 09:19:00,2024-09-01 21:28:05.123766,failed,1.2,0,0,2.64,7.53,729.0853960999999,1,60,1,1,C0186,parcel,2024-09-01 07:00:00,west,south,medium,55.85,phone,0,56,east,consumer,2024-03-15 08:01:00,57.5,57.8,phone,dormant,riverside,contract,4,84.3,4.17,morning,1,hybrid,north,2024-10-03 17:53:00,90.0,84649,active,v2.2,0,Airport Hub,airport,dispatch,71
DL00530,O00756,D095,V042,H01,2025-02-03 18:06:00,2025-02-05 09:39:56.840261,failed,30.51,2,0,2.54,19.5,2373.9473376833334,24,1440,1,1,C0413,retail,2025-02-03 16:37:00,airport,north,medium,83.09,app,1,32,riverside,consumer,2024-10-05 10:39:00,57.4,87.3,app,active,west,fulltime,12,99.0,3.15,night,1,ev,east,2025-06-21 07:06:00,80.5,215870,inrepair,v1.9,1,North Exchange,north,dispatch,82
DL00531,O00140,D163,V116,H04,2024-03-03 02:25:00,2024-03-03 03:18:14.371045,ontime,13.95,0,0,3.95,16.65,53.239517416666665,4,240,0,0,C0621,passenger,2024-03-02 23:43:00,north,north,low,89.5,app,0,78,central,consumer,2025-06-27 22:00:00,55.3,63.1,app,active,riverside,fulltime,11,78.2,4.5,morning,0,diesel,east,2025-04-23 07:10:00,62.7,71822,active,v2.1,1,West Gate,west,dispatch,69
DL00532,O00315,D009,V104,H02,2024-12-25 03:30:00,2024-12-25 08:59:02.760085,ontime,16.49,1,0,4.55,10.37,329.0460014166667,4,240,1,0,C0494,parcel,2024-12-25 01:14:00,north,south,low,159.29,app,0,34,north,consumer,2024-06-24 02:06:00,77.0,90.3,phone,active,airport,fulltime,15,63.4,3.8,night,1,ev,east,2025-06-30 12:21:00,73.9,91441,active,v2.1,0,South Link,south,dispatch,78
DL00533,O00543,D135,V002,H08,2025-07-18 06:49:00,2025-07-18 18:51:59.960350,failed,34.15,2,0,2.69,21.32,722.9993391666667,4,240,1,1,C0468,passenger,2025-07-18 03:50:00,airport,riverside,medium,68.06,app,0,45,east,consumer,2025-01-15 05:39:00,39.7,77.4,web,dormant,riverside,parttime,2,70.3,4.4,flexible,1,ev,airport,2024-04-21 16:14:00,67.9,159368,inrepair,v2.2,1,Midtown Relay,central,charging,63
DL00534,O00816,D166,V069,H08,2025-02-13 20:53:00,2025-02-14 10:48:17.655941,ontime,9.47,0,0,3.81,6.56,835.2942656833333,12,720,1,0,C0113,passenger,2025-02-13 20:43:00,east,ctr,low,62.91,web,0,38,west,consumer,2024-07-23 15:56:00,52.4,60.2,web,active,west,parttime,7,74.6,4.07,night,1,hybrid,central,2025-07-20 18:17:00,71.4,187158,active,v2.1,0,Midtown Relay,central,charging,63
DL00535,O01058,D033,V094,H07,2025-05-09 00:57:00,2025-05-09 02:20:23.931566,ontime,23.45,3,0,3.15,18.56,83.39885943333334,6,360,0,0,C0215,retail,2025-05-08 22:01:00,airport,west,low,179.11,app,0,67,north,sme,2024-09-18 13:10:00,64.4,51.4,app,active,south,parttime,9,59.8,4.05,night,1,cargovan,central,2025-05-22 02:15:00,65.9,159262,scheduled,v1.9,1,Riverside Hub,riverside,warehouse,66
DL00536,O01184,D055,V030,H01,2025-01-24 15:02:00,2025-01-25 19:26:40.923781,failed,7.04,2,0,1.07,14.06,1704.6820630166667,12,720,1,1,C0253,business,2025-01-24 13:53:00,riverside,west,medium,25.61,web,0,48,west,consumer,2024-01-04 14:51:00,49.4,38.5,app,active,central,fulltime,15,90.5,5.0,flexible,1,cargovan,north,2025-09-14 07:20:00,78.0,134360,active,v2.1,0,North Exchange,north,dispatch,82
DL00537,O00083,D153,V033,H07,2024-10-23 00:53:00,2024-10-23 01:25:13.645321,ontime,30.51,1,0,3.67,9.75,32.227422016666665,2,120,0,0,C0215,medical,2024-10-23 00:23:00,airport,south,low,127.88,app,0,67,north,sme,2024-09-18 13:10:00,64.4,51.4,app,active,east,fulltime,8,82.3,3.83,evening,1,ev,airport,2024-09-19 18:57:00,78.6,55241,inrepair,v2.2,1,Riverside Hub,riverside,warehouse,66
DL00538,O00682,D141,V015,H07,2024-10-05 12:07:00,2024-10-05 20:38:02.796068,delayed,8.55,0,1,2.66,3.46,511.04660113333335,2,120,1,0,C0529,retail,2024-10-05 09:57:00,north,ctr,low,97.9,phone,0,41,riverside,sme,2025-06-07 02:03:00,43.2,51.5,app,active,north,parttime,14,71.4,3.44,flexible,1,cargovan,airport,2024-06-02 13:54:00,78.2,67614,inrepair,v1.9,1,Riverside Hub,riverside,warehouse,66
DL00539,O01160,D067,V111,H03,2024-05-13 01:19:00,2024-05-13 03:22:01.712270,ontime,13.52,0,0,4.95,10.35,123.02853783333333,4,240,0,0,C0548,parcel,2024-05-12 23:12:00,riverside,airport,high,171.67,app,0,56,north,enterprise,2024-09-27 03:49:00,68.5,44.1,app,active,west,fulltime,11,77.0,4.84,morning,1,ev,west,2025-11-11 00:21:00,66.3,208147,active,v2.1,1,East Dock,east,warehouse,74
DL00540,O00068,D008,V072,H04,2025-10-13 12:06:00,2025-10-13 15:29:29.316851,delayed,16.2,2,0,3.21,16.04,203.48861418333334,2,120,1,0,C0084,parcel,2025-10-13 09:08:00,riverside,east,medium,40.58,app,0,33,airport,consumer,2024-12-16 23:16:00,55.8,61.9,web,active,south,fulltime,9,84.1,3.88,morning,1,cargovan,airport,2025-02-24 19:07:00,78.1,89109,inrepair,v2.1,1,West Gate,west,dispatch,69
DL00541,O01142,D022,V013,H04,2025-11-07 11:29:00,2025-11-08 09:47:08.900794,ontime,6.68,1,0,3.89,8.98,1338.1483465666668,24,1440,0,0,C0136,retail,2025-11-07 10:27:00,east,west,high,91.95,app,0,64,ctr,consumer,2024-06-04 16:32:00,64.9,50.4,unknown,active,east,fulltime,9,68.7,3.36,flexible,1,cargovan,west,2025-07-17 18:07:00,68.3,153106,scheduled,v2.0,1,West Gate,west,dispatch,69
DL00542,O00415,D125,V114,H02,2024-06-27 18:22:00,2024-06-27 21:23:54.066359,ontime,7.18,0,0,4.19,5.99,181.90110598333334,4,240,0,0,C0591,retail,2024-06-27 16:09:00,ctr,riverside,medium,19.76,app,0,60,west,enterprise,2025-09-19 17:42:00,59.6,35.8,app,active,north,parttime,15,90.5,4.07,morning,1,hybrid,north,2024-10-03 17:53:00,90.0,84649,active,v2.2,0,South Link,south,dispatch,78
DL00543,O00218,D102,V098,H03,2025-09-15 02:24:00,2025-09-15 02:34:49.446322,ontime,12.01,0,0,5.0,5.87,10.824105366666666,2,120,0,0,C0154,passenger,2025-09-15 01:40:00,north,west,critical,77.97,app,0,23,east,sme,2024-09-22 17:57:00,47.5,60.1,phone,active,east,parttime,10,67.6,4.62,morning,1,diesel,west,2025-12-29 15:01:00,69.7,73011,active,v2.1,1,East Dock,east,warehouse,74
DL00544,O00345,D154,V082,H08,2025-10-04 22:41:00,2025-10-05 13:48:30.623730,delayed,13.93,2,0,3.17,8.53,907.5103955,6,360,1,0,C0337,retail,2025-10-04 22:00:00,east,central,high,27.35,phone,0,71,north,consumer,2025-10-06 06:05:00,45.8,52.4,web,active,airport,fulltime,4,67.0,4.35,evening,1,ev,ctr,2024-02-03 08:40:00,81.2,81518,active,v2.1,0,Midtown Relay,central,charging,63
DL00545,O01067,D113,V072,H04,2024-06-16 04:56:00,2024-06-17 00:22:38.764981,delayed,12.43,0,0,5.0,13.31,1166.6460830166666,12,720,1,0,C0304,retail,2024-06-16 02:38:00,north,west,low,8.17,api,0,56,riverside,consumer,2024-09-29 13:32:00,72.4,63.6,phone,active,airport,parttime,8,70.5,4.47,evening,1,cargovan,airport,2025-02-24 19:07:00,78.1,89109,inrepair,v2.1,1,West Gate,west,dispatch,69
DL00547,O00778,D014,V090,H05,2025-10-07 19:49:00,2025-10-07 21:46:03.475662,ontime,11.03,0,0,4.93,14.38,117.0579277,4,240,0,0,C0514,parcel,2025-10-07 17:16:00,north,ctr,low,84.4,app,0,22,riverside,consumer,2024-11-09 20:26:00,65.9,76.4,app,active,north,fulltime,6,76.1,4.7,evening,1,hybrid,west,2024-08-16 01:10:00,93.8,98472,inrepair,v2.0,1,Central Core,central,control,88
DL00548,O00537,D132,V039,H05,2024-06-25 11:02:00,2024-06-25 18:55:41.523219,failed,10.4,1,0,3.34,11.4,473.69205365,6,360,1,1,C0153,business,2024-06-25 10:22:00,central,ctr,medium,50.23,web,1,49,ctr,sme,2024-09-10 22:33:00,38.4,51.1,app,active,south,contract,8,77.6,4.2,evening,1,ev,east,2025-01-01 01:38:00,69.5,37024,inrepair,v1.9,1,Central Core,central,control,88
DL00549,O00476,D001,V094,H06,2024-02-23 06:45:00,2024-02-24 04:45:22.084547,ontime,10.11,0,0,4.67,14.59,1320.3680757833333,24,1440,0,0,C0078,passenger,2024-02-23 06:34:00,west,east,low,89.17,app,0,40,east,consumer,2024-06-01 20:16:00,35.2,24.6,phone,active,airport,fulltime,8,67.8,3.54,morning,1,cargovan,central,2025-05-22 02:15:00,65.9,159262,scheduled,v1.9,1,Airport Hub,airport,dispatch,71
DL00550,O00572,D110,V065,H01,2025-02-06 21:04:00,2025-02-07 00:38:52.069531,ontime,14.34,2,0,4.69,12.06,214.86782551666664,4,240,0,0,C0202,parcel,2025-02-06 19:33:00,west,riverside,high,134.79,app,1,50,north,consumer,2024-01-16 00:46:00,64.2,76.7,unknown,dormant,riverside,contract,7,40.6,4.1,morning,1,ev,west,2024-01-05 09:25:00,84.3,217057,active,v2.1,0,North Exchange,north,dispatch,82
DL00551,O00448,D108,V114,H04,2025-02-11 16:05:00,2025-02-11 19:11:25.139103,ontime,18.74,3,0,4.79,21.38,186.41898505,4,240,0,0,C0487,medical,2025-02-11 15:08:00,central,north,low,68.78,web,0,61,east,sme,2024-06-15 04:00:00,63.9,88.5,web,active,south,fulltime,10,70.6,4.33,morning,1,hybrid,north,2024-10-03 17:53:00,90.0,84649,active,v2.2,0,West Gate,west,dispatch,69
DL00552,O00298,D115,V010,H01,2025-01-06 07:28:00,2025-01-06 09:41:48.771576,ontime,1.9,1,0,4.8,13.26,133.8128596,4,240,0,0,C0184,parcel,2025-01-06 04:40:00,west,north,low,28.65,web,0,59,south,sme,2024-10-12 01:51:00,67.8,76.5,app,active,south,fulltime,11,69.5,4.77,morning,1,cargovan,north,2025-10-07 22:40:00,50.7,129032,inrepair,v2.1,1,North Exchange,north,dispatch,82
DL00554,O00709,D117,V086,H04,2025-12-09 04:47:00,2025-12-09 15:45:16.170978,ontime,11.59,1,0,4.69,14.76,658.2695163000001,12,720,0,0,C0369,medical,2025-12-09 03:49:00,north,airport,critical,49.66,app,0,42,west,consumer,2025-03-06 02:16:00,47.6,40.7,app,active,north,fulltime,1,71.1,3.93,flexible,1,ev,central,2024-02-25 07:56:00,82.8,42307,scheduled,v2.2,0,West Gate,west,dispatch,69
DL00555,O00839,D129,V013,H01,2024-01-31 20:31:00,2024-01-31 23:49:48.719703,ontime,6.51,2,0,3.97,11.19,198.81199505,6,360,0,0,C0046,parcel,2024-01-31 17:41:00,riverside,west,low,229.63,app,0,72,ctr,sme,2024-06-21 19:07:00,84.8,38.5,app,active,north,fulltime,10,64.9,4.18,night,1,cargovan,west,2025-07-17 18:07:00,68.3,153106,scheduled,v2.0,1,North Exchange,north,dispatch,82
DL00556,O00702,D070,V030,H07,2024-12-28 22:07:00,2024-12-28 23:26:56.318304,ontime,5.03,0,0,3.91,8.15,79.9386384,4,240,0,0,C0228,retail,2024-12-28 19:23:00,east,riverside,critical,77.66,app,0,43,north,sme,2025-11-02 06:15:00,51.0,58.1,app,active,south,fulltime,9,67.0,5.0,flexible,1,cargovan,north,2025-09-14 07:20:00,78.0,134360,active,v2.1,0,Riverside Hub,riverside,warehouse,66
DL00557,O00781,D055,V027,H08,2024-11-19 14:07:00,2024-11-20 00:38:27.684151,ontime,17.54,2,0,5.0,13.31,631.4614025166667,12,720,0,0,C0049,retail,2024-11-19 11:19:00,north,ctr,high,75.82,web,0,31,south,consumer,2024-09-10 12:25:00,58.6,63.0,phone,active,central,fulltime,15,90.5,5.0,flexible,1,diesel,south,2025-08-12 12:37:00,78.6,51052,inrepair,v2.2,1,Midtown Relay,central,charging,63
DL00558,O00142,D024,V011,H05,2024-10-31 20:22:00,2024-11-01 11:32:26.519611,failed,14.64,1,0,1.0,18.56,910.4419935166667,12,720,1,1,C0628,retail,2024-10-31 18:36:00,ctr,airport,high,83.93,api,0,75,north,consumer,2024-04-19 19:59:00,60.0,63.2,web,dormant,riverside,parttime,8,71.4,3.35,evening,1,diesel,riverside,2025-12-21 04:26:00,74.1,43518,inrepair,v2.1,1,Central Core,central,control,88
DL00559,O00988,D131,V044,H05,2024-11-17 20:37:00,2024-11-18 16:31:21.183962,failed,6.97,2,0,1.92,11.38,1194.3530660333333,6,360,1,1,C0330,parcel,2024-11-17 18:12:00,central,riverside,low,43.93,app,0,37,east,sme,2024-01-21 23:55:00,23.2,27.1,app,active,south,fulltime,9,86.7,4.26,night,0,ev,airport,2025-02-14 20:35:00,91.8,111243,active,v2.2,0,Central Core,central,control,88
DL00560,O00077,D127,V120,H08,2025-07-30 07:48:00,2025-07-30 11:13:32.980554,ontime,4.49,2,0,4.38,14.99,205.54967589999998,4,240,0,0,C0543,medical,2025-07-30 07:21:00,riverside,central,low,150.98,app,0,20,riverside,consumer,2025-06-02 07:20:00,47.0,54.7,app,dormant,central,fulltime,10,61.5,4.19,morning,1,ev,central,2025-05-02 16:13:00,73.6,192246,active,v2.0,0,Midtown Relay,central,charging,63
DL00562,O00746,D128,V113,H08,2024-12-14 10:47:00,2024-12-14 15:16:25.399886,ontime,13.59,0,0,3.98,10.51,269.4233314333333,1,60,1,0,C0014,medical,2024-12-14 10:33:00,north,riverside,low,73.76,web,0,62,north,consumer,2024-05-16 09:26:00,94.1,81.0,app,active,central,contract,13,84.7,3.32,morning,1,hybrid,central,2024-05-12 02:12:00,58.9,52725,inrepair,v1.9,1,Midtown Relay,central,charging,63
DL00563,O01238,D093,V045,H02,2025-04-18 05:35:00,2025-04-18 18:48:55.541447,ontime,10.07,1,0,5.0,12.75,793.9256907833334,12,720,1,0,C0318,passenger,2025-04-18 04:35:00,south,north,medium,79.85,app,0,48,west,consumer,2025-05-09 17:42:00,68.2,71.0,app,dormant,south,parttime,12,75.2,4.43,flexible,1,ev,east,2025-08-10 04:56:00,88.0,190688,active,v2.2,0,South Link,south,dispatch,78
DL00564,O00824,D077,V120,H03,2024-08-17 23:23:00,2024-08-18 08:25:18.768409,ontime,18.23,0,0,4.18,10.05,542.3128068166667,12,720,0,0,C0074,retail,2024-08-17 20:47:00,south,east,medium,271.33,web,0,40,west,sme,2025-08-03 04:34:00,41.6,30.2,app,active,south,fulltime,8,64.9,3.68,morning,1,ev,central,2025-05-02 16:13:00,73.6,192246,active,v2.0,0,East Dock,east,warehouse,74
DL00565,O00344,D151,V022,H06,2024-08-28 08:16:00,2024-08-28 10:17:14.247044,ontime,14.95,2,0,3.82,8.75,121.23745073333333,6,360,0,0,C0594,parcel,2024-08-28 06:50:00,central,north,medium,104.62,api,1,70,east,consumer,2025-10-20 16:41:00,97.4,22.5,web,active,east,fulltime,2,71.3,4.69,flexible,1,hybrid,south,2025-01-28 20:20:00,89.6,44499,scheduled,v2.1,0,Airport Hub,airport,dispatch,71
DL00566,O01226,D162,V082,H03,2025-03-02 06:49:00,2025-03-02 13:57:14.169691,ontime,22.66,1,0,3.7,14.91,428.23616151666664,6,360,1,0,C0140,passenger,2025-03-02 06:20:00,south,south,medium,131.87,app,0,21,airport,consumer,2025-04-29 19:46:00,80.0,87.2,partner api,active,riverside,contract,11,69.0,4.62,night,1,ev,ctr,2024-02-03 08:40:00,81.2,81518,active,v2.1,0,East Dock,east,warehouse,74
DL00567,O00918,D142,V051,H03,2024-11-26 06:40:00,2024-11-26 07:20:28.068828,ontime,10.47,0,0,4.8,11.4,40.4678138,1,60,0,0,C0147,business,2024-11-26 06:01:00,riverside,north,critical,50.49,app,1,28,north,enterprise,2025-04-08 17:01:00,36.7,16.4,app,active,airport,fulltime,12,98.7,4.23,night,1,ev,north,2024-11-21 11:04:00,87.8,141107,active,v2.0,0,East Dock,east,warehouse,74
DL00569,O00312,D066,V116,H01,2025-11-07 01:03:00,2025-11-07 05:18:29.822078,ontime,20.95,1,0,4.56,19.6,255.49703463333333,6,360,0,0,C0164,passenger,2025-11-06 23:00:00,east,east,medium,124.24,app,0,78,west,consumer,2024-08-12 23:06:00,70.9,60.8,app,active,south,parttime,1,83.3,4.13,flexible,1,diesel,east,2025-04-23 07:10:00,62.7,71822,active,v2.1,1,North Exchange,north,dispatch,82
DL00570,O00319,D017,V028,H08,2024-01-22 10:23:00,2024-01-23 06:55:15.896869,ontime,20.67,1,0,5.0,9.88,1232.2649478166668,24,1440,0,0,C0335,business,2024-01-22 08:45:00,ctr,airport,low,124.48,app,0,33,north,sme,2025-08-11 11:08:00,45.3,34.6,app,active,east,parttime,1,,4.34,morning,1,ev,east,2024-08-25 02:52:00,75.4,149698,active,v2.0,0,Midtown Relay,central,charging,63
DL00571,O00413,D003,V029,H01,2025-04-01 22:46:00,2025-04-02 03:26:31.358277,ontime,23.53,3,0,4.5,14.49,280.52263795,4,240,1,0,C0183,passenger,2025-04-01 22:07:00,airport,north,low,35.52,app,0,44,ctr,sme,2025-12-18 10:05:00,64.5,72.8,app,active,airport,fulltime,11,96.5,5.0,evening,1,ev,north,2024-12-04 10:53:00,,130270,active,v2.0,0,North Exchange,north,dispatch,82
DL00572,O00905,D002,V048,H08,2025-09-04 03:45:00,2025-09-04 06:59:36.638257,ontime,8.35,3,0,3.96,11.45,194.61063761666668,6,360,0,0,C0622,parcel,2025-09-04 02:44:00,east,central,medium,63.25,app,0,22,riverside,consumer,2024-01-28 13:46:00,54.2,26.8,phone,dormant,central,fulltime,4,42.4,3.94,evening,1,diesel,central,2025-10-01 18:21:00,76.1,87659,active,v2.1,0,Midtown Relay,central,charging,63
DL00573,O01214,D118,V077,H02,2024-05-07 23:32:00,2024-05-08 01:20:03.169081,ontime,7.3,1,0,5.0,14.05,108.05281801666666,4,240,0,0,C0386,medical,2024-05-07 20:58:00,central,north,high,17.33,phone,1,24,central,consumer,2024-05-25 13:03:00,64.7,97.8,app,active,north,fulltime,1,80.6,4.88,night,1,ev,south,2025-04-23 19:27:00,67.6,116877,scheduled,v2.1,1,South Link,south,dispatch,78
DL00574,O00693,D048,V016,H05,2025-11-08 19:41:00,2025-11-09 11:16:21.047564,failed,24.31,1,0,4.63,16.24,935.3507927333334,2,120,1,1,C0199,retail,2025-11-08 17:54:00,airport,airport,medium,115.09,app,0,64,central,consumer,2025-05-27 21:11:00,73.4,28.6,phone,active,east,fulltime,7,76.3,3.45,flexible,1,ev,west,2024-10-13 19:38:00,63.5,84395,active,v2.1,1,Central Core,central,control,88
DL00575,O01177,D133,V105,H04,2024-10-17 04:35:00,2024-10-17 16:22:26.533829,ontime,12.03,2,0,4.05,10.65,707.4422304833333,12,720,0,0,C0611,parcel,2024-10-17 03:14:00,ctr,south,high,63.29,app,0,43,airport,consumer,2024-10-29 20:59:00,37.2,61.2,partner api,active,south,contract,12,88.2,3.99,flexible,1,ev,ctr,2025-02-16 20:04:00,,149291,active,v2.1,0,West Gate,west,dispatch,69
DL00576,O00483,D133,V021,H08,2024-11-17 01:34:00,2024-11-17 16:32:57.970274,failed,13.83,1,0,5.0,16.98,898.9661712333333,1,60,1,1,C0285,business,2024-11-17 00:34:00,riverside,north,medium,117.11,phone,0,45,riverside,consumer,2025-10-08 16:17:00,27.9,18.0,phone,active,south,contract,12,88.2,3.99,flexible,1,diesel,central,2025-06-22 17:38:00,83.0,71294,active,v2.2,0,Midtown Relay,central,charging,63
DL00577,O00973,D108,V043,H05,2024-01-12 21:57:00,2024-01-12 22:09:43.637461,ontime,21.03,1,0,3.86,12.99,12.727291016666667,1,60,0,0,C0506,parcel,2024-01-12 20:41:00,airport,west,low,81.56,app,0,19,airport,enterprise,2025-06-14 05:24:00,56.3,62.0,app,active,south,fulltime,10,70.6,4.33,morning,1,ev,south,2025-02-23 11:32:00,76.4,149922,scheduled,v2.0,0,Central Core,central,control,88
DL00578,O00115,D032,V108,H06,2024-02-21 08:24:00,2024-02-21 14:09:53.056302,ontime,11.09,0,0,4.55,7.9,345.8842717,6,360,0,0,C0157,passenger,2024-02-21 06:31:00,east,north,high,256.93,web,0,50,central,consumer,2025-03-28 10:04:00,67.9,46.8,app,active,east,parttime,6,81.5,3.99,evening,1,diesel,airport,2025-01-31 06:29:00,54.6,141290,inrepair,v1.9,1,Airport Hub,airport,dispatch,71
DL00579,O00168,D103,V115,H03,2025-06-11 06:05:00,2025-06-11 21:51:41.279934,delayed,14.98,1,0,3.78,8.97,946.6879989,6,360,1,0,C0464,parcel,2025-06-11 03:29:00,central,riverside,high,115.35,web,0,71,airport,enterprise,2024-07-27 08:02:00,28.8,49.2,phone,dormant,central,fulltime,15,72.5,4.4,morning,1,diesel,south,2024-05-10 17:28:00,57.9,85919,active,v2.2,1,East Dock,east,warehouse,74
DL00580,O00063,D026,V066,H04,2025-07-13 06:28:00,2025-07-13 16:43:18.243380,ontime,15.1,1,0,4.99,17.2,615.3040563333333,12,720,0,0,C0168,retail,2025-07-13 05:49:00,south,airport,low,57.56,app,0,70,riverside,consumer,2025-02-17 10:26:00,54.3,69.4,web,active,north,parttime,4,84.9,3.15,night,0,hybrid,north,2024-04-10 18:00:00,77.7,98535,scheduled,v2.2,0,West Gate,west,dispatch,69
DL00581,O00995,D139,V062,H01,2024-08-09 08:49:00,2024-08-10 09:03:16.605517,ontime,12.14,4,0,3.48,16.92,1454.2767586166667,24,1440,1,0,C0622,passenger,2024-08-09 06:53:00,central,west,medium,202.67,phone,0,22,riverside,consumer,2024-01-28 13:46:00,54.2,26.8,phone,dormant,south,fulltime,10,71.4,4.99,evening,1,hybrid,north,2024-02-13 22:26:00,89.9,113343,active,v2.0,0,North Exchange,north,dispatch,82
DL00582,O00765,D024,V091,H05,2024-07-13 04:34:00,2024-07-14 00:33:48.023452,failed,19.38,2,0,2.4,22.61,1199.8003908666665,12,720,1,1,C0187,retail,2024-07-13 03:25:00,ctr,west,medium,60.26,app,1,47,east,sme,2025-10-11 02:51:00,59.6,59.3,web,active,riverside,parttime,8,71.4,3.35,evening,1,hybrid,east,2025-08-24 05:20:00,58.5,172956,active,v1.9,1,Central Core,central,control,88
DL00583,O00064,D015,V098,H01,2025-10-14 08:48:00,2025-10-14 21:55:17.220317,ontime,14.6,1,0,4.53,6.16,787.2870052833333,12,720,1,0,C0346,business,2025-10-14 07:34:00,central,riverside,high,45.43,app,0,46,airport,consumer,2024-09-11 03:14:00,62.9,98.5,app,dormant,east,fulltime,11,85.1,4.34,morning,1,diesel,west,2025-12-29 15:01:00,69.7,73011,active,v2.1,1,North Exchange,north,dispatch,82
DL00584,O00588,D043,V103,H05,2024-06-03 13:36:00,2024-06-03 14:45:41.100373,ontime,23.9,1,0,3.7,12.24,69.68500621666666,4,240,0,0,C0515,passenger,2024-06-03 11:49:00,airport,airport,low,236.46,web,0,38,riverside,consumer,2024-11-11 18:15:00,74.0,73.9,phone,active,north,fulltime,13,80.3,4.6,evening,0,hybrid,north,2025-01-06 03:21:00,100.0,181609,inrepair,v2.1,1,Central Core,central,control,88
DL00585,O00132,D149,V049,H01,2025-01-22 10:55:00,2025-01-22 23:42:49.491594,delayed,1.2,1,0,3.52,10.18,767.8248599,2,120,1,0,C0224,passenger,2025-01-22 09:00:00,ctr,central,medium,11.07,app,0,63,north,sme,2024-02-05 09:13:00,50.9,35.5,web,active,airport,fulltime,7,81.5,4.55,night,1,diesel,east,2025-12-09 16:47:00,55.9,15278,active,v2.2,1,North Exchange,north,dispatch,82
DL00586,O01037,D076,V114,H03,2025-04-28 07:18:00,2025-04-28 14:44:30.163250,ontime,15.54,0,0,3.51,12.03,446.50272083333334,6,360,1,0,C0226,passenger,2025-04-28 06:43:00,south,north,high,55.58,web,0,74,west,consumer,2024-12-09 12:05:00,47.2,48.0,web,active,east,fulltime,15,61.6,3.88,morning,1,hybrid,north,2024-10-03 17:53:00,90.0,84649,active,v2.2,0,East Dock,east,warehouse,74
DL00587,O00182,D166,V009,H01,2024-01-12 10:05:00,2024-01-12 12:52:41.364362,ontime,4.98,1,0,4.15,3.57,167.68940603333334,2,120,1,0,C0258,passenger,2024-01-12 08:07:00,west,west,medium,109.03,web,0,50,riverside,consumer,2024-03-17 08:15:00,71.4,63.1,partner api,active,west,parttime,7,74.6,4.07,night,1,cargovan,south,2025-05-01 08:50:00,68.8,156687,active,v2.1,1,North Exchange,north,dispatch,82
DL00588,O00896,D131,V026,H06,2024-06-29 21:53:00,2024-06-30 14:00:23.479208,failed,10.09,1,0,3.18,11.57,967.3913201333332,6,360,1,1,C0145,passenger,2024-06-29 19:28:00,east,south,low,50.35,app,0,34,airport,consumer,2024-09-11 06:17:00,99.0,30.6,unknown,active,south,fulltime,9,86.7,4.26,night,0,cargovan,riverside,2024-11-07 04:27:00,78.7,200276,inrepair,v2.2,1,Airport Hub,airport,dispatch,71
DL00589,O00940,D141,V102,H01,2025-10-26 07:53:00,2025-10-26 22:11:25.201566,delayed,21.39,1,0,1.93,16.86,858.4200261000001,6,360,1,0,C0575,parcel,2025-10-26 06:56:00,west,west,high,99.21,phone,0,25,riverside,consumer,2025-01-10 19:53:00,77.2,72.1,web,active,north,parttime,14,71.4,3.44,flexible,1,ev,west,2024-10-24 12:35:00,77.0,198326,active,v2.0,0,North Exchange,north,dispatch,82
DL00590,O00229,D112,V017,H07,2024-08-31 05:34:00,2024-08-31 21:45:46.740651,delayed,7.56,4,0,3.44,12.03,971.77901085,6,360,1,0,C0335,passenger,2024-08-31 04:43:00,central,riverside,medium,33.48,app,0,33,north,sme,2025-08-11 11:08:00,45.3,34.6,app,active,east,fulltime,14,79.1,4.51,morning,1,hybrid,riverside,2024-04-23 12:54:00,82.4,169703,inrepair,v2.2,1,Riverside Hub,riverside,warehouse,66
DL00591,O00792,D087,V057,H01,2025-02-02 07:06:00,2025-02-02 11:27:14.267375,ontime,11.26,1,0,3.22,8.22,261.2377895833333,4,240,1,0,C0173,retail,2025-02-02 06:22:00,riverside,south,medium,156.57,app,0,76,riverside,consumer,2024-01-19 12:21:00,78.5,49.1,app,suspended,north,contract,13,73.3,4.43,night,1,ev,riverside,2025-06-07 06:32:00,76.0,160770,inrepair,v2.0,1,North Exchange,north,dispatch,82
DL00592,O00526,D146,V001,H04,2024-01-19 17:17:00,2024-01-19 20:32:43.768544,ontime,17.21,2,0,4.58,20.05,195.72947573333335,4,240,0,0,C0630,parcel,2024-01-19 15:56:00,airport,west,low,69.63,app,0,57,central,enterprise,2025-12-18 00:01:00,62.3,100.0,web,active,airport,contract,1,,4.36,morning,1,ev,north,2024-12-28 23:48:00,71.8,56928,active,v2.2,0,West Gate,west,dispatch,69
DL00593,O01174,D110,V058,H03,2024-11-21 09:11:00,2024-11-21 16:20:12.976159,ontime,10.76,3,0,5.0,11.92,429.2162693166667,6,360,1,0,C0605,passenger,2024-11-21 08:23:00,riverside,airport,critical,104.71,web,0,21,airport,consumer,2024-08-25 20:02:00,54.9,63.8,app,active,riverside,contract,7,40.6,4.1,morning,1,hybrid,central,2024-07-11 13:11:00,74.1,15138,active,v2.0,0,East Dock,east,warehouse,74
DL00594,O00267,D045,V064,H05,2024-01-16 23:13:00,2024-01-17 04:42:18.432187,ontime,32.25,0,0,4.02,20.99,329.30720311666664,6,360,0,0,C0256,parcel,2024-01-16 20:20:00,airport,north,low,98.71,app,0,58,ctr,sme,2025-11-06 16:04:00,45.7,46.7,phone,active,north,fulltime,2,59.6,4.12,flexible,1,cargovan,west,2025-12-28 22:35:00,67.3,219116,inrepair,v2.2,1,Central Core,central,control,88
DL00595,O01243,D139,V021,H01,2025-09-10 11:13:00,2025-09-10 20:20:03.690027,ontime,9.13,2,0,4.84,13.68,547.0615004499999,12,720,0,0,C0428,retail,2025-09-10 08:14:00,east,central,medium,113.08,web,1,66,riverside,sme,2024-06-12 07:26:00,52.9,60.7,app,active,south,fulltime,10,71.4,4.99,evening,1,diesel,central,2025-06-22 17:38:00,83.0,71294,active,v2.2,0,North Exchange,north,dispatch,82
DL00598,O00753,D056,V032,H02,2025-01-18 05:04:00,2025-01-18 06:33:32.191118,ontime,40.68,1,0,4.66,18.96,89.53651863333333,2,120,0,0,C0369,parcel,2025-01-18 02:40:00,airport,riverside,high,176.31,web,0,42,west,consumer,2025-03-06 02:16:00,47.6,40.7,app,active,west,fulltime,12,74.6,4.45,evening,1,cargovan,north,2024-01-11 00:03:00,74.1,102207,active,v1.9,0,South Link,south,dispatch,78
DL00599,O01150,D133,V112,H01,2025-02-20 06:18:00,2025-02-20 07:36:40.669805,ontime,7.34,0,0,5.0,4.99,78.67783008333335,1,60,1,0,C0270,passenger,2025-02-20 05:15:00,north,west,low,144.76,phone,0,64,central,sme,2024-10-02 21:06:00,14.5,56.9,phone,suspended,south,contract,12,88.2,3.99,flexible,1,ev,south,2024-06-08 07:45:00,94.1,19121,inrepair,v2.1,1,North Exchange,north,dispatch,82
DL00600,O01099,D039,V114,H07,2024-04-05 23:46:00,2024-04-06 23:09:46.318144,ontime,10.4,1,0,3.91,11.24,1403.7719690666668,24,1440,0,0,C0302,retail,2024-04-05 21:30:00,east,ctr,critical,35.33,app,0,35,west,consumer,2024-02-22 21:18:00,60.0,83.8,app,active,airport,contract,7,86.1,4.06,evening,1,hybrid,north,2024-10-03 17:53:00,90.0,84649,active,v2.2,0,Riverside Hub,riverside,warehouse,66
DL00602,O00318,D157,V009,H03,2024-08-17 01:09:00,2024-08-17 11:45:54.685050,delayed,7.02,1,1,2.86,11.51,636.9114175,6,360,1,0,C0009,retail,2024-08-17 00:16:00,riverside,south,low,84.27,web,1,34,south,consumer,2025-08-02 03:14:00,62.6,40.8,app,active,south,fulltime,13,74.1,4.42,evening,1,cargovan,south,2025-05-01 08:50:00,68.8,156687,active,v2.1,1,East Dock,east,warehouse,74
DL00604,O00294,D064,V111,H07,2025-01-05 17:44:00,2025-01-05 19:37:29.599098,ontime,20.21,1,0,4.67,17.56,113.4933183,1,60,1,0,C0486,parcel,2025-01-05 16:33:00,airport,airport,low,82.04,app,0,50,west,enterprise,2025-01-08 14:49:00,52.5,76.4,app,active,south,parttime,14,88.9,4.18,morning,1,ev,west,2025-11-11 00:21:00,66.3,208147,active,v2.1,1,Riverside Hub,riverside,warehouse,66
DL00605,O00200,D093,V052,H02,2024-01-26 11:06:00,2024-01-26 15:50:01.016683,ontime,17.8,0,0,4.59,9.58,284.01694471666667,4,240,1,0,C0060,passenger,2024-01-26 10:09:00,ctr,riverside,high,94.52,,0,52,central,consumer,2024-10-15 00:09:00,85.2,83.5,app,active,south,parttime,12,75.2,4.43,flexible,1,hybrid,riverside,2024-11-14 16:11:00,95.4,182486,active,v1.9,0,South Link,south,dispatch,78
DL00606,O00012,D075,V112,H04,2024-01-16 13:32:00,2024-01-16 23:32:34.302064,ontime,13.39,0,0,4.12,13.11,600.5717010666667,12,720,0,0,C0567,business,2024-01-16 12:45:00,east,airport,medium,135.67,app,0,74,east,consumer,2024-02-18 04:31:00,79.7,64.9,app,active,airport,fulltime,13,99.0,3.62,evening,1,ev,south,2024-06-08 07:45:00,94.1,19121,inrepair,v2.1,1,West Gate,west,dispatch,69
DL00608,O00357,D143,V042,H01,2024-12-28 16:27:00,2024-12-28 16:28:21.233113,ontime,9.33,2,0,4.24,8.18,1.3538852166666666,2,120,0,0,C0608,retail,2024-12-28 15:58:00,central,south,medium,171.28,phone,0,46,west,sme,2024-02-23 08:40:00,56.0,63.9,phone,active,central,fulltime,6,68.5,4.14,night,1,ev,east,2025-06-21 07:06:00,80.5,215870,inrepair,v1.9,1,North Exchange,north,dispatch,82
DL00609,O00934,D062,V053,H01,2024-06-29 06:33:00,2024-06-29 22:14:24.213135,failed,17.27,3,0,2.25,9.71,941.40355225,4,240,1,1,C0437,business,2024-06-29 04:23:00,north,east,medium,80.26,app,0,51,airport,consumer,2025-04-16 19:57:00,50.7,49.3,app,active,south,fulltime,10,62.4,4.48,flexible,1,cargovan,west,2024-04-23 20:57:00,73.7,122638,scheduled,v2.0,0,North Exchange,north,dispatch,82
DL00610,O00259,D055,V050,H05,2025-09-09 11:34:00,2025-09-10 11:09:42.800177,ontime,20.47,2,0,5.0,11.93,1415.7133362833333,24,1440,0,0,C0122,retail,2025-09-09 09:55:00,south,east,high,172.55,app,1,40,central,consumer,2025-11-04 11:09:00,74.2,49.8,web,active,central,fulltime,15,90.5,5.0,flexible,1,ev,riverside,2024-04-04 05:23:00,96.5,114188,active,v2.1,0,Central Core,central,control,88
DL00611,O00243,D117,V020,H05,2024-03-08 05:50:00,2024-03-08 09:35:20.717227,ontime,12.23,1,0,3.99,12.18,225.34528711666664,6,360,0,0,C0153,passenger,2024-03-08 04:19:00,south,west,low,64.73,phone,0,49,ctr,sme,2024-09-10 22:33:00,38.4,51.1,app,active,north,fulltime,1,71.1,3.93,flexible,1,hybrid,riverside,2024-10-26 11:25:00,82.3,187051,scheduled,v2.1,0,Central Core,central,control,88
DL00612,O00327,D166,V022,H07,2024-12-05 03:28:00,2024-12-05 03:46:56.748222,ontime,8.47,1,0,4.42,13.57,18.9458037,4,240,0,0,C0435,retail,2024-12-05 00:31:00,north,north,low,90.61,api,0,27,east,consumer,2025-12-27 14:11:00,47.2,43.9,app,active,west,parttime,7,74.6,4.07,night,1,hybrid,south,2025-01-28 20:20:00,89.6,44499,scheduled,v2.1,0,Riverside Hub,riverside,warehouse,66
DL00614,O00179,D087,V104,H03,2024-07-25 18:39:00,2024-07-26 05:26:49.966486,ontime,12.03,4,0,3.86,10.54,647.8327747666666,12,720,0,0,C0343,parcel,2024-07-25 18:07:00,central,riverside,medium,52.96,web,1,75,central,consumer,2025-04-29 18:31:00,58.3,71.3,web,active,north,contract,13,73.3,4.43,night,1,ev,east,2025-06-30 12:21:00,73.9,91441,active,v2.1,0,East Dock,east,warehouse,74
DL00615,O00627,D074,V069,H08,2025-04-22 20:08:00,2025-04-23 12:23:08.535650,delayed,7.97,2,0,4.04,13.12,975.1422608333334,6,360,1,0,C0114,parcel,2025-04-22 19:02:00,central,central,medium,67.07,web,1,38,central,consumer,2024-07-01 13:50:00,72.2,45.8,app,active,central,fulltime,12,79.5,4.61,evening,1,hybrid,central,2025-07-20 18:17:00,71.4,187158,active,v2.1,0,Midtown Relay,central,charging,63
DL00616,O01068,D041,V081,H08,2025-04-10 22:22:00,2025-04-11 05:25:01.394964,delayed,13.75,0,0,2.32,14.94,423.0232494,2,120,1,0,C0089,passenger,2025-04-10 21:56:00,riverside,west,low,53.32,app,0,40,riverside,consumer,2024-01-28 16:19:00,62.7,20.7,app,active,east,parttime,3,88.2,3.67,morning,1,ev,west,2024-12-28 08:10:00,86.6,165481,active,v2.2,0,Midtown Relay,central,charging,63
DL00617,O01023,D030,V045,H04,2024-11-04 00:22:00,2024-11-04 03:37:02.503074,ontime,13.63,0,0,4.33,8.71,195.0417179,6,360,0,0,C0243,parcel,2024-11-03 21:41:00,riverside,ctr,medium,89.2,,0,31,riverside,consumer,2025-06-20 16:36:00,63.0,85.8,phone,suspended,central,fulltime,7,74.0,4.56,night,1,ev,east,2025-08-10 04:56:00,88.0,190688,active,v2.2,0,West Gate,west,dispatch,69
DL00618,O01159,D046,V024,H06,2024-07-26 02:15:00,2024-07-26 23:53:29.739470,ontime,14.66,2,0,4.62,9.48,1298.4956578333333,24,1440,0,0,C0069,passenger,2024-07-25 23:50:00,west,north,low,47.65,phone,1,20,airport,sme,2025-05-08 20:25:00,74.3,51.2,phone,dormant,south,fulltime,5,82.2,4.06,morning,1,ev,east,2025-05-26 12:28:00,74.9,56967,active,v2.1,0,Airport Hub,airport,dispatch,71
DL00619,O00589,D146,V070,H08,2024-05-23 06:26:00,2024-05-24 04:08:02.677492,failed,9.01,0,0,3.44,9.46,1302.0446248666667,6,360,1,1,C0344,parcel,2024-05-23 06:12:00,riverside,central,high,81.6,phone,0,56,central,consumer,2024-01-01 02:25:00,66.5,34.9,app,active,airport,contract,1,,4.36,morning,1,cargovan,north,2025-10-24 17:32:00,62.6,39859,inrepair,v2.0,1,Midtown Relay,central,charging,63
DL00620,O00642,D117,V098,H04,2024-06-28 03:31:00,2024-06-28 06:36:27.337495,ontime,11.79,0,0,5.0,14.82,185.45562491666666,4,240,0,0,C0329,retail,2024-06-28 03:15:00,riverside,airport,high,24.55,,0,38,riverside,consumer,2025-08-06 06:56:00,46.4,64.9,phone,active,north,fulltime,1,71.1,3.93,flexible,1,diesel,west,2025-12-29 15:01:00,69.7,73011,active,v2.1,1,West Gate,west,dispatch,69
DL00621,O00838,D044,V110,H07,2025-01-25 00:38:00,2025-01-25 03:06:47.098821,ontime,7.52,1,0,5.0,14.56,148.78498034999998,6,360,0,0,C0549,passenger,2025-01-25 00:04:00,ctr,central,low,48.73,web,0,54,airport,consumer,2025-06-27 01:40:00,42.2,72.5,app,active,airport,fulltime,11,79.4,4.05,night,1,ev,east,2025-03-22 01:17:00,85.1,63717,active,v2.1,0,Riverside Hub,riverside,warehouse,66
DL00622,O00939,D036,V097,H04,2025-01-24 02:51:00,2025-01-24 11:54:04.114992,ontime,12.19,1,0,5.0,10.0,543.0685832,12,720,0,0,C0085,medical,2025-01-24 00:14:00,south,south,critical,91.71,app,1,76,airport,consumer,2025-05-05 22:10:00,45.0,26.0,app,active,airport,parttime,9,79.3,4.69,morning,1,ev,ctr,2024-11-12 12:56:00,92.1,18680,active,v2.1,0,West Gate,west,dispatch,69
DL00623,O00751,D166,V120,H03,2024-06-26 03:25:00,2024-06-26 07:03:25.132007,ontime,9.76,2,0,3.82,11.28,218.41886678333333,4,240,0,0,C0282,business,2024-06-26 00:51:00,north,west,medium,152.61,phone,0,29,riverside,consumer,2024-04-02 04:47:00,71.4,75.6,web,active,west,parttime,7,74.6,4.07,night,1,ev,central,2025-05-02 16:13:00,73.6,192246,active,v2.0,0,East Dock,east,warehouse,74
DL00624,O00486,D110,V098,H02,2024-08-12 17:01:00,2024-08-12 18:38:04.590348,ontime,19.21,0,0,4.04,15.84,97.07650579999999,2,120,0,0,C0316,retail,2024-08-12 14:18:00,central,north,high,50.89,app,0,32,north,consumer,2025-10-30 08:25:00,66.7,59.5,app,active,riverside,contract,7,40.6,4.1,morning,1,diesel,west,2025-12-29 15:01:00,69.7,73011,active,v2.1,1,South Link,south,dispatch,78
DL00625,O00980,D098,V022,H04,2024-11-25 23:32:00,2024-11-26 15:30:09.084958,delayed,19.05,1,1,1.83,20.54,958.1514159666666,4,240,1,0,C0545,parcel,2024-11-25 23:02:00,west,riverside,medium,510.06,app,0,18,south,consumer,2024-07-05 12:10:00,66.9,72.4,app,active,south,contract,3,70.9,4.29,morning,1,hybrid,south,2025-01-28 20:20:00,89.6,44499,scheduled,v2.1,0,West Gate,west,dispatch,69
DL00626,O00088,D082,V085,H05,2024-06-14 11:04:00,2024-06-15 12:38:34.881047,ontime,18.51,1,0,4.57,17.13,1534.5813507833334,24,1440,1,0,C0157,medical,2024-06-14 10:28:00,riverside,east,low,101.67,app,0,50,central,consumer,2025-03-28 10:04:00,67.9,46.8,app,active,west,parttime,14,74.1,4.63,evening,1,cargovan,south,2025-09-30 12:01:00,87.3,145652,active,v2.1,0,Central Core,central,control,88
DL00627,O00695,D142,V108,H06,2024-03-19 10:09:00,2024-03-19 13:51:55.023221,ontime,10.41,0,0,4.25,17.46,222.91705368333334,6,360,0,0,C0006,passenger,2024-03-19 08:25:00,south,east,low,92.36,app,0,41,west,consumer,2024-03-29 13:26:00,39.9,43.3,web,active,airport,fulltime,12,98.7,4.23,night,1,diesel,airport,2025-01-31 06:29:00,54.6,141290,inrepair,v1.9,1,Airport Hub,airport,dispatch,71
DL00628,O00166,D115,V095,H03,2025-05-30 18:43:00,2025-05-31 00:40:46.569082,delayed,10.81,1,0,4.06,11.58,357.7761513666667,4,240,1,0,C0517,passenger,2025-05-30 17:32:00,east,south,medium,76.66,app,0,66,riverside,consumer,2025-01-11 14:32:00,38.5,65.7,app,active,south,fulltime,11,69.5,4.77,morning,1,cargovan,riverside,2025-11-24 12:43:00,79.0,104553,inrepair,v2.0,1,East Dock,east,warehouse,74
DL00629,O00987,D057,V031,H08,2024-05-23 08:59:00,2024-05-24 06:48:42.857665,ontime,14.0,1,0,3.96,7.1,1309.7142944166667,24,1440,0,0,C0612,retail,2024-05-23 06:19:00,west,ctr,high,115.17,app,0,53,central,consumer,2024-08-10 02:56:00,82.3,74.0,app,active,west,fulltime,6,75.0,4.25,morning,1,ev,east,2024-07-28 13:57:00,89.3,193526,active,v1.9,0,Midtown Relay,central,charging,63
DL00630,O00342,D153,V004,H08,2025-11-13 00:22:00,2025-11-13 04:27:35.276518,ontime,13.33,0,0,3.97,5.52,245.58794196666668,6,360,0,0,C0643,passenger,2025-11-12 22:25:00,north,south,low,187.9,web,0,33,north,consumer,2024-04-10 20:13:00,73.6,60.0,web,active,east,fulltime,8,82.3,3.83,evening,1,hybrid,riverside,2024-06-07 13:21:00,,36310,active,v2.2,0,Midtown Relay,central,charging,63
DL00631,O01083,D124,V090,H01,2025-05-05 10:46:00,2025-05-06 00:19:38.465562,delayed,13.35,1,0,2.82,10.41,813.6410927,12,720,1,0,C0156,retail,2025-05-05 08:21:00,east,south,low,29.43,phone,0,26,east,sme,2025-03-02 03:25:00,59.6,32.3,web,active,north,fulltime,4,70.6,3.78,night,1,hybrid,west,2024-08-16 01:10:00,93.8,98472,inrepair,v2.0,1,North Exchange,north,dispatch,82
DL00632,O00498,D076,V084,H07,2024-10-28 08:11:00,2024-10-28 19:29:17.658601,delayed,13.26,0,0,1.74,14.75,678.2943100166667,4,240,1,0,C0081,retail,2024-10-28 06:34:00,south,ctr,medium,68.95,web,0,42,south,consumer,2025-05-14 14:30:00,44.8,69.0,phone,active,east,fulltime,15,61.6,3.88,morning,1,cargovan,riverside,2024-12-23 06:28:00,47.6,53872,inrepair,v2.1,1,Riverside Hub,riverside,warehouse,66
DL00633,O00272,D127,V047,H05,2024-12-11 06:48:00,2024-12-12 05:20:32.062021,ontime,11.86,2,0,4.06,13.31,1352.5343670166667,24,1440,0,0,C0647,retail,2024-12-11 05:03:00,riverside,central,medium,55.63,app,0,42,east,consumer,2024-10-16 01:45:00,59.6,76.1,app,active,central,fulltime,10,61.5,4.19,morning,1,ev,ctr,2025-02-15 14:49:00,93.7,134347,scheduled,v2.2,0,Central Core,central,control,88
DL00634,O00245,D077,V032,H02,2025-08-08 19:33:00,2025-08-09 05:46:51.012604,delayed,11.96,1,0,2.3,9.41,613.8502100666667,4,240,1,0,C0096,parcel,2025-08-08 17:42:00,south,south,low,21.06,app,1,73,west,consumer,2024-07-18 07:52:00,31.8,58.2,unknown,active,south,fulltime,8,64.9,3.68,morning,1,cargovan,north,2024-01-11 00:03:00,74.1,102207,active,v1.9,0,South Link,south,dispatch,78
DL00635,O00516,D053,V062,H06,2024-06-08 22:52:00,2024-06-09 07:32:45.394984,failed,13.35,1,0,3.18,14.1,520.7565830666666,2,120,1,1,C0473,passenger,2024-06-08 20:18:00,south,east,medium,117.13,app,0,72,airport,consumer,2025-07-17 04:40:00,39.8,78.2,web,active,west,fulltime,5,83.3,3.8,morning,1,hybrid,north,2024-02-13 22:26:00,89.9,113343,active,v2.0,0,Airport Hub,airport,dispatch,71
DL00636,O00880,D054,V104,H04,2024-08-24 19:54:00,2024-08-25 19:15:28.926324,ontime,10.04,2,0,3.89,13.35,1401.4821054,24,1440,0,0,C0020,parcel,2024-08-24 17:56:00,south,north,low,51.19,app,1,67,north,sme,2025-07-14 22:04:00,55.5,60.8,app,active,west,fulltime,3,80.1,4.32,morning,1,ev,east,2025-06-30 12:21:00,73.9,91441,active,v2.1,0,West Gate,west,dispatch,69
DL00637,O01069,D011,V046,H08,2025-08-25 03:45:00,2025-08-25 12:09:57.353857,ontime,7.12,0,0,3.8,8.9,504.9558976166666,12,720,0,0,C0219,passenger,2025-08-25 01:12:00,central,north,high,18.2,app,1,29,ctr,consumer,2025-12-10 09:02:00,74.6,85.7,web,active,east,fulltime,3,89.4,3.85,night,1,ev,north,2024-07-11 13:31:00,95.8,101425,active,v1.9,0,Midtown Relay,central,charging,63
DL00638,O00749,D091,V045,H05,2025-08-14 20:13:00,2025-08-15 07:31:38.980161,delayed,14.19,0,0,4.22,10.35,678.64966935,6,360,1,0,C0196,retail,2025-08-14 17:45:00,east,riverside,low,47.61,app,0,72,west,enterprise,2024-07-25 09:40:00,52.0,51.1,web,active,riverside,fulltime,12,68.0,4.46,night,1,ev,east,2025-08-10 04:56:00,88.0,190688,active,v2.2,0,Central Core,central,control,88
DL00639,O00090,D053,V073,H07,2024-10-23 06:26:00,2024-10-23 09:29:56.105722,ontime,9.72,0,0,4.45,16.68,183.93509536666667,4,240,0,0,C0490,business,2024-10-23 05:35:00,riverside,south,medium,86.48,app,0,78,central,consumer,2025-08-09 19:59:00,44.0,48.3,web,active,west,fulltime,5,83.3,3.8,morning,1,hybrid,airport,2024-05-28 05:33:00,,191353,active,v2.1,0,Riverside Hub,riverside,warehouse,66
DL00640,O00840,D119,V093,H08,2024-03-28 19:02:00,2024-03-28 22:58:27.534852,ontime,11.78,2,0,5.0,10.44,236.4589142,6,360,0,0,C0358,passenger,2024-03-28 16:35:00,south,east,medium,142.01,web,0,22,south,consumer,2024-11-03 16:37:00,38.7,69.7,web,active,south,fulltime,5,56.0,3.55,flexible,1,cargovan,central,2025-03-04 19:16:00,69.2,119136,scheduled,v2.0,1,Midtown Relay,central,charging,63
DL00641,O00955,D092,V010,H01,2025-01-04 17:23:00,2025-01-05 10:38:24.537371,failed,10.48,0,0,2.54,13.58,1035.4089561833332,4,240,1,1,C0163,passenger,2025-01-04 14:30:00,central,west,low,50.43,,0,55,riverside,sme,2024-09-16 04:29:00,56.2,58.2,app,active,east,fulltime,15,88.2,4.24,evening,1,cargovan,north,2025-10-07 22:40:00,50.7,129032,inrepair,v2.1,1,North Exchange,north,dispatch,82
DL00642,O00212,D153,V024,H07,2025-01-04 23:50:00,2025-01-05 03:23:43.873352,ontime,20.42,1,0,4.48,14.05,213.73122253333335,4,240,0,0,C0121,parcel,2025-01-04 23:29:00,east,ctr,high,128.36,api,0,25,south,consumer,2025-09-18 19:30:00,90.9,59.0,phone,active,east,fulltime,8,82.3,3.83,evening,1,ev,east,2025-05-26 12:28:00,74.9,56967,active,v2.1,0,Riverside Hub,riverside,warehouse,66
DL00643,O00926,D114,V047,H02,2024-07-03 02:35:00,2024-07-03 14:53:51.446255,ontime,13.71,2,0,4.5,15.88,738.8574375833334,12,720,1,0,C0322,parcel,2024-07-03 01:09:00,east,east,low,50.92,phone,0,77,ctr,consumer,2025-05-24 17:14:00,79.2,60.9,app,active,ctr,fulltime,2,57.4,4.07,evening,1,ev,ctr,2025-02-15 14:49:00,93.7,134347,scheduled,v2.2,0,South Link,south,dispatch,78
DL00644,O00585,D097,V119,H01,2025-02-25 14:04:00,2025-02-26 01:40:11.748100,failed,6.36,0,0,3.11,13.31,696.1958016666666,1,60,1,1,C0160,medical,2025-02-25 13:02:00,south,riverside,medium,215.96,web,1,57,south,consumer,2024-11-06 03:57:00,62.8,80.2,phone,suspended,west,fulltime,2,79.1,4.48,flexible,1,ev,riverside,2025-08-17 06:19:00,67.6,215407,inrepair,v2.1,1,North Exchange,north,dispatch,82
DL00645,O00158,D129,V090,H02,2024-07-11 17:47:00,2024-07-12 22:44:12.693757,failed,6.06,2,0,2.77,13.29,1737.2115626166667,24,1440,1,1,C0620,business,2024-07-11 16:42:00,central,west,high,67.81,phone,0,46,central,consumer,2025-07-03 15:30:00,33.7,63.7,phone,active,north,fulltime,10,64.9,4.18,night,1,hybrid,west,2024-08-16 01:10:00,93.8,98472,inrepair,v2.0,1,South Link,south,dispatch,78
DL00646,O00707,D023,V100,H06,2024-11-10 06:33:00,2024-11-10 10:57:20.611848,ontime,8.31,0,0,4.38,4.79,264.3435308,4,240,1,0,C0156,parcel,2024-11-10 05:41:00,central,east,medium,95.62,app,0,26,east,sme,2025-03-02 03:25:00,59.6,32.3,web,active,east,fulltime,11,79.1,4.16,night,1,cargovan,east,2024-06-23 11:24:00,60.1,31876,active,v2.0,1,Airport Hub,airport,dispatch,71
DL00647,O00550,D067,V001,H02,2025-01-19 02:17:00,2025-01-19 23:38:11.164766,ontime,8.7,1,0,4.52,10.41,1281.1860794333334,24,1440,0,0,C0502,business,2025-01-18 23:42:00,central,riverside,medium,64.79,web,1,38,west,sme,2024-08-15 19:25:00,36.3,75.7,app,active,west,fulltime,11,77.0,4.84,morning,1,ev,north,2024-12-28 23:48:00,71.8,56928,active,v2.2,0,South Link,south,dispatch,78
DL00648,O00551,D143,V045,H02,2024-06-16 13:01:00,2024-06-16 16:08:30.294842,ontime,9.21,0,0,4.43,14.38,187.50491403333334,6,360,0,0,C0317,retail,2024-06-16 11:10:00,ctr,east,high,82.67,phone,0,19,south,consumer,2025-11-02 07:19:00,65.2,86.0,app,dormant,central,fulltime,6,68.5,4.14,night,1,ev,east,2025-08-10 04:56:00,88.0,190688,active,v2.2,0,South Link,south,dispatch,78
DL00649,O00110,D075,V073,H01,2024-08-23 13:10:00,2024-08-23 14:46:36.192013,ontime,9.4,1,0,5.0,12.55,96.60320021666666,4,240,0,0,C0446,passenger,2024-08-23 11:08:00,central,south,low,72.23,app,0,20,airport,sme,2025-08-15 06:20:00,65.9,37.5,partner api,dormant,airport,fulltime,13,99.0,3.62,evening,1,hybrid,airport,2024-05-28 05:33:00,,191353,active,v2.1,0,North Exchange,north,dispatch,82
DL00650,O00106,D097,V035,H01,2025-11-29 06:15:00,2025-11-29 11:03:53.803798,ontime,8.16,0,0,4.26,11.01,288.89672996666667,6,360,0,0,C0065,business,2025-11-29 05:06:00,east,riverside,low,68.37,app,0,44,ctr,consumer,2025-11-23 23:03:00,52.8,55.6,web,active,west,fulltime,2,79.1,4.48,flexible,1,cargovan,east,2025-07-03 09:34:00,83.6,73804,active,v2.0,0,North Exchange,north,dispatch,82
DL00651,O00107,D090,V022,H04,2024-11-14 01:39:00,2024-11-14 11:26:39.070895,delayed,6.01,1,0,3.71,9.58,587.6511815833333,2,120,1,0,C0205,medical,2024-11-13 23:39:00,riverside,ctr,low,182.35,app,0,62,central,consumer,2025-04-02 03:42:00,52.1,78.7,web,active,north,fulltime,8,58.0,3.78,morning,1,hybrid,south,2025-01-28 20:20:00,89.6,44499,scheduled,v2.1,0,West Gate,west,dispatch,69
DL00652,O00928,D129,V028,H07,2024-02-28 14:26:00,2024-02-29 12:02:52.158985,ontime,14.7,1,0,3.65,7.18,1296.8693164166666,24,1440,0,0,C0231,parcel,2024-02-28 12:16:00,south,airport,medium,60.36,app,0,28,central,sme,2025-02-13 18:02:00,69.4,18.9,app,active,north,fulltime,10,64.9,4.18,night,1,ev,east,2024-08-25 02:52:00,75.4,149698,active,v2.0,0,Riverside Hub,riverside,warehouse,66
DL00653,O00076,D043,V096,H04,2025-12-25 05:43:00,2025-12-25 15:29:42.609869,delayed,12.43,3,0,2.71,13.03,586.7101644833333,4,240,1,0,C0075,retail,2025-12-25 04:37:00,ctr,riverside,low,100.62,phone,0,43,central,consumer,2024-04-13 11:39:00,59.2,23.9,app,active,north,fulltime,13,80.3,4.6,evening,0,cargovan,east,2025-08-21 07:26:00,85.1,193315,inrepair,v2.0,1,West Gate,west,dispatch,69
DL00655,O01222,D156,V042,H08,2025-09-10 03:29:00,2025-09-10 12:38:01.772929,ontime,12.34,1,0,4.66,3.15,549.0295488166666,12,720,0,0,C0361,retail,2025-09-10 01:14:00,north,east,critical,105.79,phone,0,65,south,consumer,2024-01-11 17:19:00,59.6,49.3,web,active,south,fulltime,14,84.5,3.62,evening,1,ev,east,2025-06-21 07:06:00,80.5,215870,inrepair,v1.9,1,Midtown Relay,central,charging,63
DL00657,O00674,D145,V072,H01,2025-08-11 17:47:00,2025-08-12 09:13:33.120017,failed,14.98,2,0,1.95,17.49,926.5520002833333,2,120,1,1,C0235,passenger,2025-08-11 15:52:00,central,east,medium,65.56,web,0,35,airport,enterprise,2024-06-07 21:57:00,43.7,60.0,phone,active,north,fulltime,11,68.4,4.09,morning,1,cargovan,airport,2025-02-24 19:07:00,78.1,89109,inrepair,v2.1,1,North Exchange,north,dispatch,82
DL00658,O01123,D001,V073,H04,2024-01-31 07:38:00,2024-02-01 18:27:27.869371,failed,6.23,1,0,4.41,6.01,2089.4644895166666,24,1440,1,1,C0274,parcel,2024-01-31 06:20:00,south,west,high,98.07,app,1,66,riverside,sme,2025-04-22 14:49:00,66.0,68.3,phone,active,airport,fulltime,8,67.8,3.54,morning,1,hybrid,airport,2024-05-28 05:33:00,,191353,active,v2.1,0,West Gate,west,dispatch,69
DL00659,O00308,D046,V082,H02,2025-03-28 16:40:00,2025-03-29 03:35:29.941238,ontime,34.92,2,0,4.31,16.73,655.4990206333333,12,720,0,0,C0458,passenger,2025-03-28 15:13:00,airport,west,medium,100.44,api,0,37,ctr,enterprise,2024-07-01 14:38:00,61.5,51.7,app,active,south,fulltime,5,82.2,4.06,morning,1,ev,ctr,2024-02-03 08:40:00,81.2,81518,active,v2.1,0,South Link,south,dispatch,78
DL00660,O00016,D008,V001,H02,2025-07-29 13:52:00,2025-07-29 17:01:03.042495,ontime,16.1,2,0,3.36,14.03,189.05070824999999,6,360,0,0,C0022,parcel,2025-07-29 11:51:00,central,ctr,medium,92.66,app,0,71,riverside,consumer,2024-07-29 15:43:00,62.2,58.9,app,active,south,fulltime,9,84.1,3.88,morning,1,ev,north,2024-12-28 23:48:00,71.8,56928,active,v2.2,0,South Link,south,dispatch,78
DL00661,O01038,D145,V067,H03,2024-12-01 01:45:00,2024-12-01 06:12:25.970798,ontime,19.41,2,0,4.41,17.61,267.4328466333333,6,360,0,0,C0141,business,2024-12-01 00:28:00,west,south,critical,20.72,phone,0,37,west,consumer,2024-05-03 17:03:00,29.6,32.1,partner api,dormant,north,fulltime,11,68.4,4.09,morning,1,hybrid,ctr,2025-11-15 00:12:00,57.3,176145,active,v2.0,1,East Dock,east,warehouse,74
DL00662,O00365,D118,V013,H03,2024-01-11 13:00:00,2024-01-11 14:14:42.407650,ontime,21.14,0,0,4.62,16.89,74.70679416666667,4,240,0,0,C0237,medical,2024-01-11 10:44:00,east,west,low,21.18,phone,1,40,south,consumer,2024-11-29 23:31:00,30.0,51.8,web,active,north,fulltime,1,80.6,4.88,night,1,cargovan,west,2025-07-17 18:07:00,68.3,153106,scheduled,v2.0,1,East Dock,east,warehouse,74
DL00663,O00865,D017,V070,H03,2024-03-22 01:14:00,2024-03-22 04:15:39.503337,ontime,15.24,1,0,3.19,16.61,181.65838895,2,120,1,0,C0597,parcel,2024-03-22 00:53:00,east,south,medium,55.13,web,0,74,north,consumer,2024-11-12 02:19:00,57.2,64.3,phone,active,east,parttime,1,,4.34,morning,1,cargovan,north,2025-10-24 17:32:00,62.6,39859,inrepair,v2.0,1,East Dock,east,warehouse,74
DL00664,O00430,D152,V027,H07,2025-01-15 03:49:00,2025-01-15 20:16:09.639972,failed,20.64,1,1,3.36,25.46,987.1606661999999,12,720,1,1,C0029,retail,2025-01-15 01:45:00,central,south,medium,40.49,api,0,44,central,consumer,2024-12-17 23:28:00,57.0,85.2,app,active,north,parttime,5,,4.06,flexible,1,diesel,south,2025-08-12 12:37:00,78.6,51052,inrepair,v2.2,1,Riverside Hub,riverside,warehouse,66
DL00665,O00268,D124,V100,H03,2024-01-29 08:37:00,2024-01-29 12:14:11.321423,delayed,20.03,3,1,2.49,15.01,217.18869038333332,4,240,0,0,C0475,medical,2024-01-29 06:20:00,west,west,medium,71.4,app,1,47,central,consumer,2024-06-16 12:44:00,81.9,37.5,app,active,north,fulltime,4,70.6,3.78,night,1,cargovan,east,2024-06-23 11:24:00,60.1,31876,active,v2.0,1,East Dock,east,warehouse,74
DL00666,O00350,D055,V066,H05,2024-11-20 04:37:00,2024-11-20 06:18:52.302593,ontime,5.38,0,0,4.67,10.56,101.87170988333334,4,240,0,0,C0197,retail,2024-11-20 02:56:00,east,west,high,13.42,app,0,29,riverside,consumer,2024-11-08 16:48:00,58.4,62.0,app,active,central,fulltime,15,90.5,5.0,flexible,1,hybrid,north,2024-04-10 18:00:00,77.7,98535,scheduled,v2.2,0,Central Core,central,control,88
DL00667,O01088,D049,V087,H08,2024-12-02 12:50:00,2024-12-02 16:12:08.912167,ontime,9.91,1,0,4.8,13.21,202.14853611666666,6,360,0,0,C0444,parcel,2024-12-02 10:32:00,north,west,medium,49.16,web,1,67,ctr,consumer,2024-09-10 05:15:00,80.5,70.1,web,active,central,contract,14,41.4,4.0,morning,1,hybrid,airport,2025-02-09 18:48:00,49.7,116811,active,v2.1,1,Midtown Relay,central,charging,63
DL00668,O01140,D107,V018,H05,2025-09-26 01:35:00,2025-09-26 08:09:15.372043,ontime,19.54,0,0,4.57,16.84,394.2562007166667,6,360,1,0,C0244,passenger,2025-09-26 01:19:00,east,south,low,97.23,app,0,27,airport,consumer,2024-01-17 21:37:00,52.7,54.9,phone,active,riverside,fulltime,14,57.0,4.82,flexible,1,diesel,riverside,2025-04-08 22:29:00,86.8,98363,scheduled,v2.1,0,Central Core,central,control,88
DL00670,O01248,D098,V006,H04,2024-08-30 19:26:00,2024-08-31 15:46:01.398224,ontime,11.65,1,0,4.28,17.56,1220.0233037333335,24,1440,0,0,C0517,retail,2024-08-30 17:16:00,south,riverside,medium,28.17,app,0,66,riverside,consumer,2025-01-11 14:32:00,38.5,65.7,app,active,south,contract,3,70.9,4.29,morning,1,ev,central,2025-11-22 06:39:00,78.6,141381,active,v2.1,0,West Gate,west,dispatch,69
DL00671,O00005,D054,V073,H03,2025-02-17 20:23:00,2025-02-18 08:05:00.047082,ontime,16.01,1,0,4.38,13.53,702.0007846999999,12,720,0,0,C0558,retail,2025-02-17 19:32:00,riverside,south,low,125.58,phone,0,23,south,consumer,2024-06-29 19:47:00,64.3,38.5,phone,active,west,fulltime,3,80.1,4.32,morning,1,hybrid,airport,2024-05-28 05:33:00,,191353,active,v2.1,0,East Dock,east,warehouse,74
DL00672,O00017,D108,V030,H02,2025-05-27 11:38:00,2025-05-28 08:21:51.612170,ontime,35.33,5,0,4.94,19.77,1243.8602028333332,24,1440,0,0,C0499,parcel,2025-05-27 09:12:00,airport,south,low,60.9,app,0,40,ctr,consumer,2025-10-13 12:05:00,55.9,74.5,app,active,south,fulltime,10,70.6,4.33,morning,1,cargovan,north,2025-09-14 07:20:00,78.0,134360,active,v2.1,0,South Link,south,dispatch,78
DL00673,O00651,D125,V047,H03,2024-09-29 10:51:00,2024-09-29 14:22:58.189576,ontime,13.26,0,0,4.71,11.92,211.96982626666667,6,360,0,0,C0345,parcel,2024-09-29 09:23:00,south,south,high,7.14,app,0,18,north,consumer,2025-06-24 14:28:00,93.5,56.9,web,active,north,parttime,15,90.5,4.07,morning,1,ev,ctr,2025-02-15 14:49:00,93.7,134347,scheduled,v2.2,0,East Dock,east,warehouse,74
DL00674,O00456,D005,V078,H01,2024-01-16 04:57:00,2024-01-16 07:20:04.951071,ontime,12.96,1,0,4.96,8.1,143.08251785,2,120,1,0,C0124,parcel,2024-01-16 03:31:00,east,riverside,high,87.85,app,0,31,airport,consumer,2024-01-22 00:51:00,40.8,1.0,web,active,north,fulltime,3,69.7,4.14,morning,1,cargovan,north,2024-03-04 20:00:00,78.4,153638,active,v2.1,0,North Exchange,north,dispatch,82
DL00676,O00515,D033,V027,H05,2024-02-03 12:39:00,2024-02-03 16:14:23.609063,ontime,3.67,1,0,3.87,10.33,215.39348438333334,6,360,0,0,C0578,retail,2024-02-03 10:24:00,north,north,medium,65.74,phone,0,63,ctr,sme,2024-06-01 14:06:00,74.1,46.0,app,active,south,parttime,9,59.8,4.05,night,1,diesel,south,2025-08-12 12:37:00,78.6,51052,inrepair,v2.2,1,Central Core,central,control,88
DL00677,O00528,D001,V036,H03,2024-10-13 11:51:00,2024-10-13 21:30:51.369530,ontime,18.36,2,0,3.82,10.56,579.8561588333334,12,720,0,0,C0152,passenger,2024-10-13 09:38:00,central,ctr,medium,126.48,app,0,61,west,consumer,2025-06-30 15:32:00,66.2,63.3,app,dormant,airport,fulltime,8,67.8,3.54,morning,1,diesel,north,2025-09-26 13:33:00,90.4,215767,inrepair,v2.1,1,East Dock,east,warehouse,74
DL00678,O00441,D133,V119,H07,2025-04-01 12:54:00,2025-04-01 23:37:24.658614,ontime,8.13,0,0,4.29,6.46,643.4109769,12,720,0,0,C0509,passenger,2025-04-01 12:25:00,east,central,critical,77.58,app,0,77,west,consumer,2024-07-16 01:56:00,59.6,68.5,web,dormant,south,contract,12,88.2,3.99,flexible,1,ev,riverside,2025-08-17 06:19:00,67.6,215407,inrepair,v2.1,1,Riverside Hub,riverside,warehouse,66
DL00679,O01122,D008,V098,H04,2025-10-06 07:57:00,2025-10-07 02:15:06.169683,delayed,1.2,2,0,2.15,12.25,1098.10282805,12,720,1,0,C0390,parcel,2025-10-06 07:29:00,south,riverside,high,131.53,app,0,51,ctr,consumer,2024-04-25 02:59:00,66.5,52.9,app,active,south,fulltime,9,84.1,3.88,morning,1,diesel,west,2025-12-29 15:01:00,69.7,73011,active,v2.1,1,West Gate,west,dispatch,69
DL00680,O01148,D064,V056,H04,2024-11-19 06:45:00,2024-11-20 06:09:27.821347,ontime,12.17,0,0,4.49,8.14,1404.4636891166667,24,1440,0,0,C0606,passenger,2024-11-19 05:52:00,ctr,riverside,medium,122.59,app,0,68,south,consumer,2024-05-06 10:57:00,64.3,56.9,app,active,south,parttime,14,88.9,4.18,morning,1,ev,central,2024-06-09 16:18:00,78.4,29849,active,v2.2,0,West Gate,west,dispatch,69
DL00681,O01197,D046,V033,H01,2024-01-27 02:16:00,2024-01-28 05:15:53.195121,delayed,13.28,0,0,1.97,18.74,1619.88658535,24,1440,1,0,C0359,retail,2024-01-27 00:14:00,ctr,airport,medium,63.08,app,0,23,airport,consumer,2024-07-15 12:16:00,75.7,87.8,app,active,south,fulltime,5,82.2,4.06,morning,1,ev,airport,2024-09-19 18:57:00,78.6,55241,inrepair,v2.2,1,North Exchange,north,dispatch,82
DL00682,O00264,D039,V004,H08,2025-08-12 12:49:00,2025-08-12 18:08:01.672514,ontime,11.86,0,0,5.0,14.2,319.02787523333336,6,360,0,0,C0633,business,2025-08-12 10:46:00,east,airport,medium,113.96,app,1,44,central,consumer,2025-12-14 02:47:00,57.6,56.5,partner api,active,airport,contract,7,86.1,4.06,evening,1,hybrid,riverside,2024-06-07 13:21:00,,36310,active,v2.2,0,Midtown Relay,central,charging,63
DL00683,O00560,D102,V008,H03,2025-08-05 18:41:00,2025-08-06 09:14:19.454661,delayed,21.04,0,0,2.52,19.01,873.3242443500001,6,360,1,0,C0260,passenger,2025-08-05 17:02:00,riverside,east,medium,62.52,web,1,21,east,consumer,2025-10-27 14:31:00,64.3,57.5,app,active,east,parttime,10,67.6,4.62,morning,1,ev,riverside,2025-06-14 03:47:00,90.5,49711,active,v2.0,0,East Dock,east,warehouse,74
DL00684,O00986,D026,V027,H08,2024-02-06 11:40:00,2024-02-07 19:38:29.699653,delayed,12.6,1,1,3.71,10.36,1918.4949942166668,24,1440,1,0,C0303,parcel,2024-02-06 09:28:00,south,south,medium,111.61,phone,0,66,north,consumer,2025-10-12 04:15:00,76.7,70.4,web,active,north,parttime,4,84.9,3.15,night,0,diesel,south,2025-08-12 12:37:00,78.6,51052,inrepair,v2.2,1,Midtown Relay,central,charging,63
DL00685,O00113,D002,V042,H03,2024-02-12 05:54:00,2024-02-12 22:59:20.709373,failed,10.66,1,0,2.68,10.8,1025.3451562166667,2,120,1,1,C0640,business,2024-02-12 03:36:00,east,north,high,113.54,app,0,55,north,sme,2025-10-11 02:52:00,50.8,65.6,web,dormant,central,fulltime,4,42.4,3.94,evening,1,ev,east,2025-06-21 07:06:00,80.5,215870,inrepair,v1.9,1,East Dock,east,warehouse,74
DL00686,O00523,D083,V002,H08,2025-11-04 08:01:00,2025-11-04 12:17:37.381306,ontime,24.04,3,0,5.0,12.99,256.6230217666667,6,360,0,0,C0181,medical,2025-11-04 06:41:00,airport,airport,low,82.31,web,1,41,west,consumer,2024-06-01 17:58:00,51.2,67.7,app,dormant,north,fulltime,12,80.8,4.16,flexible,1,ev,airport,2024-04-21 16:14:00,67.9,159368,inrepair,v2.2,1,Midtown Relay,central,charging,63
DL00688,O00385,D117,V068,H03,2025-10-24 17:08:00,2025-10-24 17:53:05.729635,ontime,17.58,0,0,4.16,13.79,45.09549391666667,4,240,0,0,C0646,passenger,2025-10-24 15:32:00,riverside,riverside,medium,226.69,phone,0,64,south,sme,2024-12-25 08:59:00,71.4,32.6,app,active,north,fulltime,1,71.1,3.93,flexible,1,hybrid,riverside,2024-06-28 15:49:00,97.5,73769,inrepair,v2.0,1,East Dock,east,warehouse,74
DL00689,O00165,D087,V048,H07,2024-03-16 15:57:00,2024-03-17 13:28:39.203588,ontime,16.14,1,0,4.14,18.83,1291.6533931333333,24,1440,0,0,C0275,retail,2024-03-16 14:08:00,north,central,low,122.59,app,0,56,east,consumer,2024-05-01 17:12:00,59.6,63.7,app,active,north,contract,13,73.3,4.43,night,1,diesel,central,2025-10-01 18:21:00,76.1,87659,active,v2.1,0,Riverside Hub,riverside,warehouse,66
DL00690,O00129,D167,V096,H01,2024-12-12 05:16:00,2024-12-13 10:27:02.080765,failed,17.64,0,0,2.59,15.08,1751.0346794166667,12,720,1,1,C0538,retail,2024-12-12 02:28:00,central,north,high,63.08,phone,0,28,central,enterprise,2024-09-15 05:20:00,84.5,44.3,app,dormant,south,parttime,12,75.3,4.64,night,1,cargovan,east,2025-08-21 07:26:00,85.1,193315,inrepair,v2.0,1,North Exchange,north,dispatch,82
DL00691,O00022,D055,V091,H01,2025-04-20 21:40:00,2025-04-21 17:33:54.635329,delayed,4.45,0,0,4.36,13.49,1193.9105888166666,12,720,1,0,C0594,retail,2025-04-20 20:56:00,riverside,central,medium,134.88,phone,0,70,east,consumer,2025-10-20 16:41:00,97.4,22.5,web,active,central,fulltime,15,90.5,5.0,flexible,1,hybrid,east,2025-08-24 05:20:00,58.5,172956,active,v1.9,1,North Exchange,north,dispatch,82
DL00692,O00176,D093,V100,H07,2025-04-15 11:14:00,2025-04-15 11:40:03.053241,ontime,14.91,0,0,3.65,16.9,26.05088735,4,240,0,0,C0479,retail,2025-04-15 09:07:00,central,ctr,medium,14.76,phone,0,48,north,enterprise,2025-08-03 11:26:00,59.1,53.9,app,active,south,parttime,12,75.2,4.43,flexible,1,cargovan,east,2024-06-23 11:24:00,60.1,31876,active,v2.0,1,Riverside Hub,riverside,warehouse,66
DL00693,O00154,D137,V063,H03,2024-08-20 06:10:00,2024-08-20 23:47:35.347105,delayed,13.63,0,0,2.62,11.31,1057.5891184166667,12,720,1,0,C0535,business,2024-08-20 05:56:00,north,airport,low,105.88,web,1,39,south,consumer,2024-06-18 21:50:00,38.6,80.2,web,active,north,contract,10,65.6,4.4,flexible,1,ev,central,2024-01-11 00:19:00,73.6,159860,active,v2.1,0,East Dock,east,warehouse,74
DL00694,O00457,D087,V038,H05,2024-03-31 09:26:00,2024-04-01 08:43:50.348343,failed,14.66,0,1,1.68,13.68,1397.83913905,12,720,1,1,C0396,parcel,2024-03-31 06:36:00,east,east,medium,123.49,app,0,76,riverside,consumer,2025-03-29 05:06:00,67.2,85.0,app,active,north,contract,13,73.3,4.43,night,1,cargovan,central,2025-03-16 12:29:00,81.6,68032,active,v2.1,0,Central Core,central,control,88
DL00695,O00195,D017,V067,H06,2024-06-02 20:32:00,2024-06-03 10:47:53.271479,delayed,18.13,1,0,3.49,16.69,855.8878579833333,12,720,1,0,C0404,retail,2024-06-02 17:59:00,ctr,east,medium,18.03,app,1,25,east,consumer,2025-04-02 06:20:00,59.6,72.3,app,active,east,parttime,1,,4.34,morning,1,hybrid,ctr,2025-11-15 00:12:00,57.3,176145,active,v2.0,1,Airport Hub,airport,dispatch,71
DL00696,O01210,D016,V035,H07,2025-04-01 13:32:00,2025-04-01 13:43:32.048965,ontime,4.73,2,0,3.18,11.48,11.534149416666667,2,120,0,0,C0581,medical,2025-04-01 13:00:00,riverside,riverside,medium,198.15,app,0,78,north,consumer,2024-09-27 00:03:00,48.1,68.4,app,dormant,airport,fulltime,6,81.9,4.31,evening,1,cargovan,east,2025-07-03 09:34:00,83.6,73804,active,v2.0,0,Riverside Hub,riverside,warehouse,66
DL00697,O00117,D010,V080,H06,2024-06-10 11:21:00,2024-06-10 22:34:18.056778,ontime,13.19,1,0,5.0,10.04,673.3009463,12,720,0,0,C0516,passenger,2024-06-10 09:38:00,east,south,medium,87.81,phone,0,49,ctr,consumer,2025-03-11 12:42:00,88.9,50.3,web,active,west,fulltime,8,70.0,3.95,evening,1,ev,east,2024-05-27 22:15:00,100.0,68844,active,v1.9,0,Airport Hub,airport,dispatch,71
DL00698,O00882,D101,V092,H07,2024-09-01 12:12:00,2024-09-01 22:24:02.651556,failed,10.97,0,0,3.6,15.95,612.0441926,2,120,1,1,C0204,parcel,2024-09-01 10:50:00,ctr,central,high,141.57,phone,0,78,riverside,consumer,2025-06-10 15:15:00,87.1,25.8,app,active,west,fulltime,8,75.6,4.48,morning,1,hybrid,east,2024-01-07 14:19:00,80.5,36143,inrepair,v2.1,1,Riverside Hub,riverside,warehouse,66
DL00699,O00388,D133,V091,H02,2025-10-07 00:43:00,2025-10-07 04:23:12.272724,ontime,13.59,1,0,4.11,13.94,220.2045454,4,240,0,0,C0292,retail,2025-10-06 23:55:00,north,riverside,high,66.17,app,0,24,south,consumer,2025-03-02 11:24:00,73.2,57.9,app,active,south,contract,12,88.2,3.99,flexible,1,hybrid,east,2025-08-24 05:20:00,58.5,172956,active,v1.9,1,South Link,south,dispatch,78
DL00700,O00027,D099,V115,H06,2025-02-26 02:22:00,2025-02-26 06:50:34.860335,ontime,8.6,1,0,5.0,9.3,268.5810055833333,4,240,1,0,C0024,parcel,2025-02-26 00:42:00,riverside,north,medium,96.62,app,0,66,west,consumer,2024-11-17 14:37:00,55.3,44.5,app,active,north,contract,10,82.7,3.48,night,1,diesel,south,2024-05-10 17:28:00,57.9,85919,active,v2.2,1,Airport Hub,airport,dispatch,71
DL00701,O00440,D077,V084,H08,2024-12-03 03:36:00,2024-12-04 09:00:24.432584,failed,12.65,0,0,5.0,10.83,1764.4072097333333,12,720,1,1,C0032,passenger,2024-12-03 02:05:00,east,east,high,56.81,app,0,69,west,consumer,2024-06-17 10:09:00,85.0,40.5,phone,dormant,south,fulltime,8,64.9,3.68,morning,1,cargovan,riverside,2024-12-23 06:28:00,47.6,53872,inrepair,v2.1,1,Midtown Relay,central,charging,63
DL00702,O00143,D104,V086,H06,2025-03-07 13:02:00,2025-03-08 13:13:35.260683,ontime,18.33,2,0,4.86,10.36,1451.58767805,24,1440,1,0,C0545,passenger,2025-03-07 11:30:00,ctr,central,medium,69.38,app,0,18,south,consumer,2024-07-05 12:10:00,66.9,72.4,app,active,west,fulltime,15,87.7,3.45,morning,1,ev,central,2024-02-25 07:56:00,82.8,42307,scheduled,v2.2,0,Airport Hub,airport,dispatch,71
DL00703,O01098,D136,V020,H06,2025-04-24 09:34:00,2025-04-24 15:44:51.782386,delayed,11.16,1,0,2.82,12.56,370.86303976666665,2,120,1,0,C0093,retail,2025-04-24 07:39:00,north,riverside,low,17.79,web,0,48,north,consumer,2024-08-16 17:34:00,41.2,56.3,app,active,airport,fulltime,4,89.5,3.99,evening,1,hybrid,riverside,2024-10-26 11:25:00,82.3,187051,scheduled,v2.1,0,Airport Hub,airport,dispatch,71
DL00704,O01009,D058,V084,H08,2024-06-01 06:49:00,2024-06-01 07:25:55.005036,ontime,1.84,0,0,4.35,5.9,36.9167506,4,240,0,0,C0545,passenger,2024-06-01 04:33:00,east,riverside,medium,167.86,web,1,18,south,consumer,2024-07-05 12:10:00,66.9,72.4,app,active,airport,fulltime,9,82.7,4.27,flexible,1,cargovan,riverside,2024-12-23 06:28:00,47.6,53872,inrepair,v2.1,1,Midtown Relay,central,charging,63
DL00705,O00084,D010,V061,H03,2025-05-13 08:46:00,2025-05-14 05:31:07.437328,failed,15.18,2,0,4.04,12.68,1245.1239554666668,4,240,1,1,C0103,passenger,2025-05-13 06:02:00,west,north,high,157.73,phone,1,20,airport,consumer,2024-12-18 14:51:00,71.4,74.2,web,active,west,fulltime,8,70.0,3.95,evening,1,diesel,south,2025-08-06 20:40:00,60.3,126438,active,v2.2,1,East Dock,east,warehouse,74
DL00706,O00625,D164,V117,H08,2025-07-12 06:16:00,2025-07-13 05:40:23.019020,ontime,15.14,0,0,4.37,11.27,1404.3836503333334,24,1440,0,0,C0376,business,2025-07-12 06:05:00,west,south,medium,77.48,phone,1,40,south,sme,2025-05-31 02:13:00,61.3,46.8,phone,active,central,fulltime,5,76.1,4.07,flexible,1,hybrid,south,2025-01-11 11:13:00,65.5,163683,scheduled,v2.2,1,Midtown Relay,central,charging,63
DL00708,O00323,D089,V035,H07,2024-11-01 15:56:00,2024-11-01 20:54:40.422808,ontime,7.15,1,0,4.49,3.79,298.67371346666664,4,240,1,0,C0487,retail,2024-11-01 15:13:00,south,north,low,22.09,phone,0,61,east,sme,2024-06-15 04:00:00,63.9,88.5,web,active,ctr,fulltime,2,71.1,4.57,night,1,cargovan,east,2025-07-03 09:34:00,83.6,73804,active,v2.0,0,Riverside Hub,riverside,warehouse,66
DL00709,O00580,D125,V020,H02,2024-02-12 07:41:00,2024-02-12 10:11:17.170153,delayed,14.43,1,1,4.39,8.47,150.28616921666665,1,60,1,0,C0461,retail,2024-02-12 06:39:00,west,riverside,critical,78.71,app,0,55,east,consumer,2025-12-27 19:22:00,54.5,76.2,app,active,north,parttime,15,90.5,4.07,morning,1,hybrid,riverside,2024-10-26 11:25:00,82.3,187051,scheduled,v2.1,0,South Link,south,dispatch,78
DL00710,O00262,D116,V119,H06,2024-02-28 06:22:00,2024-02-28 07:32:37.271724,ontime,1.39,2,0,4.12,12.47,70.6211954,6,360,0,0,C0265,passenger,2024-02-28 04:38:00,central,central,high,151.47,phone,1,26,east,consumer,2025-09-06 04:21:00,55.8,25.4,app,active,central,fulltime,4,58.2,4.19,morning,1,ev,riverside,2025-08-17 06:19:00,67.6,215407,inrepair,v2.1,1,Airport Hub,airport,dispatch,71
DL00711,O00484,D028,V120,H08,2024-03-10 14:43:00,2024-03-11 13:39:05.378753,ontime,16.19,3,0,3.77,8.83,1376.0896458833333,24,1440,0,0,C0152,parcel,2024-03-10 13:36:00,east,riverside,critical,134.61,app,0,61,west,consumer,2025-06-30 15:32:00,66.2,63.3,app,dormant,north,fulltime,11,83.0,4.07,flexible,1,ev,central,2025-05-02 16:13:00,73.6,192246,active,v2.0,0,Midtown Relay,central,charging,63
DL00712,O01056,D134,V012,H07,2024-12-20 00:40:00,2024-12-20 11:07:55.426151,delayed,11.83,1,0,4.95,3.1,627.9237691833333,4,240,1,0,C0203,retail,2024-12-19 22:48:00,east,airport,medium,111.26,phone,1,33,ctr,consumer,2025-06-01 17:12:00,59.6,66.8,app,active,south,parttime,4,61.5,3.59,flexible,1,hybrid,south,2024-04-15 00:26:00,56.2,52021,active,v2.1,1,Riverside Hub,riverside,warehouse,66
DL00713,O00728,D044,V039,H03,2024-10-21 06:15:00,2024-10-22 04:27:26.219534,ontime,21.4,0,0,4.63,26.99,1332.4369922333333,24,1440,0,0,C0610,parcel,2024-10-21 04:41:00,south,riverside,low,50.95,app,0,55,south,consumer,2025-12-03 16:16:00,65.3,73.5,app,active,airport,fulltime,11,79.4,4.05,night,1,ev,east,2025-01-01 01:38:00,69.5,37024,inrepair,v1.9,1,East Dock,east,warehouse,74
DL00714,O00078,D140,V110,H04,2025-10-06 05:23:00,2025-10-06 11:04:38.381928,ontime,10.21,0,0,4.53,20.77,341.63969879999996,6,360,0,0,C0434,parcel,2025-10-06 03:35:00,west,riverside,medium,94.04,app,0,62,east,consumer,2024-04-08 13:31:00,45.0,46.0,web,active,north,fulltime,7,80.1,3.92,morning,1,ev,east,2025-03-22 01:17:00,85.1,63717,active,v2.1,0,West Gate,west,dispatch,69
DL00715,O00621,D148,V098,H02,2025-05-15 19:44:00,2025-05-16 16:03:00.808189,delayed,37.21,2,0,4.05,18.77,1219.0134698166667,12,720,1,0,C0026,parcel,2025-05-15 19:01:00,airport,airport,medium,103.8,app,0,34,north,enterprise,2024-09-11 05:44:00,70.6,74.8,phone,active,central,parttime,10,53.1,4.4,flexible,1,diesel,west,2025-12-29 15:01:00,69.7,73011,active,v2.1,1,South Link,south,dispatch,78
DL00716,O00221,D158,V074,H08,2024-10-06 05:06:00,2024-10-06 15:10:08.357355,ontime,3.43,1,0,3.66,8.24,604.13928925,12,720,0,0,C0298,parcel,2024-10-06 02:32:00,south,airport,medium,16.07,phone,0,63,north,consumer,2024-03-07 12:24:00,66.9,88.6,app,dormant,central,fulltime,5,81.4,4.45,morning,1,cargovan,east,2025-06-05 03:01:00,62.4,18034,active,v2.1,1,Midtown Relay,central,charging,63
DL00717,O00530,D106,V016,H01,2024-03-31 08:10:00,2024-03-31 16:23:04.187319,delayed,28.07,3,0,4.26,17.52,493.06978865,4,240,1,0,C0618,medical,2024-03-31 06:08:00,airport,north,low,45.66,app,1,64,airport,consumer,2024-09-01 12:58:00,68.4,72.1,phone,active,central,contract,12,71.9,3.66,morning,1,ev,west,2024-10-13 19:38:00,63.5,84395,active,v2.1,1,North Exchange,north,dispatch,82
DL00718,O00945,D067,V081,H01,2025-11-10 15:32:00,2025-11-11 06:12:24.070590,delayed,9.2,0,0,2.3,15.84,880.4011765,6,360,1,0,C0567,retail,2025-11-10 12:53:00,north,north,medium,155.97,app,0,74,east,consumer,2024-02-18 04:31:00,79.7,64.9,app,active,west,fulltime,11,77.0,4.84,morning,1,ev,west,2024-12-28 08:10:00,86.6,165481,active,v2.2,0,North Exchange,north,dispatch,82
DL00719,O00138,D124,V020,H08,2025-10-02 07:02:00,2025-10-02 12:15:45.818877,delayed,16.1,1,0,3.88,18.38,313.76364795,2,120,1,0,C0149,business,2025-10-02 04:25:00,south,airport,medium,99.38,phone,0,63,north,consumer,2025-09-19 16:38:00,58.7,100.0,app,active,north,fulltime,4,70.6,3.78,night,1,hybrid,riverside,2024-10-26 11:25:00,82.3,187051,scheduled,v2.1,0,Midtown Relay,central,charging,63
DL00720,O01179,D097,V102,H06,2025-10-13 21:10:00,2025-10-14 08:32:17.261543,delayed,9.37,1,0,3.0,9.84,682.2876923833334,6,360,1,0,C0207,passenger,2025-10-13 18:48:00,riverside,central,high,64.87,app,0,54,central,consumer,2025-05-21 17:53:00,65.7,72.4,app,active,west,fulltime,2,79.1,4.48,flexible,1,ev,west,2024-10-24 12:35:00,77.0,198326,active,v2.0,0,Airport Hub,airport,dispatch,71
DL00721,O00742,D086,V017,H04,2025-08-27 17:58:00,2025-08-28 08:37:04.718105,delayed,29.21,1,0,3.51,23.07,879.0786350833333,12,720,1,0,C0017,passenger,2025-08-27 17:38:00,airport,west,critical,45.26,app,0,30,south,sme,2025-11-29 05:06:00,72.1,55.4,app,active,north,parttime,14,70.6,5.0,flexible,1,hybrid,riverside,2024-04-23 12:54:00,82.4,169703,inrepair,v2.2,1,West Gate,west,dispatch,69
DL00722,O00289,D097,V083,H04,2024-08-24 02:33:00,2024-08-25 00:27:20.637871,ontime,16.76,0,0,4.24,19.9,1314.3439645166666,24,1440,0,0,C0574,parcel,2024-08-23 23:39:00,north,east,high,20.53,app,0,54,south,sme,2025-08-26 04:13:00,76.4,57.9,app,active,west,fulltime,2,79.1,4.48,flexible,1,cargovan,north,2024-04-11 18:04:00,79.3,42073,active,v2.2,0,West Gate,west,dispatch,69
DL00723,O00477,D050,V108,H03,2025-10-29 14:40:00,2025-10-30 01:19:52.481280,delayed,6.67,2,1,3.25,17.41,639.874688,2,120,1,0,C0441,passenger,2025-10-29 11:59:00,west,central,medium,189.25,phone,0,42,south,consumer,2024-10-13 18:17:00,66.3,66.0,phone,active,north,fulltime,6,87.4,3.9,evening,1,diesel,airport,2025-01-31 06:29:00,54.6,141290,inrepair,v1.9,1,East Dock,east,warehouse,74
DL00724,O00024,D003,V042,H01,2024-10-10 07:43:00,2024-10-10 10:21:10.389885,ontime,17.9,0,0,4.76,14.39,158.17316475,6,360,0,0,C0397,passenger,2024-10-10 05:01:00,south,riverside,high,132.2,app,1,33,west,consumer,2024-01-03 02:17:00,51.3,34.6,web,suspended,airport,fulltime,11,96.5,5.0,evening,1,ev,east,2025-06-21 07:06:00,80.5,215870,inrepair,v1.9,1,North Exchange,north,dispatch,82
DL00725,O01115,D140,V094,H06,2025-11-29 00:00:00,2025-11-29 16:20:27.980617,failed,13.65,1,0,2.1,12.34,980.4663436166667,1,60,1,1,C0492,business,2025-11-28 22:50:00,west,ctr,medium,63.15,web,0,22,west,consumer,2024-06-24 04:22:00,60.0,65.6,phone,active,north,fulltime,7,80.1,3.92,morning,1,cargovan,central,2025-05-22 02:15:00,65.9,159262,scheduled,v1.9,1,Airport Hub,airport,dispatch,71
DL00726,O00085,D045,V023,H03,2024-03-02 09:54:00,2024-03-02 12:02:36.698020,ontime,14.37,0,0,5.0,2.5,128.61163366666668,4,240,0,0,C0505,passenger,2024-03-02 08:19:00,north,riverside,low,23.13,app,0,36,north,consumer,2024-08-11 01:25:00,51.9,100.0,phone,active,north,fulltime,2,59.6,4.12,flexible,1,hybrid,east,2024-01-07 23:54:00,70.7,188387,active,v2.1,0,East Dock,east,warehouse,74
DL00727,O00520,D164,V080,H08,2024-07-07 13:40:00,2024-07-07 21:11:10.422460,delayed,5.25,0,0,3.43,3.23,451.1737076666667,2,120,1,0,C0539,passenger,2024-07-07 13:21:00,central,airport,low,36.42,app,0,21,south,consumer,2025-09-20 08:57:00,49.0,45.8,web,dormant,central,fulltime,5,76.1,4.07,flexible,1,ev,east,2024-05-27 22:15:00,100.0,68844,active,v1.9,0,Midtown Relay,central,charging,63
DL00728,O00951,D128,V093,H01,2024-04-30 16:16:00,2024-05-01 02:12:49.323509,delayed,11.96,0,1,4.54,8.65,596.8220584833333,6,360,1,0,C0199,passenger,2024-04-30 15:30:00,east,airport,low,208.66,phone,0,64,central,consumer,2025-05-27 21:11:00,73.4,28.6,phone,active,central,contract,13,84.7,3.32,morning,1,cargovan,central,2025-03-04 19:16:00,69.2,119136,scheduled,v2.0,1,North Exchange,north,dispatch,82
DL00729,O00638,D004,V060,H04,2025-05-26 13:22:00,2025-05-26 17:18:46.459421,ontime,5.33,1,0,4.2,9.65,236.77432368333334,6,360,0,0,C0257,passenger,2025-05-26 10:56:00,west,west,medium,54.63,app,0,34,west,consumer,2025-04-30 08:51:00,55.0,93.1,app,active,airport,parttime,13,88.9,4.75,morning,1,cargovan,ctr,2025-09-09 03:22:00,80.2,65113,inrepair,v2.0,1,West Gate,west,dispatch,69
DL00730,O00191,D170,V025,H05,2025-04-02 03:32:00,2025-04-02 14:46:58.691974,ontime,8.68,1,0,4.06,5.48,674.9781995666667,12,720,0,0,C0641,parcel,2025-04-02 00:53:00,central,north,medium,151.09,phone,1,46,central,consumer,2025-10-08 20:18:00,79.7,40.3,app,active,west,fulltime,14,75.2,4.48,morning,1,diesel,airport,2024-11-03 05:34:00,42.0,52074,active,v2.1,1,Central Core,central,control,88
DL00731,O00386,D158,V042,H05,2024-12-16 21:08:00,2024-12-17 15:02:20.510372,failed,18.68,3,1,3.05,12.76,1074.3418395333333,6,360,1,1,C0250,medical,2024-12-16 18:34:00,central,ctr,medium,95.67,web,0,58,west,sme,2024-02-21 20:01:00,59.6,63.6,app,suspended,central,fulltime,5,81.4,4.45,morning,1,ev,east,2025-06-21 07:06:00,80.5,215870,inrepair,v1.9,1,Central Core,central,control,88
DL00732,O00748,D024,V076,H01,2025-07-23 06:45:00,2025-07-24 15:06:33.826133,failed,11.16,1,0,3.55,15.34,1941.5637688833333,24,1440,1,1,C0412,parcel,2025-07-23 06:18:00,west,south,low,41.63,api,0,70,airport,consumer,2025-09-12 10:23:00,70.3,29.9,app,active,riverside,parttime,8,71.4,3.35,evening,1,diesel,central,2025-06-19 15:52:00,65.8,106063,inrepair,v1.9,1,North Exchange,north,dispatch,82
DL00733,O00252,D009,V114,H03,2024-03-10 16:48:00,2024-03-10 18:13:36.725392,ontime,21.06,0,0,3.48,18.64,85.61208986666666,1,60,1,0,C0232,parcel,2024-03-10 15:20:00,east,north,low,66.88,phone,0,45,south,sme,2025-02-07 00:19:00,27.7,70.8,app,active,airport,fulltime,15,63.4,3.8,night,1,hybrid,north,2024-10-03 17:53:00,90.0,84649,active,v2.2,0,East Dock,east,warehouse,74
DL00734,O00317,D106,V089,H02,2025-01-19 23:25:00,2025-01-20 05:14:31.689455,ontime,12.54,0,0,3.99,12.79,349.5281575833333,6,360,0,0,C0094,passenger,2025-01-19 21:40:00,riverside,west,high,236.09,app,1,22,riverside,consumer,2025-05-29 10:40:00,58.0,61.6,phone,active,central,contract,12,71.9,3.66,morning,1,cargovan,central,2025-09-27 07:15:00,93.6,136082,inrepair,v1.9,1,South Link,south,dispatch,78
DL00736,O00732,D123,V100,H02,2025-06-05 11:32:00,2025-06-06 04:00:13.299805,failed,13.5,0,0,2.19,13.81,988.2216634166667,4,240,1,1,C0579,passenger,2025-06-05 08:38:00,east,central,medium,165.97,phone,0,61,central,consumer,2024-03-06 20:09:00,82.4,85.3,app,active,riverside,fulltime,3,93.5,4.12,flexible,1,cargovan,east,2024-06-23 11:24:00,60.1,31876,active,v2.0,1,South Link,south,dispatch,78
DL00737,O00247,D146,V015,H01,2024-07-13 21:14:00,2024-07-13 23:35:31.680653,ontime,15.68,1,0,4.03,10.54,141.52801088333334,4,240,0,0,C0613,parcel,2024-07-13 18:59:00,east,south,high,124.3,app,0,40,north,consumer,2025-06-03 00:10:00,45.5,60.7,app,suspended,airport,contract,1,,4.36,morning,1,cargovan,airport,2024-06-02 13:54:00,78.2,67614,inrepair,v1.9,1,North Exchange,north,dispatch,82
DL00738,O01163,D071,V022,H06,2024-09-10 01:38:00,2024-09-10 14:25:27.358815,delayed,7.16,0,0,3.63,8.91,767.45598025,4,240,1,0,C0399,parcel,2024-09-10 00:16:00,north,east,low,13.49,app,1,61,east,sme,2024-05-06 17:48:00,93.0,54.8,phone,active,central,parttime,12,56.7,4.49,evening,1,hybrid,south,2025-01-28 20:20:00,89.6,44499,scheduled,v2.1,0,Airport Hub,airport,dispatch,71
DL00739,O00644,D087,V078,H08,2025-11-03 10:33:00,2025-11-04 00:52:43.389587,delayed,7.6,1,0,3.28,15.7,859.7231597833332,6,360,1,0,C0084,business,2025-11-03 08:47:00,east,airport,high,6.28,app,0,33,airport,consumer,2024-12-16 23:16:00,55.8,61.9,web,active,north,contract,13,73.3,4.43,night,1,cargovan,north,2024-03-04 20:00:00,78.4,153638,active,v2.1,0,Midtown Relay,central,charging,63
DL00740,O00889,D029,V021,H02,2024-02-24 23:01:00,2024-02-25 01:20:53.758444,ontime,15.64,0,0,3.98,11.85,139.89597406666664,4,240,0,0,C0322,retail,2024-02-24 20:42:00,west,west,critical,40.25,app,0,77,ctr,consumer,2025-05-24 17:14:00,79.2,60.9,app,active,east,contract,2,70.2,3.84,flexible,1,diesel,central,2025-06-22 17:38:00,83.0,71294,active,v2.2,0,South Link,south,dispatch,78
DL00741,O00689,D113,V091,H01,2025-09-29 16:16:00,2025-09-29 22:27:15.676429,delayed,15.66,1,0,1.65,8.71,371.26127381666663,4,240,1,0,C0349,passenger,2025-09-29 14:32:00,riverside,riverside,medium,6.04,app,1,24,west,enterprise,2025-12-18 20:54:00,34.7,43.9,phone,active,airport,parttime,8,70.5,4.47,evening,1,hybrid,east,2025-08-24 05:20:00,58.5,172956,active,v1.9,1,North Exchange,north,dispatch,82
DL00742,O00326,D056,V033,H06,2024-11-03 10:06:00,2024-11-04 02:59:58.168600,delayed,13.55,0,1,2.51,15.1,1013.9694766666667,12,720,1,0,C0178,passenger,2024-11-03 09:05:00,west,west,medium,242.48,web,0,45,east,consumer,2024-07-04 08:48:00,58.0,16.1,phone,active,west,fulltime,12,74.6,4.45,evening,1,ev,airport,2024-09-19 18:57:00,78.6,55241,inrepair,v2.2,1,Airport Hub,airport,dispatch,71
DL00743,O00171,D158,V083,H03,2025-05-01 03:28:00,2025-05-01 03:30:56.577270,ontime,33.77,0,0,5.0,13.64,2.9429545,1,60,0,0,C0447,parcel,2025-05-01 02:08:00,airport,airport,critical,63.41,app,0,42,north,consumer,2024-03-07 12:16:00,28.5,43.4,app,active,central,fulltime,5,81.4,4.45,morning,1,cargovan,north,2024-04-11 18:04:00,79.3,42073,active,v2.2,0,East Dock,east,warehouse,74
DL00744,O00899,D052,V062,H06,2025-02-04 09:43:00,2025-02-04 23:30:54.825818,delayed,25.36,5,0,1.64,13.11,827.9137636333332,6,360,1,0,C0440,passenger,2025-02-04 07:21:00,airport,riverside,critical,184.27,web,0,48,east,consumer,2024-05-04 09:18:00,63.8,100.0,app,active,riverside,fulltime,8,71.7,3.39,morning,1,hybrid,north,2024-02-13 22:26:00,89.9,113343,active,v2.0,0,Airport Hub,airport,dispatch,71
DL00745,O00333,D092,V072,H07,2025-03-25 06:36:00,2025-03-25 23:16:54.876514,failed,11.35,0,0,4.29,13.37,1000.9146085666667,6,360,1,1,C0123,medical,2025-03-25 05:27:00,east,central,medium,71.97,app,0,56,south,sme,2025-07-15 17:08:00,76.8,40.6,app,active,east,fulltime,15,88.2,4.24,evening,1,cargovan,airport,2025-02-24 19:07:00,78.1,89109,inrepair,v2.1,1,Riverside Hub,riverside,warehouse,66
DL00746,O00431,D002,V097,H02,2025-03-29 13:29:00,2025-03-29 17:02:43.497442,ontime,14.4,1,0,3.32,11.96,213.72495736666667,4,240,0,0,C0425,retail,2025-03-29 12:23:00,south,riverside,medium,24.45,app,0,55,riverside,consumer,2024-12-01 10:29:00,66.3,76.1,app,dormant,central,fulltime,4,42.4,3.94,evening,1,ev,ctr,2024-11-12 12:56:00,92.1,18680,active,v2.1,0,South Link,south,dispatch,78
DL00747,O00482,D008,V085,H08,2025-11-10 04:00:00,2025-11-10 08:22:40.558319,ontime,15.25,1,0,4.27,12.88,262.67597198333334,6,360,0,0,C0268,retail,2025-11-10 01:46:00,east,west,medium,114.62,phone,0,65,east,enterprise,2025-08-04 04:00:00,64.3,26.8,app,active,south,fulltime,9,84.1,3.88,morning,1,cargovan,south,2025-09-30 12:01:00,87.3,145652,active,v2.1,0,Midtown Relay,central,charging,63
DL00748,O00741,D156,V119,H04,2025-05-30 02:47:00,2025-05-30 16:13:17.676946,delayed,32.739999999999995,1,0,4.04,16.92,806.2946157666667,6,360,1,0,C0552,retail,2025-05-30 01:28:00,airport,north,low,72.44,app,1,41,north,consumer,2024-04-17 08:34:00,62.4,68.2,app,active,south,fulltime,14,84.5,3.62,evening,1,ev,riverside,2025-08-17 06:19:00,67.6,215407,inrepair,v2.1,1,West Gate,west,dispatch,69
DL00749,O01036,D026,V013,H06,2024-02-28 20:38:00,2024-02-28 23:29:47.067192,ontime,13.64,1,0,4.27,10.07,171.7844532,4,240,0,0,C0647,medical,2024-02-28 19:43:00,central,north,low,66.82,app,1,42,east,consumer,2024-10-16 01:45:00,59.6,76.1,app,active,north,parttime,4,84.9,3.15,night,0,cargovan,west,2025-07-17 18:07:00,68.3,153106,scheduled,v2.0,1,Airport Hub,airport,dispatch,71
DL00750,O00976,D156,V109,H08,2024-02-02 19:55:00,2024-02-03 23:06:56.973662,delayed,13.29,0,0,2.64,10.65,1631.9495610333333,24,1440,1,0,C0078,medical,2024-02-02 17:41:00,central,east,high,40.78,phone,0,40,east,consumer,2024-06-01 20:16:00,35.2,24.6,phone,active,south,fulltime,14,84.5,3.62,evening,1,hybrid,airport,2024-10-17 11:15:00,60.6,193552,inrepair,v2.1,1,Midtown Relay,central,charging,63
DL00751,O00234,D136,V073,H01,2025-02-19 12:33:00,2025-02-19 17:19:04.396738,ontime,13.68,0,0,5.0,8.76,286.07327896666663,6,360,0,0,C0145,parcel,2025-02-19 10:03:00,south,riverside,low,42.01,web,0,34,airport,consumer,2024-09-11 06:17:00,99.0,30.6,unknown,active,airport,fulltime,4,89.5,3.99,evening,1,hybrid,airport,2024-05-28 05:33:00,,191353,active,v2.1,0,North Exchange,north,dispatch,82
DL00753,O01139,D163,V101,H04,2024-03-05 15:46:00,2024-03-05 23:19:36.199347,ontime,17.13,1,0,4.6,16.29,453.60332245,6,360,1,0,C0474,medical,2024-03-05 14:43:00,east,east,medium,87.44,app,0,40,central,consumer,2025-06-30 02:41:00,65.5,72.0,app,active,riverside,fulltime,11,78.2,4.5,morning,0,hybrid,north,2024-07-10 00:56:00,84.8,106932,inrepair,v2.1,1,West Gate,west,dispatch,69
DL00755,O01073,D084,V024,H08,2024-01-05 05:34:00,2024-01-05 21:45:54.509466,delayed,21.74,1,0,2.22,13.13,971.9084911000001,6,360,1,0,C0047,passenger,2024-01-05 05:05:00,central,airport,medium,34.23,app,0,25,east,consumer,2025-05-20 01:13:00,81.3,26.5,app,active,central,parttime,2,47.2,3.99,evening,1,ev,east,2025-05-26 12:28:00,74.9,56967,active,v2.1,0,Midtown Relay,central,charging,63
DL00757,O00074,D135,V002,H06,2025-10-18 14:03:00,2025-10-18 21:07:10.495229,delayed,12.69,1,1,5.0,6.5,424.1749204833333,6,360,1,0,C0644,parcel,2025-10-18 11:44:00,riverside,riverside,critical,20.6,app,0,46,riverside,consumer,2024-10-28 10:21:00,51.1,64.4,app,active,riverside,parttime,2,70.3,4.4,flexible,1,ev,airport,2024-04-21 16:14:00,67.9,159368,inrepair,v2.2,1,Airport Hub,airport,dispatch,71
DL00758,O01126,D085,V043,H07,2025-05-02 17:34:00,2025-05-03 09:21:46.227061,delayed,21.98,4,0,2.72,17.1,947.7704510166666,4,240,1,0,C0587,parcel,2025-05-02 16:19:00,south,central,medium,15.01,web,0,28,south,consumer,2024-01-01 01:03:00,55.7,82.8,app,active,north,parttime,9,84.5,4.11,evening,0,ev,south,2025-02-23 11:32:00,76.4,149922,scheduled,v2.0,0,Riverside Hub,riverside,warehouse,66
DL00759,O01240,D012,V120,H08,2025-10-08 15:19:00,2025-10-08 18:32:38.817145,ontime,6.57,0,0,4.47,11.36,193.6469524166667,2,120,1,0,C0649,passenger,2025-10-08 14:51:00,east,east,high,178.86,phone,0,75,central,enterprise,2025-09-08 16:30:00,42.1,34.4,app,active,south,fulltime,10,95.1,4.48,night,1,ev,central,2025-05-02 16:13:00,73.6,192246,active,v2.0,0,Midtown Relay,central,charging,63
DL00760,O00226,D081,V030,H04,2024-07-23 14:20:00,2024-07-24 15:40:22.678171,ontime,12.22,0,0,4.2,14.58,1520.3779695166668,24,1440,1,0,C0292,parcel,2024-07-23 13:40:00,east,north,medium,63.79,app,0,24,south,consumer,2025-03-02 11:24:00,73.2,57.9,app,active,riverside,parttime,1,82.0,4.78,flexible,1,cargovan,north,2025-09-14 07:20:00,78.0,134360,active,v2.1,0,West Gate,west,dispatch,69
DL00761,O00810,D134,V088,H04,2024-04-16 04:12:00,2024-04-16 15:34:08.978231,ontime,1.2,1,0,3.48,3.76,682.1496371833333,12,720,0,0,C0408,parcel,2024-04-16 03:37:00,north,south,high,129.12,app,0,44,airport,consumer,2025-10-02 12:02:00,52.2,51.0,web,active,south,parttime,4,61.5,3.59,flexible,1,diesel,north,2024-02-14 14:03:00,80.3,50427,inrepair,v2.1,1,West Gate,west,dispatch,69
DL00762,O00864,D133,V002,H03,2024-08-04 01:29:00,2024-08-04 04:51:39.011458,ontime,34.77,1,0,3.95,18.48,202.65019096666668,4,240,0,0,C0246,business,2024-08-03 23:48:00,airport,central,low,45.78,phone,0,32,central,consumer,2025-10-20 07:05:00,63.8,60.6,phone,active,south,contract,12,88.2,3.99,flexible,1,ev,airport,2024-04-21 16:14:00,67.9,159368,inrepair,v2.2,1,East Dock,east,warehouse,74
DL00763,O00837,D110,V059,H02,2024-04-18 19:06:00,2024-04-20 06:31:48.519667,failed,16.1,0,1,3.96,13.38,2125.808661116667,24,1440,1,1,C0578,parcel,2024-04-18 16:50:00,east,west,low,35.47,app,0,63,ctr,sme,2024-06-01 14:06:00,74.1,46.0,app,active,riverside,contract,7,40.6,4.1,morning,1,hybrid,airport,2024-03-02 20:36:00,85.2,188332,inrepair,v2.1,1,South Link,south,dispatch,78
DL00764,O01187,D049,V004,H07,2025-11-17 02:29:00,2025-11-17 10:47:40.202073,delayed,14.53,0,0,2.42,10.58,498.67003455,1,60,1,0,C0451,medical,2025-11-17 01:22:00,north,airport,low,53.13,app,0,56,east,consumer,2024-02-07 03:00:00,17.0,57.1,web,active,central,contract,14,41.4,4.0,morning,1,hybrid,riverside,2024-06-07 13:21:00,,36310,active,v2.2,0,Riverside Hub,riverside,warehouse,66
DL00765,O00043,D126,V023,H06,2024-01-01 06:03:00,2024-01-01 15:35:48.325916,ontime,16.23,1,0,4.81,15.76,572.8054319333334,12,720,0,0,C0416,retail,2024-01-01 03:53:00,east,riverside,medium,48.59,api,0,34,south,consumer,2024-10-09 09:00:00,66.0,16.7,web,active,east,parttime,9,69.7,4.1,evening,1,hybrid,east,2024-01-07 23:54:00,70.7,188387,active,v2.1,0,Airport Hub,airport,dispatch,71
DL00766,O00371,D082,V088,H07,2025-01-27 04:54:00,2025-01-27 12:48:47.192242,failed,10.55,0,0,2.58,13.84,474.78653736666666,4,240,1,1,C0530,business,2025-01-27 04:24:00,north,north,medium,73.83,web,1,28,west,sme,2025-05-31 12:41:00,55.9,35.1,partner api,active,west,parttime,14,74.1,4.63,evening,1,diesel,north,2024-02-14 14:03:00,80.3,50427,inrepair,v2.1,1,Riverside Hub,riverside,warehouse,66
DL00767,O00948,D096,V099,H02,2025-05-14 05:19:00,2025-05-14 14:53:57.043442,delayed,5.39,2,0,3.98,3.62,574.9507240333334,6,360,1,0,C0626,business,2025-05-14 03:07:00,north,west,low,60.77,app,0,45,south,consumer,2025-08-01 05:09:00,61.6,6.0,phone,active,ctr,fulltime,4,56.4,4.03,morning,1,hybrid,south,2024-09-06 02:11:00,65.8,92896,active,v2.0,1,South Link,south,dispatch,78
DL00768,O00800,D086,V043,H04,2024-01-29 02:36:00,2024-01-29 18:44:35.264297,delayed,14.84,0,0,1.74,20.01,968.5877382833334,6,360,1,0,C0032,medical,2024-01-29 00:52:00,south,north,medium,102.47,phone,0,69,west,consumer,2024-06-17 10:09:00,85.0,40.5,phone,dormant,north,parttime,14,70.6,5.0,flexible,1,ev,south,2025-02-23 11:32:00,76.4,149922,scheduled,v2.0,0,West Gate,west,dispatch,69
DL00770,O00217,D091,V077,H08,2024-01-22 08:17:00,2024-01-23 05:25:22.078025,ontime,29.87,1,0,4.21,17.68,1268.3679670833333,24,1440,0,0,C0331,retail,2024-01-22 07:29:00,airport,airport,medium,40.42,phone,1,58,riverside,consumer,2025-02-26 12:26:00,52.0,34.8,app,active,riverside,fulltime,12,68.0,4.46,night,1,ev,south,2025-04-23 19:27:00,67.6,116877,scheduled,v2.1,1,Midtown Relay,central,charging,63
DL00771,O00257,D003,V116,H01,2024-08-11 03:42:00,2024-08-11 07:16:26.127371,ontime,11.52,2,0,4.78,14.84,214.43545618333334,6,360,0,0,C0128,passenger,2024-08-11 01:25:00,south,north,critical,87.95,phone,1,34,airport,sme,2024-09-14 06:18:00,47.3,72.7,app,active,airport,fulltime,11,96.5,5.0,evening,1,diesel,east,2025-04-23 07:10:00,62.7,71822,active,v2.1,1,North Exchange,north,dispatch,82
DL00772,O01108,D135,V058,H07,2024-10-24 07:22:00,2024-10-24 12:22:16.408717,ontime,15.77,0,0,4.48,12.1,300.27347861666664,4,240,1,0,C0235,parcel,2024-10-24 06:40:00,north,central,critical,164.37,web,0,35,airport,enterprise,2024-06-07 21:57:00,43.7,60.0,phone,active,riverside,parttime,2,70.3,4.4,flexible,1,hybrid,central,2024-07-11 13:11:00,74.1,15138,active,v2.0,0,Riverside Hub,riverside,warehouse,66
DL00773,O00080,D101,V050,H03,2025-11-13 05:00:00,2025-11-13 09:21:31.940911,ontime,19.65,0,0,3.41,11.72,261.5323485166667,4,240,1,0,C0082,parcel,2025-11-13 04:38:00,south,south,medium,135.71,app,0,49,east,consumer,2025-05-10 09:05:00,72.8,92.8,web,active,west,fulltime,8,75.6,4.48,morning,1,ev,riverside,2024-04-04 05:23:00,96.5,114188,active,v2.1,0,East Dock,east,warehouse,74
DL00774,O01180,D049,V032,H02,2024-09-07 21:42:00,2024-09-08 11:19:33.834567,delayed,26.83,1,0,4.21,12.3,817.56390945,2,120,1,0,C0197,passenger,2024-09-07 20:51:00,airport,central,high,109.31,web,1,29,riverside,consumer,2024-11-08 16:48:00,58.4,62.0,app,active,central,contract,14,41.4,4.0,morning,1,cargovan,north,2024-01-11 00:03:00,74.1,102207,active,v1.9,0,South Link,south,dispatch,78
DL00775,O00153,D109,V040,H05,2025-02-09 09:08:00,2025-02-10 21:51:56.051970,delayed,3.69,0,1,2.36,14.94,2203.9341995,24,1440,1,0,C0378,parcel,2025-02-09 08:07:00,north,airport,low,33.01,web,0,38,riverside,consumer,2024-07-17 07:29:00,26.2,77.3,app,active,central,contract,14,68.1,3.94,morning,1,ev,central,2025-11-23 11:28:00,90.0,133770,active,v2.0,0,Central Core,central,control,88
DL00777,O00316,D064,V088,H05,2025-07-31 14:43:00,2025-07-31 20:19:26.952510,ontime,13.91,0,0,3.58,13.71,336.4492085,6,360,0,0,C0094,medical,2025-07-31 12:26:00,west,west,low,53.63,app,0,22,riverside,consumer,2025-05-29 10:40:00,58.0,61.6,phone,active,south,parttime,14,88.9,4.18,morning,1,diesel,north,2024-02-14 14:03:00,80.3,50427,inrepair,v2.1,1,Central Core,central,control,88
DL00778,O00965,D143,V005,H08,2024-09-28 17:43:00,2024-09-29 14:06:23.080609,failed,18.34,3,0,2.96,12.7,1223.3846768166666,6,360,1,1,C0384,passenger,2024-09-28 14:59:00,east,north,low,76.97,web,0,24,riverside,consumer,2024-05-29 12:03:00,67.4,53.4,web,active,central,fulltime,6,68.5,4.14,night,1,cargovan,west,2025-11-15 11:08:00,58.6,146638,active,v2.2,1,Midtown Relay,central,charging,63
DL00779,O01146,D127,V048,H08,2025-11-17 05:21:00,2025-11-17 11:08:16.099967,ontime,6.04,1,0,4.27,15.07,347.2683327833333,6,360,0,0,C0118,business,2025-11-17 04:33:00,south,east,high,61.63,phone,0,20,south,consumer,2024-06-23 04:01:00,79.1,31.1,app,active,central,fulltime,10,61.5,4.19,morning,1,diesel,central,2025-10-01 18:21:00,76.1,87659,active,v2.1,0,Midtown Relay,central,charging,63
DL00780,O01202,D155,V040,H01,2024-11-14 16:31:00,2024-11-14 23:40:12.695034,ontime,12.72,0,0,3.64,15.59,429.2115839,6,360,1,0,C0459,retail,2024-11-14 15:24:00,east,north,medium,65.73,phone,0,20,west,consumer,2024-09-23 21:00:00,56.1,62.6,app,dormant,central,parttime,6,69.5,3.98,morning,1,ev,central,2025-11-23 11:28:00,90.0,133770,active,v2.0,0,North Exchange,north,dispatch,82
DL00781,O00871,D082,V092,H02,2025-12-24 06:28:00,2025-12-25 04:08:15.868710,failed,11.59,0,0,4.6,17.88,1300.2644785,6,360,1,1,C0298,parcel,2025-12-24 04:16:00,riverside,north,high,46.35,phone,0,63,north,consumer,2024-03-07 12:24:00,66.9,88.6,app,dormant,west,parttime,14,74.1,4.63,evening,1,hybrid,east,2024-01-07 14:19:00,80.5,36143,inrepair,v2.1,1,South Link,south,dispatch,78
DL00782,O00602,D019,V030,H07,2025-12-11 11:15:00,2025-12-12 05:39:43.350189,delayed,16.3,0,0,3.47,13.54,1104.72250315,6,360,1,0,C0257,passenger,2025-12-11 09:57:00,ctr,airport,medium,127.09,web,0,34,west,consumer,2025-04-30 08:51:00,55.0,93.1,app,active,riverside,fulltime,11,73.4,3.82,flexible,0,cargovan,north,2025-09-14 07:20:00,78.0,134360,active,v2.1,0,Riverside Hub,riverside,warehouse,66
DL00783,O00380,D099,V015,H07,2025-02-20 00:44:00,2025-02-20 20:49:44.816047,failed,8.95,2,1,1.67,16.86,1205.7469341166666,6,360,1,1,C0057,passenger,2025-02-19 22:35:00,north,north,low,95.96,app,0,29,north,consumer,2024-06-03 07:42:00,68.2,37.1,web,active,north,contract,10,82.7,3.48,night,1,cargovan,airport,2024-06-02 13:54:00,78.2,67614,inrepair,v1.9,1,Riverside Hub,riverside,warehouse,66
DL00784,O00073,D095,V039,H05,2025-03-31 05:10:00,2025-04-01 01:01:35.158033,delayed,5.24,0,1,2.29,13.26,1191.5859672166666,4,240,1,0,C0331,passenger,2025-03-31 04:59:00,ctr,south,high,30.82,app,0,58,riverside,consumer,2025-02-26 12:26:00,52.0,34.8,app,active,west,fulltime,12,99.0,3.15,night,1,ev,east,2025-01-01 01:38:00,69.5,37024,inrepair,v1.9,1,Central Core,central,control,88
DL00785,O00726,D099,V031,H01,2024-02-05 00:29:00,2024-02-05 02:55:03.780804,ontime,18.6,1,0,4.22,17.03,146.0630134,4,240,0,0,C0284,retail,2024-02-04 23:52:00,airport,airport,medium,59.57,web,0,39,north,consumer,2024-05-15 19:52:00,79.6,65.4,app,active,north,contract,10,82.7,3.48,night,1,ev,east,2024-07-28 13:57:00,89.3,193526,active,v1.9,0,North Exchange,north,dispatch,82
DL00786,O00232,D083,V088,H06,2025-06-05 22:06:00,2025-06-06 00:04:10.671933,ontime,15.42,0,0,5.0,14.69,118.17786554999999,6,360,0,0,C0533,retail,2025-06-05 20:15:00,riverside,central,medium,122.94,api,1,35,south,consumer,2025-12-10 03:12:00,46.9,65.4,app,active,north,fulltime,12,80.8,4.16,flexible,1,diesel,north,2024-02-14 14:03:00,80.3,50427,inrepair,v2.1,1,Airport Hub,airport,dispatch,71
DL00787,O00102,D159,V071,H06,2024-05-22 00:18:00,2024-05-22 00:52:19.834138,ontime,11.22,3,0,4.01,9.72,34.33056896666667,2,120,0,0,C0253,passenger,2024-05-21 23:01:00,central,north,high,146.42,app,0,48,west,consumer,2024-01-04 14:51:00,49.4,38.5,app,active,airport,fulltime,11,68.6,4.18,morning,1,ev,west,2024-05-27 18:12:00,73.8,195310,scheduled,v1.9,0,Airport Hub,airport,dispatch,71
DL00788,O00927,D108,V058,H05,2025-05-07 05:03:00,2025-05-08 00:15:39.140252,failed,10.39,0,0,4.32,19.57,1152.6523375333334,6,360,1,1,C0533,medical,2025-05-07 03:53:00,north,west,medium,76.32,app,0,35,south,consumer,2025-12-10 03:12:00,46.9,65.4,app,active,south,fulltime,10,70.6,4.33,morning,1,hybrid,central,2024-07-11 13:11:00,74.1,15138,active,v2.0,0,Central Core,central,control,88
DL00789,O00536,D103,V031,H06,2025-11-03 11:23:00,2025-11-04 12:13:51.444514,failed,15.28,3,1,3.03,11.56,1490.8574085666667,12,720,1,1,C0372,medical,2025-11-03 09:03:00,west,central,low,204.12,web,1,34,west,consumer,2024-02-04 22:21:00,26.2,59.4,phone,active,central,fulltime,15,72.5,4.4,morning,1,ev,east,2024-07-28 13:57:00,89.3,193526,active,v1.9,0,Airport Hub,airport,dispatch,71
DL00790,O00628,D170,V039,H08,2024-10-26 12:51:00,2024-10-27 03:56:55.676864,delayed,12.25,0,1,3.68,5.21,905.9279477333333,12,720,1,0,C0056,passenger,2024-10-26 10:05:00,riverside,north,medium,52.85,app,1,54,north,consumer,2024-06-03 02:11:00,71.1,32.0,app,active,west,fulltime,14,75.2,4.48,morning,1,ev,east,2025-01-01 01:38:00,69.5,37024,inrepair,v1.9,1,Midtown Relay,central,charging,63
DL00791,O01047,D085,V116,H01,2025-11-10 17:11:00,2025-11-10 20:04:01.891025,ontime,21.48,1,0,4.67,22.23,173.03151708333334,4,240,0,0,C0121,parcel,2025-11-10 15:49:00,west,riverside,high,32.59,phone,0,25,south,consumer,2025-09-18 19:30:00,90.9,59.0,phone,active,north,parttime,9,84.5,4.11,evening,0,diesel,east,2025-04-23 07:10:00,62.7,71822,active,v2.1,1,North Exchange,north,dispatch,82
DL00792,O00033,D106,V094,H08,2025-12-30 21:39:00,2025-12-31 14:37:51.118085,failed,14.69,1,0,3.2,16.8,1018.8519680833334,6,360,1,1,C0471,retail,2025-12-30 21:02:00,north,east,low,36.7,phone,1,42,north,consumer,2025-05-10 02:26:00,59.9,28.0,app,dormant,central,contract,12,71.9,3.66,morning,1,cargovan,central,2025-05-22 02:15:00,65.9,159262,scheduled,v1.9,1,Midtown Relay,central,charging,63
DL00793,O00095,D119,V043,H03,2025-05-15 14:55:00,2025-05-16 13:44:08.347336,ontime,17.36,2,0,4.7,14.29,1369.1391222666668,24,1440,0,0,C0378,medical,2025-05-15 13:31:00,south,north,low,103.06,app,0,38,riverside,consumer,2024-07-17 07:29:00,26.2,77.3,app,active,south,fulltime,5,56.0,3.55,flexible,1,ev,south,2025-02-23 11:32:00,76.4,149922,scheduled,v2.0,0,East Dock,east,warehouse,74
DL00794,O00265,D052,V079,H04,2024-05-19 02:54:00,2024-05-19 08:03:52.670590,delayed,12.37,1,0,1.76,17.61,309.8778431666667,4,240,1,0,C0244,parcel,2024-05-19 00:12:00,riverside,south,medium,20.51,app,0,27,airport,consumer,2024-01-17 21:37:00,52.7,54.9,phone,active,riverside,fulltime,8,71.7,3.39,morning,1,ev,airport,2025-12-01 18:20:00,100.0,117995,active,v2.2,0,West Gate,west,dispatch,69
DL00795,O00151,D068,V062,H05,2025-03-02 11:55:00,2025-03-02 16:00:58.681244,ontime,2.99,0,0,4.03,9.67,245.97802073333332,4,240,1,0,C0446,retail,2025-03-02 11:33:00,west,east,medium,179.57,web,0,20,airport,sme,2025-08-15 06:20:00,65.9,37.5,partner api,dormant,central,parttime,10,83.9,3.99,flexible,1,hybrid,north,2024-02-13 22:26:00,89.9,113343,active,v2.0,0,Central Core,central,control,88
DL00796,O00860,D139,V098,H05,2024-04-26 22:58:00,2024-04-26 23:15:49.272884,ontime,19.21,2,0,4.08,14.76,17.82121473333333,2,120,0,0,C0076,medical,2024-04-26 21:44:00,east,south,medium,292.33,app,0,70,west,enterprise,2024-01-27 02:55:00,68.4,50.3,app,active,south,fulltime,10,71.4,4.99,evening,1,diesel,west,2025-12-29 15:01:00,69.7,73011,active,v2.1,1,Central Core,central,control,88
DL00797,O00894,D138,V066,H01,2024-01-15 01:08:00,2024-01-15 04:42:43.941796,delayed,11.19,1,0,3.85,5.56,214.73236326666665,2,120,1,0,C0636,parcel,2024-01-14 22:16:00,east,airport,low,114.94,web,0,60,east,consumer,2025-06-30 21:04:00,76.3,69.1,app,suspended,ctr,parttime,11,69.2,4.61,evening,1,hybrid,north,2024-04-10 18:00:00,77.7,98535,scheduled,v2.2,0,North Exchange,north,dispatch,82
DL00798,O00850,D046,V073,H07,2024-07-31 22:19:00,2024-08-01 02:44:15.525375,ontime,12.93,2,0,4.63,14.15,265.25875625,6,360,0,0,C0601,parcel,2024-07-31 21:27:00,west,east,high,24.48,app,0,34,airport,consumer,2025-03-23 23:58:00,56.7,66.0,phone,active,south,fulltime,5,82.2,4.06,morning,1,hybrid,airport,2024-05-28 05:33:00,,191353,active,v2.1,0,Riverside Hub,riverside,warehouse,66
DL00800,O01147,D001,V008,H02,2024-04-20 00:58:00,2024-04-20 13:46:46.149267,delayed,10.59,1,0,3.41,13.12,768.76915445,2,120,1,0,C0165,retail,2024-04-19 22:04:00,south,south,low,149.49,app,0,39,airport,consumer,2025-02-11 15:10:00,69.5,80.8,app,active,airport,fulltime,8,67.8,3.54,morning,1,ev,riverside,2025-06-14 03:47:00,90.5,49711,active,v2.0,0,South Link,south,dispatch,78
DL00801,O00463,D151,V118,H07,2025-02-20 02:40:00,2025-02-20 04:53:27.043106,ontime,12.81,0,0,3.78,18.21,133.45071843333332,2,120,1,0,C0370,medical,2025-02-20 01:55:00,east,central,low,96.83,app,0,18,east,enterprise,2024-08-21 21:27:00,64.6,35.6,app,active,east,fulltime,2,71.3,4.69,flexible,1,diesel,riverside,2025-02-18 12:40:00,78.0,145165,active,v2.1,0,Riverside Hub,riverside,warehouse,66
DL00802,O00691,D092,V086,H08,2024-11-18 03:56:00,2024-11-18 14:22:24.207063,ontime,11.27,0,0,3.79,9.97,626.4034510500001,12,720,0,0,C0532,retail,2024-11-18 01:09:00,north,east,high,231.13,app,0,73,south,consumer,2024-03-08 19:46:00,76.5,51.4,phone,active,east,fulltime,15,88.2,4.24,evening,1,ev,central,2024-02-25 07:56:00,82.8,42307,scheduled,v2.2,0,Midtown Relay,central,charging,63
DL00803,O00368,D080,V093,H05,2024-12-05 00:47:00,2024-12-05 02:50:15.142329,ontime,13.02,3,0,3.98,12.99,123.25237215,4,240,0,0,C0552,business,2024-12-04 22:26:00,central,north,high,89.38,app,1,41,north,consumer,2024-04-17 08:34:00,62.4,68.2,app,active,central,fulltime,11,,4.35,flexible,1,cargovan,central,2025-03-04 19:16:00,69.2,119136,scheduled,v2.0,1,Central Core,central,control,88
DL00804,O00015,D052,V097,H03,2025-11-09 05:43:00,2025-11-09 09:20:46.099682,ontime,9.3,1,0,3.94,9.13,217.76832803333335,6,360,0,0,C0300,business,2025-11-09 03:04:00,south,east,high,145.58,web,0,37,central,consumer,2025-03-14 08:54:00,65.2,36.6,app,active,riverside,fulltime,8,71.7,3.39,morning,1,ev,ctr,2024-11-12 12:56:00,92.1,18680,active,v2.1,0,East Dock,east,warehouse,74
DL00806,O00128,D117,V108,H07,2025-12-28 14:40:00,2025-12-30 04:18:53.684717,delayed,40.11,2,1,2.68,24.27,2258.894745283333,24,1440,1,0,C0611,medical,2025-12-28 13:56:00,airport,airport,medium,136.66,app,0,43,airport,consumer,2024-10-29 20:59:00,37.2,61.2,partner api,active,north,fulltime,1,71.1,3.93,flexible,1,diesel,airport,2025-01-31 06:29:00,54.6,141290,inrepair,v1.9,1,Riverside Hub,riverside,warehouse,66
DL00807,O00089,D103,V061,H05,2025-04-24 20:33:00,2025-04-25 04:18:13.985090,failed,1.2,2,0,2.8,8.46,465.2330848333333,6,360,1,1,C0339,medical,2025-04-24 18:23:00,south,north,high,52.58,web,1,27,south,consumer,2025-02-13 20:28:00,46.6,66.6,app,active,central,fulltime,15,72.5,4.4,morning,1,diesel,south,2025-08-06 20:40:00,60.3,126438,active,v2.2,1,Central Core,central,control,88
DL00808,O00993,D055,V009,H04,2025-06-07 23:43:00,2025-06-08 22:37:54.973798,ontime,10.76,1,0,4.77,9.73,1374.9162299666668,24,1440,0,0,C0440,passenger,2025-06-07 23:31:00,east,north,high,51.85,phone,1,48,east,consumer,2024-05-04 09:18:00,63.8,100.0,app,active,central,fulltime,15,90.5,5.0,flexible,1,cargovan,south,2025-05-01 08:50:00,68.8,156687,active,v2.1,1,West Gate,west,dispatch,69
DL00809,O01071,D043,V051,H05,2025-02-27 00:21:00,2025-02-27 16:48:45.890797,delayed,13.21,1,1,4.41,16.54,987.7648466166667,12,720,1,0,C0055,retail,2025-02-26 23:35:00,south,east,medium,97.8,app,0,34,east,enterprise,2025-11-30 12:14:00,80.3,50.5,app,suspended,north,fulltime,13,80.3,4.6,evening,0,ev,north,2024-11-21 11:04:00,87.8,141107,active,v2.0,0,Central Core,central,control,88
DL00810,O00116,D120,V053,H08,2025-03-09 16:49:00,2025-03-09 19:25:36.988970,ontime,15.23,0,0,5.0,11.22,156.61648283333335,4,240,0,0,C0452,passenger,2025-03-09 15:46:00,north,airport,low,56.59,api,0,70,south,consumer,2025-05-01 07:53:00,61.4,69.4,app,active,north,parttime,3,76.9,3.72,morning,1,cargovan,west,2024-04-23 20:57:00,73.7,122638,scheduled,v2.0,0,Midtown Relay,central,charging,63
DL00812,O01016,D073,V059,H02,2024-06-04 00:55:00,2024-06-04 05:47:54.997877,ontime,23.74,4,0,5.0,11.75,292.91663128333334,6,360,0,0,C0407,retail,2024-06-03 23:17:00,airport,south,high,76.82,,0,47,riverside,consumer,2025-02-24 07:51:00,77.2,68.9,app,active,east,fulltime,11,76.9,4.58,evening,1,hybrid,airport,2024-03-02 20:36:00,85.2,188332,inrepair,v2.1,1,South Link,south,dispatch,78
DL00814,O00471,D123,V060,H04,2025-06-07 15:06:00,2025-06-07 20:22:06.341483,ontime,8.94,0,0,3.81,12.08,316.10569138333335,6,360,0,0,C0346,passenger,2025-06-07 13:43:00,east,airport,medium,69.38,web,0,46,airport,consumer,2024-09-11 03:14:00,62.9,98.5,app,dormant,riverside,fulltime,3,93.5,4.12,flexible,1,cargovan,ctr,2025-09-09 03:22:00,80.2,65113,inrepair,v2.0,1,West Gate,west,dispatch,69
DL00815,O00771,D134,V119,H03,2025-07-27 23:16:00,2025-07-28 07:38:20.534602,delayed,13.86,0,0,2.94,18.01,502.34224336666665,6,360,1,0,C0208,passenger,2025-07-27 22:53:00,east,west,high,32.94,app,0,48,central,enterprise,2025-02-06 16:19:00,74.5,67.0,phone,dormant,south,parttime,4,61.5,3.59,flexible,1,ev,riverside,2025-08-17 06:19:00,67.6,215407,inrepair,v2.1,1,East Dock,east,warehouse,74
DL00817,O00356,D097,V078,H01,2025-05-27 05:41:00,2025-05-27 07:33:29.622512,ontime,10.07,0,0,3.25,17.74,112.49370853333333,4,240,0,0,C0430,medical,2025-05-27 03:33:00,riverside,airport,medium,64.6,app,0,29,east,consumer,2025-05-08 17:34:00,38.3,87.0,web,active,west,fulltime,2,79.1,4.48,flexible,1,cargovan,north,2024-03-04 20:00:00,78.4,153638,active,v2.1,0,North Exchange,north,dispatch,82
DL00818,O01000,D035,V120,H07,2025-11-15 22:28:00,2025-11-16 03:01:40.812667,ontime,35.25,1,0,5.0,23.18,273.6802111166666,6,360,0,0,C0576,retail,2025-11-15 22:01:00,airport,west,medium,59.9,api,1,65,east,sme,2025-05-01 05:08:00,50.2,43.3,app,dormant,ctr,fulltime,5,66.2,3.71,flexible,0,ev,central,2025-05-02 16:13:00,73.6,192246,active,v2.0,0,Riverside Hub,riverside,warehouse,66
DL00819,O00892,D142,V025,H03,2025-10-08 03:49:00,2025-10-08 10:54:14.928868,delayed,32.56,2,0,4.04,17.18,425.24881446666666,2,120,1,0,C0157,passenger,2025-10-08 02:41:00,airport,airport,medium,326.38,web,0,50,central,consumer,2025-03-28 10:04:00,67.9,46.8,app,active,airport,fulltime,12,98.7,4.23,night,1,diesel,airport,2024-11-03 05:34:00,42.0,52074,active,v2.1,1,East Dock,east,warehouse,74
DL00820,O01192,D069,V030,H05,2024-12-13 17:39:00,2024-12-14 01:45:53.860264,delayed,30.97,2,0,3.07,21.48,486.89767106666665,2,120,1,0,C0200,business,2024-12-13 15:50:00,airport,ctr,medium,79.83,web,0,36,central,consumer,2024-10-04 11:51:00,48.8,61.5,phone,active,north,parttime,2,61.5,5.0,evening,0,cargovan,north,2025-09-14 07:20:00,78.0,134360,active,v2.1,0,Central Core,central,control,88
DL00821,O00424,D074,V080,H07,2025-07-11 10:13:00,2025-07-11 21:18:17.587417,ontime,1.9,4,0,3.85,9.03,665.2931236166667,12,720,0,0,C0563,business,2025-07-11 08:58:00,riverside,west,medium,43.18,app,0,51,south,consumer,2024-01-02 23:02:00,99.0,73.9,phone,dormant,central,fulltime,12,79.5,4.61,evening,1,ev,east,2024-05-27 22:15:00,100.0,68844,active,v1.9,0,Riverside Hub,riverside,warehouse,66
DL00822,O00109,D084,V032,H03,2025-10-24 13:25:00,2025-10-24 16:28:58.560868,ontime,6.47,1,0,3.13,12.84,183.97601446666667,4,240,0,0,C0427,medical,2025-10-24 11:20:00,west,east,medium,9.68,app,0,66,north,sme,2025-06-08 06:25:00,57.3,55.6,app,active,central,parttime,2,47.2,3.99,evening,1,cargovan,north,2024-01-11 00:03:00,74.1,102207,active,v1.9,0,East Dock,east,warehouse,74
DL00823,O00655,D104,V114,H08,2025-11-01 16:20:00,2025-11-02 05:35:54.325407,failed,9.55,1,0,1.91,8.94,795.90542345,4,240,1,1,C0590,passenger,2025-11-01 15:31:00,south,east,low,52.51,phone,0,68,airport,sme,2024-02-29 03:00:00,54.3,43.3,app,active,west,fulltime,15,87.7,3.45,morning,1,hybrid,north,2024-10-03 17:53:00,90.0,84649,active,v2.2,0,Midtown Relay,central,charging,63
DL00824,O00369,D036,V080,H02,2024-10-02 13:42:00,2024-10-03 02:44:49.779290,failed,10.19,2,0,4.45,7.81,782.8296548333333,6,360,1,1,C0093,business,2024-10-02 12:27:00,ctr,riverside,medium,70.75,phone,0,48,north,consumer,2024-08-16 17:34:00,41.2,56.3,app,active,airport,parttime,9,79.3,4.69,morning,1,ev,east,2024-05-27 22:15:00,100.0,68844,active,v1.9,0,South Link,south,dispatch,78
DL00825,O01004,D147,V007,H05,2024-09-21 20:08:00,2024-09-22 02:23:36.861233,failed,11.9,0,0,2.26,21.03,375.6143538833333,2,120,1,1,C0056,retail,2024-09-21 19:29:00,central,airport,high,98.19,web,0,54,north,consumer,2024-06-03 02:11:00,71.1,32.0,app,active,west,fulltime,13,66.4,3.8,night,1,diesel,airport,2025-09-17 08:52:00,68.6,78468,active,v2.2,1,Central Core,central,control,88
DL00826,O01087,D089,V021,H01,2025-12-14 08:53:00,2025-12-14 12:01:02.924988,ontime,24.56,1,0,3.83,14.2,188.04874980000002,1,60,1,0,C0248,parcel,2025-12-14 08:08:00,airport,west,low,116.34,web,0,59,central,consumer,2025-10-14 11:06:00,71.1,39.9,app,active,ctr,fulltime,2,71.1,4.57,night,1,diesel,central,2025-06-22 17:38:00,83.0,71294,active,v2.2,0,North Exchange,north,dispatch,82
DL00827,O00079,D065,V030,H01,2025-03-10 06:56:00,2025-03-10 07:06:19.807951,ontime,16.9,2,0,4.87,11.29,10.330132516666668,2,120,0,0,C0353,parcel,2025-03-10 05:43:00,west,airport,medium,48.85,app,0,50,west,consumer,2024-02-08 20:45:00,62.8,80.2,phone,dormant,riverside,fulltime,14,59.6,4.02,morning,1,cargovan,north,2025-09-14 07:20:00,78.0,134360,active,v2.1,0,North Exchange,north,dispatch,82
DL00828,O00879,D119,V069,H07,2025-07-04 02:40:00,2025-07-04 03:08:31.719036,ontime,8.27,0,0,4.79,14.23,28.5286506,4,240,0,0,C0419,medical,2025-07-04 00:21:00,south,west,low,123.72,app,0,58,central,consumer,2025-05-01 22:29:00,30.9,77.9,app,active,south,fulltime,5,56.0,3.55,flexible,1,hybrid,central,2025-07-20 18:17:00,71.4,187158,active,v2.1,0,Riverside Hub,riverside,warehouse,66
DL00829,O00426,D101,V008,H03,2024-09-28 15:10:00,2024-09-28 16:18:55.493540,ontime,7.91,2,0,3.83,6.45,68.92489233333335,2,120,0,0,C0383,business,2024-09-28 14:05:00,riverside,riverside,low,82.0,web,0,70,west,consumer,2025-11-12 01:38:00,59.6,84.0,app,active,west,fulltime,8,75.6,4.48,morning,1,ev,riverside,2025-06-14 03:47:00,90.5,49711,active,v2.0,0,East Dock,east,warehouse,74
DL00831,O00023,D133,V053,H08,2025-10-05 05:51:00,2025-10-06 04:17:27.447541,failed,15.56,0,1,2.38,10.87,1346.4574590166667,4,240,1,1,C0077,passenger,2025-10-05 04:59:00,north,north,medium,122.25,app,0,59,north,sme,2024-07-31 19:24:00,61.7,29.0,web,active,south,contract,12,88.2,3.99,flexible,1,cargovan,west,2024-04-23 20:57:00,73.7,122638,scheduled,v2.0,0,Midtown Relay,central,charging,63
DL00832,O01143,D083,V109,H06,2025-06-16 02:45:00,2025-06-16 13:02:41.765284,failed,18.52,0,0,4.27,13.94,617.6960880666667,2,120,1,1,C0467,retail,2025-06-16 02:09:00,riverside,east,low,217.11,phone,0,49,west,enterprise,2024-12-01 13:43:00,58.7,31.7,web,active,north,fulltime,12,80.8,4.16,flexible,1,hybrid,airport,2024-10-17 11:15:00,60.6,193552,inrepair,v2.1,1,Airport Hub,airport,dispatch,71
DL00833,O00712,D169,V106,H04,2025-05-26 11:52:00,2025-05-26 14:09:55.922884,ontime,16.28,0,0,4.22,17.55,137.93204806666665,2,120,1,0,C0512,passenger,2025-05-26 10:22:00,north,west,high,105.64,phone,1,59,east,consumer,2025-02-03 19:29:00,38.5,70.2,web,active,east,contract,5,77.6,3.81,flexible,1,cargovan,north,2024-05-06 13:52:00,74.9,93084,active,v2.1,0,West Gate,west,dispatch,69
DL00834,O01165,D022,V099,H02,2025-12-13 07:00:00,2025-12-13 12:03:16.927322,ontime,15.51,2,0,4.58,9.85,303.28212203333334,6,360,0,0,C0478,passenger,2025-12-13 04:54:00,east,west,low,118.02,phone,0,43,north,consumer,2024-02-22 09:47:00,43.6,52.4,app,active,east,fulltime,9,68.7,3.36,flexible,1,hybrid,south,2024-09-06 02:11:00,65.8,92896,active,v2.0,1,South Link,south,dispatch,78
DL00835,O00188,D096,V005,H05,2025-09-09 04:34:00,2025-09-09 17:10:45.169556,delayed,13.48,1,0,2.68,14.25,756.7528259333334,4,240,1,0,C0558,passenger,2025-09-09 03:02:00,riverside,ctr,medium,138.45,app,1,23,south,consumer,2024-06-29 19:47:00,64.3,38.5,phone,active,ctr,fulltime,4,56.4,4.03,morning,1,cargovan,west,2025-11-15 11:08:00,58.6,146638,active,v2.2,1,Central Core,central,control,88
DL00837,O01092,D052,V074,H03,2025-12-10 15:10:00,2025-12-10 21:02:34.959459,ontime,5.31,0,0,3.76,9.42,352.58265765000004,6,360,0,0,C0482,passenger,2025-12-10 13:24:00,north,east,low,97.48,web,0,73,riverside,enterprise,2025-02-04 23:25:00,74.8,54.1,web,active,riverside,fulltime,8,71.7,3.39,morning,1,cargovan,east,2025-06-05 03:01:00,62.4,18034,active,v2.1,1,East Dock,east,warehouse,74
DL00838,O00909,D117,V103,H03,2025-01-05 03:05:00,2025-01-06 10:48:03.226335,failed,14.62,1,1,2.31,20.66,1903.05377225,12,720,1,1,C0324,business,2025-01-05 02:09:00,north,east,high,117.13,app,0,18,airport,sme,2025-04-05 13:08:00,67.3,44.6,app,active,north,fulltime,1,71.1,3.93,flexible,1,hybrid,north,2025-01-06 03:21:00,100.0,181609,inrepair,v2.1,1,East Dock,east,warehouse,74
DL00839,O00566,D078,V096,H03,2024-04-07 01:03:00,2024-04-07 13:40:24.565912,failed,7.89,2,1,1.65,11.74,757.4094318666666,6,360,1,1,C0455,parcel,2024-04-07 00:06:00,ctr,central,medium,97.68,phone,0,43,airport,consumer,2024-02-21 06:38:00,50.8,85.7,phone,active,north,fulltime,11,73.7,4.28,morning,1,cargovan,east,2025-08-21 07:26:00,85.1,193315,inrepair,v2.0,1,East Dock,east,warehouse,74
DL00841,O00733,D006,V068,H02,2024-08-06 08:40:00,2024-08-06 11:32:19.398363,ontime,15.77,1,0,3.39,11.44,172.32330605,6,360,0,0,C0609,passenger,2024-08-06 07:19:00,airport,west,medium,161.44,phone,0,70,east,consumer,2025-07-21 21:27:00,41.4,60.5,phone,active,central,fulltime,8,78.8,4.38,flexible,1,hybrid,riverside,2024-06-28 15:49:00,97.5,73769,inrepair,v2.0,1,South Link,south,dispatch,78
DL00842,O00405,D102,V114,H07,2024-02-14 12:17:00,2024-02-14 16:30:15.173103,ontime,5.55,1,0,3.88,8.89,253.25288504999997,6,360,0,0,C0055,business,2024-02-14 10:24:00,ctr,riverside,critical,142.88,app,0,34,east,enterprise,2025-11-30 12:14:00,80.3,50.5,app,suspended,east,parttime,10,67.6,4.62,morning,1,hybrid,north,2024-10-03 17:53:00,90.0,84649,active,v2.2,0,Riverside Hub,riverside,warehouse,66
DL00843,O00804,D138,V012,H05,2024-03-13 10:34:00,2024-03-14 09:16:16.175948,ontime,17.19,1,0,4.66,12.85,1362.2695991333335,24,1440,0,0,C0383,parcel,2024-03-13 10:21:00,central,riverside,medium,278.77,phone,0,70,west,consumer,2025-11-12 01:38:00,59.6,84.0,app,active,ctr,parttime,11,69.2,4.61,evening,1,hybrid,south,2024-04-15 00:26:00,56.2,52021,active,v2.1,1,Central Core,central,control,88
DL00845,O01218,D162,V047,H05,2025-03-15 04:24:00,2025-03-15 06:23:14.327139,ontime,32.79,2,0,4.64,13.5,119.23878565,4,240,0,0,C0065,retail,2025-03-15 02:11:00,airport,north,medium,101.68,phone,0,44,ctr,consumer,2025-11-23 23:03:00,52.8,55.6,web,active,riverside,contract,11,69.0,4.62,night,1,ev,ctr,2025-02-15 14:49:00,93.7,134347,scheduled,v2.2,0,Central Core,central,control,88
DL00846,O01118,D038,V004,H03,2024-02-26 19:54:00,2024-02-26 23:58:17.438286,ontime,17.64,0,0,4.01,17.89,244.2906381,4,240,1,0,C0106,passenger,2024-02-26 19:20:00,west,west,high,65.93,app,0,22,ctr,consumer,2025-04-26 06:21:00,63.0,45.3,app,active,south,fulltime,5,67.4,3.72,evening,1,hybrid,riverside,2024-06-07 13:21:00,,36310,active,v2.2,0,East Dock,east,warehouse,74
DL00847,O00134,D154,V035,H07,2024-12-22 18:38:00,2024-12-22 23:50:09.870311,ontime,1.46,0,0,4.09,7.98,312.1645051833333,4,240,1,0,C0010,parcel,2024-12-22 18:12:00,south,west,critical,23.34,app,0,23,west,consumer,2025-10-07 20:37:00,87.2,48.6,phone,active,airport,fulltime,4,67.0,4.35,evening,1,cargovan,east,2025-07-03 09:34:00,83.6,73804,active,v2.0,0,Riverside Hub,riverside,warehouse,66
DL00848,O00633,D080,V091,H08,2024-02-12 13:23:00,2024-02-12 14:55:42.792793,ontime,20.03,3,0,3.93,10.97,92.71321321666666,2,120,0,0,C0235,passenger,2024-02-12 12:52:00,airport,central,low,79.57,app,0,35,airport,enterprise,2024-06-07 21:57:00,43.7,60.0,phone,active,central,fulltime,11,,4.35,flexible,1,hybrid,east,2025-08-24 05:20:00,58.5,172956,active,v1.9,1,Midtown Relay,central,charging,63
DL00849,O00169,D160,V016,H08,2025-12-03 14:32:00,2025-12-03 15:00:07.363494,ontime,8.52,2,0,4.31,13.73,28.122724899999998,4,240,0,0,C0399,retail,2025-12-03 12:34:00,east,north,medium,84.09,app,1,61,east,sme,2024-05-06 17:48:00,93.0,54.8,phone,active,east,fulltime,12,72.8,4.48,morning,1,ev,west,2024-10-13 19:38:00,63.5,84395,active,v2.1,1,Midtown Relay,central,charging,63
DL00850,O00444,D060,V055,H05,2025-08-30 19:20:00,2025-08-30 22:59:39.779090,ontime,4.26,4,0,4.32,8.71,219.66298483333333,4,240,0,0,C0319,retail,2025-08-30 18:29:00,west,airport,medium,23.99,phone,0,35,west,sme,2025-02-07 03:10:00,54.5,54.8,web,dormant,south,fulltime,4,76.0,4.49,morning,1,hybrid,east,2025-06-05 13:40:00,83.3,85635,active,v2.1,0,Central Core,central,control,88
DL00851,O01022,D141,V053,H04,2024-03-16 17:31:00,2024-03-17 21:55:48.709700,delayed,2.38,0,0,3.21,3.58,1704.8118283333336,24,1440,1,0,C0061,retail,2024-03-16 16:24:00,east,south,medium,43.98,web,0,78,riverside,consumer,2025-03-05 17:23:00,60.9,94.6,web,dormant,north,parttime,14,71.4,3.44,flexible,1,cargovan,west,2024-04-23 20:57:00,73.7,122638,scheduled,v2.0,0,West Gate,west,dispatch,69
DL00852,O00974,D013,V052,H03,2025-06-11 01:17:00,2025-06-11 03:21:30.595833,ontime,15.52,1,0,4.65,18.68,124.50993055,4,240,0,0,C0071,retail,2025-06-11 00:41:00,east,riverside,medium,74.02,app,0,59,airport,consumer,2024-08-01 14:10:00,49.3,81.7,phone,active,west,fulltime,11,80.8,4.31,morning,1,hybrid,riverside,2024-11-14 16:11:00,95.4,182486,active,v1.9,0,East Dock,east,warehouse,74
DL00853,O00178,D073,V086,H01,2024-03-30 21:03:00,2024-03-31 00:39:18.302077,ontime,12.77,3,0,4.19,15.35,216.30503461666666,4,240,0,0,C0287,medical,2024-03-30 19:55:00,east,south,low,55.9,app,0,46,ctr,consumer,2024-08-24 15:57:00,55.4,10.5,web,active,east,fulltime,11,76.9,4.58,evening,1,ev,central,2024-02-25 07:56:00,82.8,42307,scheduled,v2.2,0,North Exchange,north,dispatch,82
DL00854,O00954,D099,V055,H04,2024-07-14 03:27:00,2024-07-14 08:39:46.310886,delayed,7.05,0,1,3.2,11.41,312.7718481,4,240,1,0,C0599,passenger,2024-07-14 02:17:00,south,south,critical,62.7,web,0,40,north,consumer,2025-05-04 22:34:00,81.4,44.4,app,active,north,contract,10,82.7,3.48,night,1,hybrid,east,2025-06-05 13:40:00,83.3,85635,active,v2.1,0,West Gate,west,dispatch,69
DL00855,O00409,D154,V076,H08,2025-01-08 12:04:00,2025-01-09 09:15:54.067994,delayed,7.29,0,0,3.36,13.69,1271.9011332333332,6,360,1,0,C0065,passenger,2025-01-08 11:42:00,south,north,medium,38.48,app,0,44,ctr,consumer,2025-11-23 23:03:00,52.8,55.6,web,active,airport,fulltime,4,67.0,4.35,evening,1,diesel,central,2025-06-19 15:52:00,65.8,106063,inrepair,v1.9,1,Midtown Relay,central,charging,63
DL00856,O00223,D087,V083,H03,2025-08-10 18:09:00,2025-08-10 20:02:42.287729,ontime,4.19,3,0,3.82,7.91,113.70479548333333,4,240,0,0,C0172,retail,2025-08-10 16:37:00,ctr,airport,high,178.85,web,0,28,north,consumer,2025-04-14 14:45:00,75.4,67.4,unknown,active,north,contract,13,73.3,4.43,night,1,cargovan,north,2024-04-11 18:04:00,79.3,42073,active,v2.2,0,East Dock,east,warehouse,74
DL00857,O00292,D050,V045,H05,2025-10-29 18:17:00,2025-10-30 10:11:21.327276,delayed,11.07,2,0,2.72,10.06,954.3554546,12,720,1,0,C0060,parcel,2025-10-29 17:45:00,ctr,west,medium,59.59,app,0,52,central,consumer,2024-10-15 00:09:00,85.2,83.5,app,active,north,fulltime,6,87.4,3.9,evening,1,ev,east,2025-08-10 04:56:00,88.0,190688,active,v2.2,0,Central Core,central,control,88
DL00859,O00512,D164,V052,H05,2024-09-21 11:04:00,2024-09-21 23:34:35.779917,delayed,24.2,0,1,5.0,13.25,750.59633195,4,240,1,0,C0242,parcel,2024-09-21 10:35:00,north,central,critical,10.74,app,0,21,east,consumer,2025-12-18 16:08:00,83.8,48.9,web,active,central,fulltime,5,76.1,4.07,flexible,1,hybrid,riverside,2024-11-14 16:11:00,95.4,182486,active,v1.9,0,Central Core,central,control,88
DL00860,O00280,D026,V027,H07,2025-09-21 00:35:00,2025-09-21 13:59:07.662772,ontime,10.9,0,0,4.76,14.97,804.1277128666667,12,720,1,0,C0206,passenger,2025-09-20 22:46:00,east,airport,critical,151.49,app,1,60,south,sme,2025-10-27 13:42:00,50.3,72.9,app,active,north,parttime,4,84.9,3.15,night,0,diesel,south,2025-08-12 12:37:00,78.6,51052,inrepair,v2.2,1,Riverside Hub,riverside,warehouse,66
DL00861,O00381,D056,V094,H05,2024-11-29 00:04:00,2024-11-29 21:39:14.831680,ontime,18.99,0,0,4.91,16.77,1295.2471946666667,24,1440,0,0,C0420,parcel,2024-11-28 21:41:00,east,west,low,67.67,web,0,30,north,enterprise,2025-01-30 08:58:00,63.0,79.9,app,active,west,fulltime,12,74.6,4.45,evening,1,cargovan,central,2025-05-22 02:15:00,65.9,159262,scheduled,v1.9,1,Central Core,central,control,88
DL00862,O00031,D165,V037,H01,2024-10-25 04:57:00,2024-10-26 09:32:20.877141,failed,8.4,1,0,1.41,9.28,1715.34795235,24,1440,1,1,C0573,passenger,2024-10-25 03:17:00,east,airport,medium,55.14,app,0,47,airport,sme,2025-02-27 18:19:00,57.3,74.4,app,active,north,parttime,10,82.2,3.89,night,1,cargovan,south,2025-06-13 23:43:00,56.6,52146,inrepair,v1.9,1,North Exchange,north,dispatch,82
DL00863,O00597,D044,V030,H01,2025-01-09 13:40:00,2025-01-09 20:09:19.733033,ontime,16.47,2,0,3.51,14.48,389.32888388333333,6,360,1,0,C0238,parcel,2025-01-09 13:05:00,north,north,high,169.18,app,0,56,west,consumer,2024-06-02 09:46:00,65.0,18.7,app,active,airport,fulltime,11,79.4,4.05,night,1,cargovan,north,2025-09-14 07:20:00,78.0,134360,active,v2.1,0,North Exchange,north,dispatch,82
DL00864,O00818,D135,V076,H06,2025-10-27 16:02:00,2025-10-27 17:01:23.863641,ontime,11.68,0,0,3.14,18.27,59.39772735,1,60,0,0,C0561,business,2025-10-27 15:44:00,riverside,north,medium,82.82,web,1,65,east,consumer,2025-10-16 18:59:00,70.9,54.3,app,active,riverside,parttime,2,70.3,4.4,flexible,1,diesel,central,2025-06-19 15:52:00,65.8,106063,inrepair,v1.9,1,Airport Hub,airport,dispatch,71
DL00865,O00338,D148,V042,H01,2024-12-26 06:10:00,2024-12-26 11:25:57.005387,ontime,7.72,0,0,3.6,16.7,315.95008978333334,6,360,0,0,C0648,passenger,2024-12-26 03:48:00,riverside,riverside,medium,38.31,app,0,47,airport,consumer,2025-01-11 10:49:00,57.2,74.0,app,active,central,parttime,10,53.1,4.4,flexible,1,ev,east,2025-06-21 07:06:00,80.5,215870,inrepair,v1.9,1,North Exchange,north,dispatch,82
DL00866,O00969,D096,V041,H02,2024-10-14 22:32:00,2024-10-14 23:02:29.771193,ontime,5.1,0,0,5.0,15.22,30.49618655,2,120,0,0,C0372,parcel,2024-10-14 21:50:00,north,riverside,high,36.75,phone,0,34,west,consumer,2024-02-04 22:21:00,26.2,59.4,phone,active,ctr,fulltime,4,56.4,4.03,morning,1,ev,east,2024-01-11 21:04:00,78.4,88129,active,v2.2,0,South Link,south,dispatch,78
DL00867,O01117,D089,V079,H02,2025-06-20 01:47:00,2025-06-20 03:09:47.164152,ontime,23.28,4,0,3.45,11.6,82.7860692,6,360,0,0,C0296,parcel,2025-06-19 23:19:00,airport,east,high,59.12,app,0,28,north,enterprise,2024-07-19 22:00:00,41.9,57.3,phone,active,ctr,fulltime,2,71.1,4.57,night,1,ev,airport,2025-12-01 18:20:00,100.0,117995,active,v2.2,0,South Link,south,dispatch,78
DL00868,O00452,D104,V100,H04,2025-11-27 11:55:00,2025-11-28 00:09:06.530401,failed,6.57,1,0,3.69,18.09,734.1088400166667,2,120,1,1,C0583,passenger,2025-11-27 09:35:00,central,central,medium,56.63,phone,1,23,airport,consumer,2024-12-24 19:41:00,84.2,66.2,app,dormant,west,fulltime,15,87.7,3.45,morning,1,cargovan,east,2024-06-23 11:24:00,60.1,31876,active,v2.0,1,West Gate,west,dispatch,69
DL00869,O00038,D118,V119,H05,2025-10-06 20:46:00,2025-10-06 21:44:16.662558,ontime,9.15,2,0,5.0,10.32,58.2777093,2,120,0,0,C0142,retail,2025-10-06 20:11:00,riverside,east,medium,168.48,phone,0,29,south,consumer,2024-11-29 21:33:00,47.0,61.7,app,active,north,fulltime,1,80.6,4.88,night,1,ev,riverside,2025-08-17 06:19:00,67.6,215407,inrepair,v2.1,1,Central Core,central,control,88
DL00870,O00650,D078,V110,H03,2025-09-30 12:39:00,2025-09-30 14:21:55.742656,ontime,24.94,2,0,3.8,14.11,102.92904426666668,6,360,0,0,C0206,parcel,2025-09-30 10:28:00,riverside,airport,low,39.65,app,0,60,south,sme,2025-10-27 13:42:00,50.3,72.9,app,active,north,fulltime,11,73.7,4.28,morning,1,ev,east,2025-03-22 01:17:00,85.1,63717,active,v2.1,0,East Dock,east,warehouse,74
DL00871,O00715,D037,V047,H01,2025-06-17 16:20:00,2025-06-17 21:03:48.121999,ontime,9.43,0,0,4.03,16.6,283.80203331666667,6,360,0,0,C0477,medical,2025-06-17 13:42:00,riverside,north,critical,125.92,app,0,53,south,sme,2025-11-14 09:26:00,62.2,80.4,partner api,active,north,parttime,7,63.9,4.67,morning,1,ev,ctr,2025-02-15 14:49:00,93.7,134347,scheduled,v2.2,0,North Exchange,north,dispatch,82
DL00872,O00144,D120,V001,H03,2025-11-03 22:12:00,2025-11-04 05:41:26.643035,delayed,15.53,1,0,3.54,11.71,449.44405058333336,4,240,1,0,C0063,business,2025-11-03 20:08:00,riverside,central,high,288.86,app,0,78,north,consumer,2024-05-08 22:54:00,44.6,52.1,partner api,active,north,parttime,3,76.9,3.72,morning,1,ev,north,2024-12-28 23:48:00,71.8,56928,active,v2.2,0,East Dock,east,warehouse,74
DL00873,O00401,D049,V107,H07,2024-06-22 12:48:00,2024-06-23 10:19:08.707674,ontime,10.68,0,0,3.77,10.34,1291.1451279,24,1440,0,0,C0252,medical,2024-06-22 11:15:00,east,airport,low,28.61,web,0,38,north,consumer,2024-09-07 15:16:00,71.3,30.9,app,active,central,contract,14,41.4,4.0,morning,1,cargovan,north,2024-12-25 17:15:00,87.9,96239,active,v2.0,0,Riverside Hub,riverside,warehouse,66
DL00874,O01012,D006,V088,H02,2025-03-08 05:38:00,2025-03-08 16:05:25.585889,delayed,10.15,0,1,2.81,12.54,627.4264314833333,1,60,1,0,C0532,retail,2025-03-08 05:05:00,riverside,ctr,critical,99.1,app,0,73,south,consumer,2024-03-08 19:46:00,76.5,51.4,phone,active,central,fulltime,8,78.8,4.38,flexible,1,diesel,north,2024-02-14 14:03:00,80.3,50427,inrepair,v2.1,1,South Link,south,dispatch,78
DL00875,O00189,D018,V052,H06,2025-11-22 08:49:00,2025-11-22 15:14:04.034420,ontime,11.7,0,0,4.44,11.84,385.06724033333336,4,240,1,0,C0388,parcel,2025-11-22 07:16:00,north,north,low,14.46,app,0,55,east,consumer,2025-02-06 14:57:00,51.6,41.5,app,active,west,parttime,14,73.8,4.57,flexible,1,hybrid,riverside,2024-11-14 16:11:00,95.4,182486,active,v1.9,0,Airport Hub,airport,dispatch,71
DL00876,O00609,D161,V035,H04,2024-09-15 07:47:00,2024-09-15 19:49:21.706357,ontime,5.01,0,0,4.72,14.22,722.3617726166667,12,720,1,0,C0621,parcel,2024-09-15 07:15:00,east,east,low,71.86,app,0,78,central,consumer,2025-06-27 22:00:00,55.3,63.1,app,active,north,fulltime,1,84.7,4.02,evening,1,cargovan,east,2025-07-03 09:34:00,83.6,73804,active,v2.0,0,West Gate,west,dispatch,69
DL00877,O01193,D061,V087,H04,2025-04-18 00:35:00,2025-04-18 07:54:09.214237,ontime,4.93,0,0,4.08,10.71,439.1535706166667,6,360,1,0,C0519,medical,2025-04-17 23:55:00,east,central,medium,11.71,api,0,64,east,enterprise,2024-01-04 19:31:00,56.4,56.2,phone,active,riverside,contract,8,85.9,4.38,evening,1,hybrid,airport,2025-02-09 18:48:00,49.7,116811,active,v2.1,1,West Gate,west,dispatch,69
DL00878,O00629,D164,V016,H06,2024-10-04 07:36:00,2024-10-04 09:57:13.852551,ontime,5.77,0,0,4.7,10.43,141.23087585,6,360,0,0,C0368,retail,2024-10-04 05:44:00,riverside,south,low,55.3,app,1,23,north,consumer,2025-05-25 21:41:00,49.5,92.7,phone,active,central,fulltime,5,76.1,4.07,flexible,1,ev,west,2024-10-13 19:38:00,63.5,84395,active,v2.1,1,Airport Hub,airport,dispatch,71
DL00879,O00139,D033,V013,H02,2025-09-15 19:42:00,2025-09-16 03:58:23.662269,delayed,9.42,1,1,3.94,10.97,496.39437115,2,120,1,0,C0545,retail,2025-09-15 19:05:00,west,airport,high,4.22,web,0,18,south,consumer,2024-07-05 12:10:00,66.9,72.4,app,active,south,parttime,9,59.8,4.05,night,1,cargovan,west,2025-07-17 18:07:00,68.3,153106,scheduled,v2.0,1,South Link,south,dispatch,78
DL00880,O00273,D047,V098,H04,2025-02-28 02:41:00,2025-03-01 01:58:54.611942,ontime,7.39,0,0,4.49,9.91,1397.9101990333334,24,1440,0,0,C0642,retail,2025-02-28 01:05:00,central,west,medium,16.14,app,0,59,north,sme,2025-05-03 03:08:00,51.2,65.0,web,active,south,fulltime,7,64.6,4.7,morning,1,diesel,west,2025-12-29 15:01:00,69.7,73011,active,v2.1,1,West Gate,west,dispatch,69
DL00881,O00632,D127,V032,H01,2024-08-09 22:03:00,2024-08-10 04:52:23.207494,delayed,12.77,5,1,3.32,11.86,409.38679156666666,1,60,1,0,C0611,passenger,2024-08-09 21:40:00,central,central,high,33.21,web,1,43,airport,consumer,2024-10-29 20:59:00,37.2,61.2,partner api,active,central,fulltime,10,61.5,4.19,morning,1,cargovan,north,2024-01-11 00:03:00,74.1,102207,active,v1.9,0,North Exchange,north,dispatch,82
DL00882,O01151,D039,V036,H03,2024-06-26 13:58:00,2024-06-27 02:26:43.512371,ontime,3.86,0,0,4.76,7.4,748.7252061833333,12,720,1,0,C0100,retail,2024-06-26 12:48:00,south,north,medium,94.09,app,0,34,ctr,consumer,2024-01-30 00:50:00,28.0,28.6,web,active,airport,contract,7,86.1,4.06,evening,1,diesel,north,2025-09-26 13:33:00,90.4,215767,inrepair,v2.1,1,East Dock,east,warehouse,74
DL00883,O00917,D101,V077,H02,2024-04-07 15:38:00,2024-04-08 07:05:34.617010,delayed,11.42,0,1,2.31,14.58,927.5769501666667,6,360,1,0,C0027,retail,2024-04-07 14:21:00,ctr,central,low,30.8,,0,53,west,sme,2024-09-06 02:36:00,66.0,60.7,web,dormant,west,fulltime,8,75.6,4.48,morning,1,ev,south,2025-04-23 19:27:00,67.6,116877,scheduled,v2.1,1,South Link,south,dispatch,78
DL00884,O00407,D056,V105,H01,2025-02-23 07:26:00,2025-02-23 18:31:02.305838,ontime,12.58,1,0,4.81,14.99,665.0384306333333,12,720,0,0,C0575,medical,2025-02-23 04:44:00,west,ctr,high,189.02,web,0,25,riverside,consumer,2025-01-10 19:53:00,77.2,72.1,web,active,west,fulltime,12,74.6,4.45,evening,1,ev,ctr,2025-02-16 20:04:00,,149291,active,v2.1,0,North Exchange,north,dispatch,82
DL00885,O00675,D126,V073,H06,2024-02-19 20:14:00,2024-02-20 19:38:10.153872,ontime,15.92,0,0,4.37,16.87,1404.1692312,24,1440,0,0,C0445,business,2024-02-19 17:22:00,riverside,north,low,47.44,app,0,26,riverside,sme,2024-08-29 04:18:00,60.6,55.1,app,active,east,parttime,9,69.7,4.1,evening,1,hybrid,airport,2024-05-28 05:33:00,,191353,active,v2.1,0,Airport Hub,airport,dispatch,71
DL00886,O00968,D050,V094,H02,2024-11-21 05:45:00,2024-11-21 17:49:42.646868,delayed,1.2,2,0,3.45,10.2,724.7107811333334,12,720,1,0,C0529,business,2024-11-21 03:13:00,south,central,medium,76.41,app,0,41,riverside,sme,2025-06-07 02:03:00,43.2,51.5,app,active,north,fulltime,6,87.4,3.9,evening,1,cargovan,central,2025-05-22 02:15:00,65.9,159262,scheduled,v1.9,1,South Link,south,dispatch,78
DL00887,O00577,D155,V097,H02,2025-06-09 23:14:00,2025-06-10 01:19:26.467155,ontime,29.9,0,0,4.18,18.94,125.44111925,2,120,1,0,C0641,parcel,2025-06-09 22:52:00,airport,east,high,16.62,phone,1,46,central,consumer,2025-10-08 20:18:00,79.7,40.3,app,active,central,parttime,6,69.5,3.98,morning,1,ev,ctr,2024-11-12 12:56:00,92.1,18680,active,v2.1,0,South Link,south,dispatch,78
DL00888,O01129,D055,V027,H07,2025-03-23 16:39:00,2025-03-24 16:16:34.620357,failed,11.78,2,0,3.61,7.64,1417.57700595,6,360,1,1,C0292,medical,2025-03-23 15:04:00,north,airport,low,139.29,app,0,24,south,consumer,2025-03-02 11:24:00,73.2,57.9,app,active,central,fulltime,15,90.5,5.0,flexible,1,diesel,south,2025-08-12 12:37:00,78.6,51052,inrepair,v2.2,1,Riverside Hub,riverside,warehouse,66
DL00889,O01172,D105,V002,H08,2024-09-17 20:42:00,2024-09-18 08:31:55.588869,failed,7.09,0,1,4.37,11.81,709.92648115,4,240,1,1,C0383,medical,2024-09-17 19:02:00,north,riverside,medium,111.98,phone,0,70,west,consumer,2025-11-12 01:38:00,59.6,84.0,app,active,riverside,contract,2,82.0,3.71,morning,1,ev,airport,2024-04-21 16:14:00,67.9,159368,inrepair,v2.2,1,Midtown Relay,central,charging,63
DL00890,O00384,D103,V020,H03,2024-01-01 16:28:00,2024-01-02 02:33:42.522654,delayed,9.61,0,0,3.51,9.44,605.7087109,4,240,1,0,C0469,medical,2024-01-01 15:47:00,ctr,central,low,12.58,web,0,20,north,consumer,2024-11-15 02:13:00,59.6,60.5,app,active,central,fulltime,15,72.5,4.4,morning,1,hybrid,riverside,2024-10-26 11:25:00,82.3,187051,scheduled,v2.1,0,East Dock,east,warehouse,74
DL00891,O00963,D013,V077,H07,2025-06-06 13:03:00,2025-06-07 11:56:40.215906,ontime,9.94,0,0,4.61,14.44,1373.6702651,24,1440,0,0,C0528,medical,2025-06-06 10:13:00,north,east,medium,30.53,api,0,45,central,consumer,2024-03-25 23:20:00,51.6,92.8,app,active,west,fulltime,11,80.8,4.31,morning,1,ev,south,2025-04-23 19:27:00,67.6,116877,scheduled,v2.1,1,Riverside Hub,riverside,warehouse,66
DL00892,O00392,D163,V115,H07,2025-11-24 12:15:00,2025-11-24 14:18:34.201194,ontime,9.31,1,0,4.42,14.7,123.5700199,6,360,0,0,C0356,retail,2025-11-24 10:04:00,east,riverside,medium,73.04,app,0,51,north,consumer,2025-03-23 22:48:00,76.2,41.3,web,active,riverside,fulltime,11,78.2,4.5,morning,0,diesel,south,2024-05-10 17:28:00,57.9,85919,active,v2.2,1,Riverside Hub,riverside,warehouse,66
DL00893,O00981,D062,V023,H05,2025-01-11 23:09:00,2025-01-13 08:12:13.529331,delayed,25.18,1,0,4.52,10.11,1983.22548885,24,1440,1,0,C0597,medical,2025-01-11 21:57:00,airport,riverside,high,107.45,app,0,74,north,consumer,2024-11-12 02:19:00,57.2,64.3,phone,active,south,fulltime,10,62.4,4.48,flexible,1,hybrid,east,2024-01-07 23:54:00,70.7,188387,active,v2.1,0,Central Core,central,control,88
DL00894,O00724,D094,V120,H06,2025-11-18 10:15:00,2025-11-18 22:57:13.153771,delayed,25.57,0,0,2.58,20.64,762.2192295166666,4,240,1,0,C0317,passenger,2025-11-18 07:32:00,airport,north,low,98.05,app,0,19,south,consumer,2025-11-02 07:19:00,65.2,86.0,app,dormant,ctr,parttime,6,60.8,4.48,night,0,ev,central,2025-05-02 16:13:00,73.6,192246,active,v2.0,0,Airport Hub,airport,dispatch,71
DL00896,O00177,D042,V023,H06,2025-12-25 05:07:00,2025-12-25 09:26:55.150084,ontime,11.26,1,0,4.39,12.49,259.91916806666666,6,360,0,0,C0477,passenger,2025-12-25 04:27:00,north,west,low,109.36,web,0,53,south,sme,2025-11-14 09:26:00,62.2,80.4,partner api,active,north,fulltime,9,70.5,3.37,night,1,hybrid,east,2024-01-07 23:54:00,70.7,188387,active,v2.1,0,Airport Hub,airport,dispatch,71
DL00897,O00672,D084,V043,H07,2025-01-04 00:01:00,2025-01-04 23:54:43.323541,ontime,33.64,2,0,4.06,29.43,1433.7220590166667,24,1440,0,0,C0567,retail,2025-01-03 22:57:00,airport,riverside,high,20.28,web,0,74,east,consumer,2024-02-18 04:31:00,79.7,64.9,app,active,central,parttime,2,47.2,3.99,evening,1,ev,south,2025-02-23 11:32:00,76.4,149922,scheduled,v2.0,0,Riverside Hub,riverside,warehouse,66
DL00898,O00283,D088,V047,H07,2024-05-26 17:54:00,2024-05-27 03:34:21.672952,delayed,10.44,3,0,3.85,17.21,580.3612158666667,6,360,1,0,C0430,business,2024-05-26 16:49:00,north,west,medium,177.07,app,0,29,east,consumer,2025-05-08 17:34:00,38.3,87.0,web,active,riverside,contract,4,84.3,4.17,morning,1,ev,ctr,2025-02-15 14:49:00,93.7,134347,scheduled,v2.2,0,Riverside Hub,riverside,warehouse,66
DL00899,O00549,D129,V040,H08,2025-08-14 11:47:00,2025-08-14 19:36:01.656848,ontime,5.78,2,0,3.72,9.14,469.0276141333333,6,360,1,0,C0119,business,2025-08-14 11:04:00,east,west,medium,86.89,phone,0,65,central,sme,2024-06-03 18:57:00,46.2,54.0,web,dormant,north,fulltime,10,64.9,4.18,night,1,ev,central,2025-11-23 11:28:00,90.0,133770,active,v2.0,0,Midtown Relay,central,charging,63
DL00900,O00199,D039,V053,H07,2024-10-02 14:11:00,2024-10-03 02:06:29.294093,ontime,12.4,0,0,5.0,8.44,715.4882348833332,12,720,0,0,C0595,retail,2024-10-02 14:00:00,north,north,high,62.65,,0,72,central,consumer,2025-10-18 13:52:00,48.3,26.0,phone,active,airport,contract,7,86.1,4.06,evening,1,cargovan,west,2024-04-23 20:57:00,73.7,122638,scheduled,v2.0,0,Riverside Hub,riverside,warehouse,66
DL00902,O00018,D015,V047,H06,2024-03-08 23:03:00,2024-03-09 02:59:39.833152,ontime,17.27,0,0,5.0,12.37,236.66388586666665,6,360,0,0,C0506,passenger,2024-03-08 22:19:00,north,riverside,high,121.11,phone,0,19,airport,enterprise,2025-06-14 05:24:00,56.3,62.0,app,active,east,fulltime,11,85.1,4.34,morning,1,ev,ctr,2025-02-15 14:49:00,93.7,134347,scheduled,v2.2,0,Airport Hub,airport,dispatch,71
DL00903,O00130,D130,V051,H03,2024-01-11 00:41:00,2024-01-11 03:13:51.759410,ontime,19.22,4,0,3.42,14.82,152.86265683333335,6,360,0,0,C0259,passenger,2024-01-10 21:52:00,central,airport,medium,77.97,app,0,43,central,consumer,2024-07-29 07:47:00,78.3,42.2,app,dormant,west,fulltime,8,71.2,3.64,evening,1,ev,north,2024-11-21 11:04:00,87.8,141107,active,v2.0,0,East Dock,east,warehouse,74
DL00904,O01102,D160,V112,H04,2025-08-19 06:18:00,2025-08-19 09:41:36.852221,ontime,32.81,0,0,4.79,16.84,203.61420368333333,4,240,0,0,C0323,passenger,2025-08-19 06:06:00,airport,west,medium,81.39,api,1,69,east,consumer,2025-04-08 10:48:00,70.8,68.6,app,active,east,fulltime,12,72.8,4.48,morning,1,ev,south,2024-06-08 07:45:00,94.1,19121,inrepair,v2.1,1,West Gate,west,dispatch,69
DL00905,O01020,D028,V013,H04,2024-10-23 02:30:00,2024-10-23 11:04:29.734438,delayed,30.71,1,0,3.81,18.26,514.4955739666667,2,120,1,0,C0321,retail,2024-10-23 02:18:00,airport,south,high,77.64,app,0,51,south,consumer,2024-07-31 16:57:00,99.0,70.3,partner api,active,north,fulltime,11,83.0,4.07,flexible,1,cargovan,west,2025-07-17 18:07:00,68.3,153106,scheduled,v2.0,1,West Gate,west,dispatch,69
DL00906,O01229,D168,V110,H08,2025-05-27 01:11:00,2025-05-27 09:44:29.154606,failed,18.6,1,1,2.35,16.73,513.4859101,1,60,1,1,C0399,passenger,2025-05-27 00:42:00,east,riverside,medium,84.74,phone,0,61,east,sme,2024-05-06 17:48:00,93.0,54.8,phone,active,north,fulltime,12,93.6,3.84,morning,1,ev,east,2025-03-22 01:17:00,85.1,63717,active,v2.1,0,Midtown Relay,central,charging,63
DL00907,O00884,D096,V103,H08,2024-04-17 02:46:00,2024-04-17 08:08:07.579546,ontime,3.96,0,0,3.59,16.11,322.1263257666667,6,360,0,0,C0339,parcel,2024-04-17 01:52:00,central,west,medium,16.66,web,0,27,south,consumer,2025-02-13 20:28:00,46.6,66.6,app,active,ctr,fulltime,4,56.4,4.03,morning,1,hybrid,north,2025-01-06 03:21:00,100.0,181609,inrepair,v2.1,1,Midtown Relay,central,charging,63
DL00908,O00145,D088,V042,H03,2024-11-02 11:50:00,2024-11-02 21:56:28.563587,ontime,10.05,1,0,5.0,14.53,606.4760597833333,12,720,0,0,C0595,business,2024-11-02 10:33:00,north,riverside,medium,35.95,app,0,72,central,consumer,2025-10-18 13:52:00,48.3,26.0,phone,active,riverside,contract,4,84.3,4.17,morning,1,ev,east,2025-06-21 07:06:00,80.5,215870,inrepair,v1.9,1,East Dock,east,warehouse,74
DL00909,O01204,D033,V001,H02,2025-08-13 17:56:00,2025-08-13 20:26:21.358387,delayed,10.35,2,0,2.77,8.9,150.35597311666666,1,60,1,0,C0498,passenger,2025-08-13 15:20:00,east,central,critical,162.33,app,0,73,west,enterprise,2024-02-24 19:59:00,73.4,45.1,app,active,south,parttime,9,59.8,4.05,night,1,ev,north,2024-12-28 23:48:00,71.8,56928,active,v2.2,0,South Link,south,dispatch,78
DL00910,O01002,D071,V005,H04,2024-06-14 09:09:00,2024-06-14 22:29:41.070065,delayed,26.61,1,0,4.05,16.25,800.6845010833333,12,720,1,0,C0607,business,2024-06-14 07:52:00,west,west,medium,109.31,web,1,44,north,consumer,2025-12-12 08:45:00,63.1,68.8,app,active,central,parttime,12,56.7,4.49,evening,1,cargovan,west,2025-11-15 11:08:00,58.6,146638,active,v2.2,1,West Gate,west,dispatch,69
DL00911,O00806,D004,V119,H01,2025-04-17 16:52:00,2025-04-18 01:40:49.580737,ontime,13.69,0,0,4.33,14.98,528.8263456166667,12,720,0,0,C0622,business,2025-04-17 15:49:00,north,central,medium,100.44,app,1,22,riverside,consumer,2024-01-28 13:46:00,54.2,26.8,phone,dormant,airport,parttime,13,88.9,4.75,morning,1,ev,riverside,2025-08-17 06:19:00,67.6,215407,inrepair,v2.1,1,North Exchange,north,dispatch,82
DL00912,O00355,D011,V095,H02,2025-10-11 00:12:00,2025-10-11 15:59:08.940020,delayed,21.47,2,0,3.69,9.33,947.1490003333333,4,240,1,0,C0006,passenger,2025-10-10 23:34:00,riverside,riverside,medium,59.47,app,0,41,west,consumer,2024-03-29 13:26:00,39.9,43.3,web,active,east,fulltime,3,89.4,3.85,night,1,cargovan,riverside,2025-11-24 12:43:00,79.0,104553,inrepair,v2.0,1,South Link,south,dispatch,78
DL00913,O00239,D096,V081,H04,2024-05-18 06:34:00,2024-05-18 12:24:14.005035,ontime,12.6,1,0,3.49,15.18,350.23341724999995,4,240,1,0,C0399,parcel,2024-05-18 06:00:00,ctr,central,low,31.43,app,0,61,east,sme,2024-05-06 17:48:00,93.0,54.8,phone,active,ctr,fulltime,4,56.4,4.03,morning,1,ev,west,2024-12-28 08:10:00,86.6,165481,active,v2.2,0,West Gate,west,dispatch,69
DL00914,O00270,D157,V006,H05,2025-10-26 17:01:00,2025-10-26 17:58:50.299137,ontime,10.96,0,0,4.41,15.03,57.83831895,4,240,0,0,C0561,business,2025-10-26 15:25:00,west,central,medium,140.61,app,1,65,east,consumer,2025-10-16 18:59:00,70.9,54.3,app,active,south,fulltime,13,74.1,4.42,evening,1,ev,central,2025-11-22 06:39:00,78.6,141381,active,v2.1,0,Central Core,central,control,88
DL00915,O00873,D004,V047,H03,2024-11-28 13:17:00,2024-11-28 17:51:16.689113,ontime,9.84,0,0,3.99,16.74,274.27815188333335,6,360,0,0,C0015,parcel,2024-11-28 12:06:00,north,south,high,106.49,,0,37,south,sme,2024-05-27 17:07:00,54.5,52.8,phone,active,airport,parttime,13,88.9,4.75,morning,1,ev,ctr,2025-02-15 14:49:00,93.7,134347,scheduled,v2.2,0,East Dock,east,warehouse,74
DL00916,O01100,D036,V049,H03,2025-08-01 15:41:00,2025-08-01 15:52:41.636010,ontime,22.62,1,0,4.95,17.14,11.693933500000002,4,240,0,0,C0239,business,2025-08-01 13:08:00,airport,east,high,41.49,app,0,65,central,sme,2025-09-25 20:09:00,80.0,51.7,app,suspended,airport,parttime,9,79.3,4.69,morning,1,diesel,east,2025-12-09 16:47:00,55.9,15278,active,v2.2,1,East Dock,east,warehouse,74
DL00917,O00700,D077,V102,H05,2024-01-13 04:19:00,2024-01-13 07:59:11.863044,ontime,12.76,0,0,4.06,9.47,220.1977174,4,240,0,0,C0443,passenger,2024-01-13 01:34:00,west,west,medium,110.49,phone,0,20,south,consumer,2024-09-23 06:28:00,59.8,65.8,unknown,active,south,fulltime,8,64.9,3.68,morning,1,ev,west,2024-10-24 12:35:00,77.0,198326,active,v2.0,0,Central Core,central,control,88
DL00918,O00645,D097,V086,H08,2024-12-26 21:17:00,2024-12-27 04:43:50.631471,ontime,10.63,1,0,4.21,10.43,446.84385785,6,360,1,0,C0517,passenger,2024-12-26 21:06:00,south,central,medium,82.91,api,0,66,riverside,consumer,2025-01-11 14:32:00,38.5,65.7,app,active,west,fulltime,2,79.1,4.48,flexible,1,ev,central,2024-02-25 07:56:00,82.8,42307,scheduled,v2.2,0,Midtown Relay,central,charging,63
DL00919,O00763,D139,V097,H04,2025-12-26 20:25:00,2025-12-26 23:44:12.237781,ontime,5.38,2,0,5.0,10.53,199.20396301666668,4,240,0,0,C0020,retail,2025-12-26 19:29:00,east,airport,low,154.35,api,0,67,north,sme,2025-07-14 22:04:00,55.5,60.8,app,active,south,fulltime,10,71.4,4.99,evening,1,ev,ctr,2024-11-12 12:56:00,92.1,18680,active,v2.1,0,West Gate,west,dispatch,69
DL00920,O00686,D133,V034,H03,2025-01-05 15:05:00,2025-01-06 12:10:59.396753,failed,5.08,1,1,3.09,4.15,1265.9899458833331,6,360,1,1,C0476,retail,2025-01-05 12:20:00,east,south,medium,72.67,web,0,59,north,consumer,2024-10-04 13:18:00,66.0,69.6,app,active,south,contract,12,88.2,3.99,flexible,1,ev,riverside,2025-05-24 09:58:00,94.2,210683,inrepair,v2.0,1,East Dock,east,warehouse,74
DL00921,O00332,D063,V108,H08,2025-01-04 02:49:00,2025-01-05 01:59:36.355790,failed,6.36,0,0,2.34,9.47,1390.6059298333334,12,720,1,1,C0110,business,2025-01-04 01:49:00,north,riverside,medium,93.33,phone,0,63,east,consumer,2025-10-20 02:53:00,59.6,59.4,phone,active,north,parttime,12,85.7,4.03,morning,1,diesel,airport,2025-01-31 06:29:00,54.6,141290,inrepair,v1.9,1,Midtown Relay,central,charging,63
DL00922,O00399,D112,V090,H07,2024-03-08 19:10:00,2024-03-08 22:43:49.202012,delayed,12.65,5,1,3.39,14.07,213.82003353333332,4,240,0,0,C0644,parcel,2024-03-08 16:23:00,central,airport,low,30.74,app,0,46,riverside,consumer,2024-10-28 10:21:00,51.1,64.4,app,active,east,fulltime,14,79.1,4.51,morning,1,hybrid,west,2024-08-16 01:10:00,93.8,98472,inrepair,v2.0,1,Riverside Hub,riverside,warehouse,66
DL00923,O00047,D071,V012,H03,2025-11-28 04:59:00,2025-11-28 05:50:08.491873,ontime,19.03,0,0,4.7,16.28,51.141531216666664,2,120,0,0,C0220,medical,2025-11-28 03:02:00,west,north,medium,39.57,app,0,47,south,sme,2025-04-15 05:10:00,44.8,64.0,web,dormant,central,parttime,12,56.7,4.49,evening,1,hybrid,south,2024-04-15 00:26:00,56.2,52021,active,v2.1,1,East Dock,east,warehouse,74
DL00924,O00717,D155,V027,H01,2024-12-12 23:23:00,2024-12-13 02:04:50.318852,ontime,15.39,0,0,4.6,15.3,161.83864753333333,4,240,0,0,C0508,retail,2024-12-12 21:04:00,east,south,low,72.1,web,0,76,east,consumer,2024-09-09 23:52:00,64.2,66.0,app,active,central,parttime,6,69.5,3.98,morning,1,diesel,south,2025-08-12 12:37:00,78.6,51052,inrepair,v2.2,1,North Exchange,north,dispatch,82
DL00925,O00003,D041,V100,H02,2025-09-02 16:59:00,2025-09-03 01:50:39.644673,delayed,13.04,2,0,3.7,13.16,531.66074455,4,240,1,0,C0161,passenger,2025-09-02 14:37:00,west,airport,high,33.5,phone,0,42,north,consumer,2024-06-07 22:41:00,87.1,36.6,app,active,east,parttime,3,88.2,3.67,morning,1,cargovan,east,2024-06-23 11:24:00,60.1,31876,active,v2.0,1,South Link,south,dispatch,78
DL00926,O00574,D031,V046,H03,2024-05-03 03:01:00,2024-05-03 07:58:56.374915,ontime,14.82,2,0,4.64,15.12,297.93958191666667,6,360,0,0,C0110,retail,2024-05-03 02:42:00,riverside,north,medium,59.99,app,0,63,east,consumer,2025-10-20 02:53:00,59.6,59.4,phone,active,north,fulltime,10,91.5,4.03,flexible,1,ev,north,2024-07-11 13:31:00,95.8,101425,active,v1.9,0,East Dock,east,warehouse,74
DL00927,O00335,D152,V077,H01,2024-01-26 03:48:00,2024-01-27 03:24:27.480673,ontime,5.36,0,0,5.0,13.63,1416.4580112166666,24,1440,0,0,C0482,passenger,2024-01-26 03:09:00,north,airport,high,227.61,api,1,73,riverside,enterprise,2025-02-04 23:25:00,74.8,54.1,web,active,north,parttime,5,,4.06,flexible,1,ev,south,2025-04-23 19:27:00,67.6,116877,scheduled,v2.1,1,North Exchange,north,dispatch,82
DL00928,O00100,D023,V101,H05,2025-10-30 22:51:00,2025-10-31 19:39:28.294586,failed,12.72,0,1,3.15,21.6,1248.4715764333334,6,360,1,1,C0300,passenger,2025-10-30 22:16:00,riverside,north,medium,23.64,web,0,37,central,consumer,2025-03-14 08:54:00,65.2,36.6,app,active,east,fulltime,11,79.1,4.16,night,1,hybrid,north,2024-07-10 00:56:00,84.8,106932,inrepair,v2.1,1,Central Core,central,control,88
DL00929,O00935,D033,V090,H05,2024-09-14 12:29:00,2024-09-15 02:01:45.028410,ontime,15.41,0,0,4.51,15.11,812.7504735,12,720,1,0,C0404,parcel,2024-09-14 11:23:00,east,east,high,132.13,phone,1,25,east,consumer,2025-04-02 06:20:00,59.6,72.3,app,active,south,parttime,9,59.8,4.05,night,1,hybrid,west,2024-08-16 01:10:00,93.8,98472,inrepair,v2.0,1,Central Core,central,control,88
DL00930,O00586,D016,V022,H07,2024-03-31 08:04:00,2024-03-31 20:40:39.951924,ontime,9.03,0,0,4.04,9.23,756.6658654,12,720,1,0,C0421,parcel,2024-03-31 07:09:00,central,west,critical,31.49,,0,34,central,consumer,2025-03-16 15:08:00,59.0,51.4,app,active,airport,fulltime,6,81.9,4.31,evening,1,hybrid,south,2025-01-28 20:20:00,89.6,44499,scheduled,v2.1,0,Riverside Hub,riverside,warehouse,66
DL00931,O01171,D006,V062,H08,2024-12-18 03:47:00,2024-12-18 21:24:20.480256,failed,16.08,1,0,2.2,13.75,1057.3413376,6,360,1,1,C0508,passenger,2024-12-18 00:50:00,riverside,ctr,medium,52.73,web,0,76,east,consumer,2024-09-09 23:52:00,64.2,66.0,app,active,central,fulltime,8,78.8,4.38,flexible,1,hybrid,north,2024-02-13 22:26:00,89.9,113343,active,v2.0,0,Midtown Relay,central,charging,63
DL00932,O01225,D080,V082,H04,2025-12-27 03:21:00,2025-12-28 02:38:22.447557,ontime,8.94,0,0,3.18,11.22,1397.37412595,24,1440,0,0,C0074,parcel,2025-12-27 02:59:00,north,ctr,high,165.46,app,1,40,west,sme,2025-08-03 04:34:00,41.6,30.2,app,active,central,fulltime,11,,4.35,flexible,1,ev,ctr,2024-02-03 08:40:00,81.2,81518,active,v2.1,0,West Gate,west,dispatch,69
DL00933,O01133,D032,V009,H02,2025-12-23 12:04:00,2025-12-24 12:43:50.593770,ontime,12.66,1,0,3.83,14.09,1479.8432295,24,1440,1,0,C0318,parcel,2025-12-23 11:34:00,east,west,medium,8.61,phone,0,48,west,consumer,2025-05-09 17:42:00,68.2,71.0,app,dormant,east,parttime,6,81.5,3.99,evening,1,cargovan,south,2025-05-01 08:50:00,68.8,156687,active,v2.1,1,South Link,south,dispatch,78
DL00934,O00775,D071,V080,H02,2024-03-05 11:50:00,2024-03-05 23:29:10.318105,ontime,20.86,0,0,4.35,10.59,699.1719684166667,12,720,0,0,C0068,business,2024-03-05 11:13:00,riverside,central,high,94.46,app,0,46,riverside,consumer,2025-02-12 12:06:00,61.4,66.9,app,active,central,parttime,12,56.7,4.49,evening,1,ev,east,2024-05-27 22:15:00,100.0,68844,active,v1.9,0,South Link,south,dispatch,78
DL00935,O00211,D107,V012,H08,2024-02-14 07:33:00,2024-02-14 20:00:31.291688,failed,32.42,4,0,3.9,14.69,747.5215281333333,6,360,1,1,C0488,business,2024-02-14 06:10:00,airport,east,medium,43.29,app,1,63,west,consumer,2024-02-22 17:09:00,66.5,75.0,web,active,riverside,fulltime,14,57.0,4.82,flexible,1,hybrid,south,2024-04-15 00:26:00,56.2,52021,active,v2.1,1,Midtown Relay,central,charging,63
DL00937,O00001,D047,V090,H01,2024-08-20 16:29:00,2024-08-20 18:52:56.172161,ontime,26.65,2,0,4.29,15.82,143.93620268333333,6,360,0,0,C0292,passenger,2024-08-20 14:43:00,airport,south,medium,126.65,app,0,24,south,consumer,2025-03-02 11:24:00,73.2,57.9,app,active,south,fulltime,7,64.6,4.7,morning,1,hybrid,west,2024-08-16 01:10:00,93.8,98472,inrepair,v2.0,1,North Exchange,north,dispatch,82
DL00938,O01246,D132,V109,H03,2024-04-04 03:20:00,2024-04-04 10:45:58.482629,failed,36.94,0,0,2.58,20.16,445.9747104833333,4,240,1,1,C0198,business,2024-04-04 00:51:00,airport,north,medium,60.45,app,0,53,east,sme,2024-07-29 09:28:00,32.2,51.5,app,active,south,contract,8,77.6,4.2,evening,1,hybrid,airport,2024-10-17 11:15:00,60.6,193552,inrepair,v2.1,1,East Dock,east,warehouse,74
DL00939,O00417,D007,V076,H01,2025-01-10 17:25:00,2025-01-10 21:08:01.948187,ontime,1.2,0,0,4.17,11.3,223.03246978333334,4,240,0,0,C0486,retail,2025-01-10 15:33:00,south,riverside,low,113.56,,0,50,west,enterprise,2025-01-08 14:49:00,52.5,76.4,app,active,north,fulltime,4,92.6,3.94,evening,1,diesel,central,2025-06-19 15:52:00,65.8,106063,inrepair,v1.9,1,North Exchange,north,dispatch,82
DL00940,O00565,D133,V066,H04,2025-07-01 17:56:00,2025-07-01 23:29:07.302926,delayed,16.19,1,0,2.58,7.05,333.12171543333335,1,60,1,0,C0600,parcel,2025-07-01 16:15:00,north,south,low,155.2,phone,0,34,east,consumer,2024-01-07 12:54:00,71.3,74.8,app,active,south,contract,12,88.2,3.99,flexible,1,hybrid,north,2024-04-10 18:00:00,77.7,98535,scheduled,v2.2,0,West Gate,west,dispatch,69
DL00941,O00592,D125,V044,H03,2025-05-06 03:42:00,2025-05-06 06:05:21.290861,ontime,13.31,1,0,3.8,13.15,143.35484768333333,2,120,1,0,C0563,business,2025-05-06 01:31:00,riverside,east,low,220.79,phone,0,51,south,consumer,2024-01-02 23:02:00,99.0,73.9,phone,dormant,north,parttime,15,90.5,4.07,morning,1,ev,airport,2025-02-14 20:35:00,91.8,111243,active,v2.2,0,East Dock,east,warehouse,74
DL00942,O01112,D013,V027,H04,2024-09-24 04:28:00,2024-09-24 12:36:48.346377,failed,12.99,1,0,4.06,16.82,488.80577295,2,120,1,1,C0301,business,2024-09-24 04:10:00,east,west,critical,278.14,app,0,40,riverside,sme,2024-02-19 08:06:00,58.6,68.6,phone,dormant,west,fulltime,11,80.8,4.31,morning,1,diesel,south,2025-08-12 12:37:00,78.6,51052,inrepair,v2.2,1,West Gate,west,dispatch,69
DL00943,O00967,D087,V082,H01,2024-03-17 17:18:00,2024-03-17 22:14:16.038008,ontime,5.06,2,0,4.57,8.9,296.2673001333333,6,360,0,0,C0343,business,2024-03-17 14:40:00,north,west,medium,50.8,app,0,75,central,consumer,2025-04-29 18:31:00,58.3,71.3,web,active,north,contract,13,73.3,4.43,night,1,ev,ctr,2024-02-03 08:40:00,81.2,81518,active,v2.1,0,North Exchange,north,dispatch,82
DL00944,O00336,D009,V067,H06,2024-01-10 06:09:00,2024-01-10 10:20:19.874213,ontime,16.01,2,0,4.04,12.32,251.33123688333333,6,360,0,0,C0115,retail,2024-01-10 04:58:00,west,ctr,critical,108.38,app,0,38,airport,consumer,2025-10-13 10:05:00,69.8,98.5,web,active,airport,fulltime,15,63.4,3.8,night,1,hybrid,ctr,2025-11-15 00:12:00,57.3,176145,active,v2.0,1,Airport Hub,airport,dispatch,71
DL00945,O00197,D075,V074,H03,2025-01-24 05:04:00,2025-01-24 07:26:38.824570,ontime,8.74,1,0,4.39,12.97,142.64707616666666,2,120,1,0,C0420,retail,2025-01-24 04:37:00,north,east,medium,175.96,phone,0,30,north,enterprise,2025-01-30 08:58:00,63.0,79.9,app,active,airport,fulltime,13,99.0,3.62,evening,1,cargovan,east,2025-06-05 03:01:00,62.4,18034,active,v2.1,1,East Dock,east,warehouse,74
DL00947,O01082,D129,V019,H04,2024-10-25 15:52:00,2024-10-26 13:23:40.712696,ontime,10.8,0,0,4.13,11.79,1291.6785449333333,24,1440,0,0,C0530,medical,2024-10-25 13:47:00,riverside,west,medium,43.58,web,0,28,west,sme,2025-05-31 12:41:00,55.9,35.1,partner api,active,north,fulltime,10,64.9,4.18,night,1,diesel,south,2024-10-21 23:22:00,70.4,151460,scheduled,v2.2,0,West Gate,west,dispatch,69
DL00948,O00863,D155,V111,H07,2025-09-17 19:05:00,2025-09-18 04:28:30.370370,ontime,11.02,0,0,4.82,9.38,563.5061728333333,12,720,0,0,C0274,passenger,2025-09-17 18:41:00,riverside,west,low,29.36,phone,0,66,riverside,sme,2025-04-22 14:49:00,66.0,68.3,phone,active,central,parttime,6,69.5,3.98,morning,1,ev,west,2025-11-11 00:21:00,66.3,208147,active,v2.1,1,Riverside Hub,riverside,warehouse,66
DL00949,O01106,D060,V005,H02,2024-02-28 01:58:00,2024-02-28 10:58:31.708981,ontime,11.36,0,0,4.05,20.13,540.5284830166667,12,720,0,0,C0175,business,2024-02-28 00:14:00,east,ctr,medium,22.49,web,0,37,central,consumer,2025-06-08 02:07:00,86.4,56.9,app,active,south,fulltime,4,76.0,4.49,morning,1,cargovan,west,2025-11-15 11:08:00,58.6,146638,active,v2.2,1,South Link,south,dispatch,78
DL00950,O00744,D024,V014,H02,2025-04-23 05:31:00,2025-04-23 09:48:21.154957,ontime,15.82,0,0,3.8,16.73,257.35258261666667,6,360,0,0,C0146,retail,2025-04-23 03:30:00,east,riverside,low,33.49,api,1,20,north,consumer,2024-02-13 03:32:00,99.0,21.7,app,active,riverside,parttime,8,71.4,3.35,evening,1,ev,airport,2025-05-24 12:36:00,100.0,206339,scheduled,v2.0,0,South Link,south,dispatch,78
